=== Android retrace: OpenRA / DirectVulkan (repeat 1/1) ===
C:\Users\geekerwan\AndroidStudioProjects\FoldCraftLauncher\MobileGL-disagg\.trace-work\android-retrace-fixture\OpenRA\openra.trace: 1 file pushed, 0 skipped. 62.9 MB/s (22192645 bytes in 0.337s)
C:\Users\geekerwan\AndroidStudioProjects\FoldCraftLauncher\MobileGL-disagg\tools\trace_replay\fixtures\openra.0000031249.png: 1 file pushed, 0 skipped. 16.3 MB/s (403752 bytes in 0.024s)
Starting: Intent { act=top.mobilegl.plugin.TRACE_REPLAY cmp=top.mobilegl.plugin.p7w1.trace/top.mobilegl.plugin.trace.TraceReplayActivity (has extras) }
{
  "passed": false,
  "statusCode": 6,
  "message": "retrace completed; ssim=0.976494, ssimThreshold=0.990000, mismatchPixels=14658, matchedGoldenPath=/data/user/0/top.mobilegl.plugin.p7w1.trace/files/trace-replay/input/golden.png",
  "tracePath": "/data/user/0/top.mobilegl.plugin.p7w1.trace/files/trace-replay/input/trace.trace",
  "goldenPath": "/data/user/0/top.mobilegl.plugin.p7w1.trace/files/trace-replay/input/golden.png",
  "alternateGoldenPaths": [],
  "matchedGoldenPath": "/data/user/0/top.mobilegl.plugin.p7w1.trace/files/trace-replay/input/golden.png",
  "actualPath": "/data/user/0/top.mobilegl.plugin.p7w1.trace/files/trace-replay/output/actual.png",
  "diffPath": "/data/user/0/top.mobilegl.plugin.p7w1.trace/files/trace-replay/output/OpenRA-diff.png",
  "backend": "DirectVulkan",
  "angleVariant": "",
  "targetFrame": -1,
  "targetCall": 31249,
  "width": 640,
  "height": 480,
  "cropX": 1,
  "cropY": 1,
  "cropWidth": 638,
  "cropHeight": 478,
  "ssim": 0.976493989,
  "ssimThreshold": 0.990000000,
  "useAngle": false,
  "usePbuffer": true,
  "avoidAngleLlvmpipeSamplerMipmapMinFilter": false,
  "avoidAngleLlvmpipeExplicitLodBias": false,
  "fixIterationRPSubgroupScratch": false,
  "deriveNumSubgroups": false,
  "iterationRPFixBarrier": false,
  "holdMs": 0,
  "mismatchPixels": 14658
}
trace-replay-ci.sh: tail of mobilegl.log:
[02:21:18] [Android mgl-srv-apply/INFO]:     VK_QCOM_render_pass_shader_resolve (r.4)
[02:21:18] [Android mgl-srv-apply/INFO]:     VK_KHR_maintenance1 (r.2)
[02:21:18] [Android mgl-srv-apply/INFO]:     VK_KHR_maintenance2 (r.1)
[02:21:18] [Android mgl-srv-apply/INFO]:     VK_KHR_maintenance3 (r.1)
[02:21:18] [Android mgl-srv-apply/INFO]:     VK_KHR_maintenance4 (r.2)
[02:21:18] [Android mgl-srv-apply/INFO]:     VK_KHR_maintenance5 (r.1)
[02:21:18] [Android mgl-srv-apply/INFO]:     VK_KHR_maintenance6 (r.1)
[02:21:18] [Android mgl-srv-apply/INFO]:     VK_KHR_separate_depth_stencil_layouts (r.1)
[02:21:18] [Android mgl-srv-apply/INFO]:     VK_EXT_image_robustness (r.1)
[02:21:18] [Android mgl-srv-apply/INFO]:     VK_EXT_calibrated_timestamps (r.2)
[02:21:18] [Android mgl-srv-apply/INFO]:     VK_KHR_buffer_device_address (r.1)
[02:21:18] [Android mgl-srv-apply/INFO]:     VK_EXT_extended_dynamic_state (r.1)
[02:21:18] [Android mgl-srv-apply/INFO]:     VK_EXT_queue_family_foreign (r.1)
[02:21:18] [Android mgl-srv-apply/INFO]:     VK_KHR_shader_quad_control (r.1)
[02:21:18] [Android mgl-srv-apply/INFO]:     VK_EXT_image_view_min_lod (r.1)
[02:21:18] [Android mgl-srv-apply/INFO]:     VK_ANDROID_external_format_resolve (r.1)
[02:21:18] [Android mgl-srv-apply/INFO]:     VK_QCOM_ycbcr_degamma (r.1)
[02:21:18] [Android mgl-srv-apply/INFO]:     VK_KHR_bind_memory2 (r.1)
[02:21:18] [Android mgl-srv-apply/INFO]:     VK_EXT_pipeline_protected_access (r.1)
[02:21:18] [Android mgl-srv-apply/INFO]:     VK_KHR_external_semaphore (r.1)
[02:21:18] [Android mgl-srv-apply/INFO]:     VK_KHR_shader_terminate_invocation (r.1)
[02:21:18] [Android mgl-srv-apply/INFO]:     VK_QCOM_fragment_density_map_offset (r.2)
[02:21:18] [Android mgl-srv-apply/INFO]:     VK_EXT_scalar_block_layout (r.1)
[02:21:18] [Android mgl-srv-apply/INFO]:     VK_KHR_map_memory2 (r.1)
[02:21:18] [Android mgl-srv-apply/INFO]:     VK_EXT_load_store_op_none (r.1)
[02:21:18] [Android mgl-srv-apply/INFO]:     VK_KHR_load_store_op_none (r.1)
[02:21:18] [Android mgl-srv-apply/INFO]:     VK_KHR_shader_maximal_reconvergence (r.1)
[02:21:18] [Android mgl-srv-apply/INFO]:     VK_KHR_sampler_ycbcr_conversion (r.14)
[02:21:18] [Android mgl-srv-apply/INFO]:     VK_EXT_vertex_attribute_divisor (r.3)
[02:21:18] [Android mgl-srv-apply/INFO]:     VK_KHR_variable_pointers (r.1)
[02:21:18] [Android mgl-srv-apply/INFO]:     VK_QCOM_multiview_per_view_viewports (r.1)
[02:21:18] [Android mgl-srv-apply/INFO]:     VK_KHR_ray_query (r.1)
[02:21:18] [Android mgl-srv-apply/INFO]:     VK_EXT_primitives_generated_query (r.1)
[02:21:18] [Android mgl-srv-apply/INFO]:     VK_KHR_push_descriptor (r.2)
[02:21:18] [Android mgl-srv-apply/INFO]:     VK_KHR_timeline_semaphore (r.2)
[02:21:18] [Android mgl-srv-apply/INFO]:     VK_EXT_device_memory_report (r.2)
[02:21:18] [Android mgl-srv-apply/INFO]:     VK_KHR_shader_subgroup_rotate (r.2)
[02:21:18] [Android mgl-srv-apply/INFO]:     VK_KHR_imageless_framebuffer (r.1)
[02:21:18] [Android mgl-srv-apply/INFO]:     VK_KHR_device_group (r.4)
[02:21:18] [Android mgl-srv-apply/INFO]:     VK_EXT_device_fault (r.2)
[02:21:18] [Android mgl-srv-apply/INFO]:     VK_KHR_relaxed_block_layout (r.1)
[02:21:18] [Android mgl-srv-apply/INFO]:     VK_KHR_shader_expect_assume (r.1)
[02:21:18] [Android mgl-srv-apply/INFO]:     VK_KHR_shader_atomic_int64 (r.1)
[02:21:18] [Android mgl-srv-apply/INFO]:     VK_KHR_external_fence (r.1)
[02:21:18] [Android mgl-srv-apply/INFO]:     VK_KHR_shader_non_semantic_info (r.1)
[02:21:18] [Android mgl-srv-apply/INFO]:     VK_EXT_shader_atomic_float (r.1)
[02:21:18] [Android mgl-srv-apply/INFO]:     VK_EXT_custom_border_color (r.12)
[02:21:18] [Android mgl-srv-apply/INFO]:     VK_EXT_host_query_reset (r.1)
[02:21:18] [Android mgl-srv-apply/INFO]:     VK_EXT_index_type_uint8 (r.1)
[02:21:18] [Android mgl-srv-apply/INFO]:     VK_KHR_multiview (r.1)
[02:21:18] [Android mgl-srv-apply/INFO]:     VK_KHR_storage_buffer_storage_class (r.1)
[02:21:18] [Android mgl-srv-apply/INFO]:     VK_EXT_fragment_density_map2 (r.1)
[02:21:18] [Android mgl-srv-apply/INFO]:     VK_QCOM_filter_cubic_weights (r.1)
[02:21:18] [Android mgl-srv-apply/INFO]:     VK_KHR_workgroup_memory_explicit_layout (r.1)
[02:21:18] [Android mgl-srv-apply/INFO]:     VK_QCOM_rotated_copy_commands (r.2)
[02:21:18] [Android mgl-srv-apply/INFO]:     VK_KHR_shader_subgroup_extended_types (r.1)
[02:21:18] [Android mgl-srv-apply/INFO]:     VK_EXT_external_memory_acquire_unmodified (r.1)
[02:21:18] [Android mgl-srv-apply/INFO]:     VK_EXT_private_data (r.1)
[02:21:18] [Android mgl-srv-apply/INFO]:     VK_EXT_descriptor_buffer (r.1)
[02:21:18] [Android mgl-srv-apply/INFO]:     VK_EXT_conditional_rendering (r.2)
[02:21:18] [Android mgl-srv-apply/INFO]:     VK_EXT_mutable_descriptor_type (r.1)
[02:21:18] [Android mgl-srv-apply/INFO]:     VK_EXT_pipeline_creation_cache_control (r.3)
[02:21:18] [Android mgl-srv-apply/INFO]:     VK_EXT_robustness2 (r.1)
[02:21:18] [Android mgl-srv-apply/INFO]:     VK_KHR_shader_clock (r.1)
[02:21:18] [Android mgl-srv-apply/INFO]:     VK_EXT_shader_module_identifier (r.1)
[02:21:18] [Android mgl-srv-apply/INFO]:     VK_KHR_vertex_attribute_divisor (r.1)
[02:21:18] [Android mgl-srv-apply/INFO]:     VK_EXT_global_priority_query (r.1)
[02:21:18] [Android mgl-srv-apply/INFO]:     VK_EXT_separate_stencil_usage (r.1)
[02:21:18] [Android mgl-srv-apply/INFO]:     VK_EXT_border_color_swizzle (r.1)
[02:21:18] [Android mgl-srv-apply/INFO]:     VK_EXT_vertex_input_dynamic_state (r.2)
[02:21:18] [Android mgl-srv-apply/INFO]:     VK_IMG_filter_cubic (r.1)
[02:21:18] [Android mgl-srv-apply/INFO]:     VK_EXT_filter_cubic (r.3)
[02:21:18] [Android mgl-srv-apply/INFO]:     VK_EXT_shader_subgroup_vote (r.1)
[02:21:18] [Android mgl-srv-apply/INFO]:     VK_EXT_device_address_binding_report (r.1)
[02:21:18] [Android mgl-srv-apply/INFO]:     VK_NV_optical_flow (r.1)
[02:21:18] [Android mgl-srv-apply/INFO]:     VK_QCOM_tile_properties (r.1)
[02:21:18] [Android mgl-srv-apply/INFO]:     VK_KHR_image_format_list (r.1)
[02:21:18] [Android mgl-srv-apply/INFO]:     VK_EXT_sampler_filter_minmax (r.2)
[02:21:18] [Android mgl-srv-apply/INFO]:     VK_KHR_16bit_storage (r.1)
[02:21:18] [Android mgl-srv-apply/INFO]:     VK_EXT_shader_viewport_index_layer (r.1)
[02:21:18] [Android mgl-srv-apply/INFO]:     VK_KHR_pipeline_executable_properties (r.1)
[02:21:18] [Android mgl-srv-apply/INFO]:     VK_EXT_shader_demote_to_helper_invocation (r.1)
[02:21:18] [Android mgl-srv-apply/INFO]:     VK_EXT_color_write_enable (r.1)
[02:21:18] [Android mgl-srv-apply/INFO]:     VK_KHR_dynamic_rendering_local_read (r.1)
[02:21:18] [Android mgl-srv-apply/INFO]:     VK_QCOM_render_pass_transform (r.4)
[02:21:18] [Android mgl-srv-apply/INFO]:     VK_KHR_create_renderpass2 (r.1)
[02:21:18] [Android mgl-srv-apply/INFO]:     VK_EXT_shader_image_atomic_int64 (r.1)
[02:21:18] [Android mgl-srv-apply/INFO]:     VK_KHR_acceleration_structure (r.13)
[02:21:18] [Android mgl-srv-apply/INFO]:     VK_EXT_depth_clip_control (r.1)
[02:21:18] [Android mgl-srv-apply/INFO]:     VK_EXT_transform_feedback (r.1)
[02:21:18] [Android mgl-srv-apply/INFO]:     VK_EXT_blend_operation_advanced (r.2)
[02:21:18] [Android mgl-srv-apply/INFO]:     VK_EXT_provoking_vertex (r.1)
[02:21:18] [Android mgl-srv-apply/INFO]:     VK_KHR_8bit_storage (r.1)
[02:21:18] [Android mgl-srv-apply/INFO]:     VK_QCOM_multiview_per_view_render_areas (r.1)
[02:21:18] [Android mgl-srv-apply/INFO]:     VK_EXT_inline_uniform_block (r.1)
[02:21:18] [Android mgl-srv-apply/INFO]:     VK_EXT_shader_subgroup_ballot (r.1)
[02:21:18] [Android mgl-srv-apply/INFO]:     VK_KHR_depth_stencil_resolve (r.1)
[02:21:18] [Android mgl-srv-apply/INFO]:     VK_KHR_shader_float_controls (r.4)
[02:21:18] [Android mgl-srv-apply/INFO]:     VK_EXT_texture_compression_astc_hdr (r.1)
[02:21:18] [Android mgl-srv-apply/INFO]:     VK_EXT_global_priority (r.2)
[02:21:18] [Android mgl-srv-apply/INFO]:     VK_EXT_4444_formats (r.1)
[02:21:18] [Android mgl-srv-apply/INFO]:     VK_KHR_shader_draw_parameters (r.1)
[02:21:18] [Android mgl-srv-apply/INFO]:     VK_KHR_vulkan_memory_model (r.3)
[02:21:18] [Android mgl-srv-apply/INFO]:     VK_EXT_descriptor_indexing (r.2)
[02:21:18] [Android mgl-srv-apply/INFO]:     VK_EXT_depth_clip_enable (r.1)
[02:21:18] [Android mgl-srv-apply/INFO]:     VK_KHR_synchronization2 (r.1)
[02:21:18] [Android mgl-srv-apply/INFO]:     VK_KHR_shader_integer_dot_product (r.1)
[02:21:18] [Android mgl-srv-apply/INFO]:     VK_EXT_line_rasterization (r.1)
[02:21:18] [Android mgl-srv-apply/INFO]:     VK_KHR_line_rasterization (r.1)
[02:21:18] [Android mgl-srv-apply/INFO]:     VK_QCOM_image_processing (r.1)
[02:21:18] [Android mgl-srv-apply/INFO]:     VK_KHR_shader_float_controls2 (r.1)
[02:21:18] [Android mgl-srv-apply/INFO]:     VK_KHR_fragment_shading_rate (r.2)
[02:21:18] [Android mgl-srv-apply/INFO]:     VK_KHR_descriptor_update_template (r.1)
[02:21:18] [Android mgl-srv-apply/INFO]:     VK_KHR_draw_indirect_count (r.1)
[02:21:18] [Android mgl-srv-apply/INFO]:     VK_KHR_driver_properties (r.1)
[02:21:18] [Android mgl-srv-apply/INFO]:     VK_KHR_ray_tracing_position_fetch (r.1)
[02:21:18] [Android mgl-srv-apply/INFO]:     VK_KHR_dynamic_rendering (r.1)
[02:21:18] [Android mgl-srv-apply/INFO]:     VK_KHR_zero_initialize_workgroup_memory (r.1)
[02:21:18] [Android mgl-srv-apply/INFO]:     VK_KHR_uniform_buffer_standard_layout (r.1)
[02:21:18] [Android mgl-srv-apply/INFO]:     VK_EXT_depth_clamp_zero_one (r.1)
[02:21:18] [Android mgl-srv-apply/INFO]:     VK_ANDROID_external_memory_android_hardware_buffer (r.5)
[02:21:18] [Android mgl-srv-apply/INFO]:     VK_EXT_image_2d_view_of_3d (r.1)
[02:21:18] [Android mgl-srv-apply/INFO]:     VK_EXT_extended_dynamic_state2 (r.1)
[02:21:18] [Android mgl-srv-apply/INFO]:     VK_KHR_dedicated_allocation (r.3)
[02:21:18] [Android mgl-srv-apply/INFO]:     VK_EXT_texel_buffer_alignment (r.1)
[02:21:18] [Android mgl-srv-apply/INFO]:     VK_EXT_primitive_topology_list_restart (r.1)
[02:21:18] [Android mgl-srv-apply/INFO]:     VK_EXT_rasterization_order_attachment_access (r.1)
[02:21:18] [Android mgl-srv-apply/INFO]:     VK_KHR_shader_subgroup_uniform_control_flow (r.1)
[02:21:18] [Android mgl-srv-apply/INFO]:     VK_EXT_tooling_info (r.1)
[02:21:18] [Android mgl-srv-apply/INFO]:     VK_KHR_format_feature_flags2 (r.2)
[02:21:18] [Android mgl-srv-apply/INFO]:     VK_KHR_global_priority (r.1)
[02:21:18] [Android mgl-srv-apply/INFO]:     VK_EXT_sample_locations (r.1)
[02:21:18] [Android mgl-srv-apply/INFO]:     VK_EXT_multi_draw (r.1)
[02:21:18] [Android mgl-srv-apply/INFO]:     VK_KHR_swapchain (r.70)
[02:21:18] [Android mgl-srv-apply/INFO]:     VK_KHR_sampler_mirror_clamp_to_edge (r.3)
[02:21:18] [Android mgl-srv-apply/INFO]:     VK_QCOM_image_processing2 (r.1)
[02:21:18] [Android mgl-srv-apply/INFO]:     VK_KHR_external_fence_fd (r.1)
[02:21:18] [Android mgl-srv-apply/INFO]: Required extension found: VK_KHR_swapchain
[02:21:18] [Android mgl-srv-apply/INFO]:     Picked physical device. (Reason: First suitable device)
[02:21:18] [Android mgl-srv-apply/INFO]: Picked physical device 0.
[02:21:18] [Android mgl-srv-apply/INFO]: Vulkan: multiViewport enabled; rasterizable viewports=16 (device limit 16, GL state width 16)
[02:21:18] [Android mgl-srv-apply/INFO]: Enabled optional device extension: VK_KHR_draw_indirect_count
[02:21:18] [Android mgl-srv-apply/INFO]: Enabled optional device extension: VK_KHR_shader_draw_parameters
[02:21:18] [Android mgl-srv-apply/INFO]: VK_KHR_image_format_list enabled: true
[02:21:18] [Android mgl-srv-apply/INFO]: VK_KHR_draw_indirect_count enabled: true
[02:21:18] [Android mgl-srv-apply/INFO]: Enabled optional device extension: VK_KHR_create_renderpass2
[02:21:18] [Android mgl-srv-apply/INFO]: Enabled optional device extension: VK_KHR_depth_stencil_resolve
[02:21:18] [Android mgl-srv-apply/INFO]: Vulkan: update-after-bind descriptor layouts enabled
[02:21:18] [Android mgl-srv-apply/INFO]: Enabled optional device extension: VK_KHR_index_type_uint8
[02:21:18] [Android mgl-srv-apply/INFO]: Enabled optional device extension: VK_EXT_primitive_topology_list_restart
[02:21:18] [Android mgl-srv-apply/INFO]: Enabled optional device extension: VK_EXT_custom_border_color (maxCustomBorderColorSamplers=4000)
[02:21:18] [Android mgl-srv-apply/INFO]: Enabled optional device extension: VK_EXT_subgroup_size_control (computeFullSubgroups)
[02:21:18] [Android mgl-srv-apply/INFO]: Enabled optional device extension: VK_EXT_transform_feedback
[02:21:18] [Android mgl-srv-apply/INFO]: Enabled optional device extension: VK_EXT_provoking_vertex (transformFeedbackPreservesProvokingVertex=false)
[02:21:18] [Android mgl-srv-apply/INFO]: Enabled optional device extension: VK_EXT_vertex_attribute_divisor
[02:21:18] [Android mgl-srv-apply/INFO]: Enabled optional device extension: VK_EXT_multi_draw (maxMultiDrawCount=1024)
[02:21:18] [Android mgl-srv-apply/INFO]: Device feature support: robustBufferAccess=true geometryShader=true independentBlend=true logicOp=true shaderClipDistance=true shaderCullDistance=true wideLines=true shaderInt64=true vertexStoresAtomics=true fragmentStoresAtomics=true storageImageExtendedFormats=true storageImageReadWithoutFormat=true storageImageWriteWithoutFormat=true drawIndirectFirstInstance=true multiDrawIndirect=true
[02:21:18] [Android mgl-srv-apply/INFO]: Device feature enabled: robustBufferAccess=true geometryShader=true independentBlend=true logicOp=true shaderClipDistance=true shaderCullDistance=true wideLines=true shaderInt64=true vertexStoresAtomics=true fragmentStoresAtomics=true storageImageExtendedFormats=true storageImageReadWithoutFormat=true storageImageWriteWithoutFormat=true drawIndirectFirstInstance=true multiDrawIndirect=true shaderDrawParameters=true
[02:21:18] [Android mgl-srv-apply/INFO]: Multi-draw dispatch tier: ext (VK_EXT_multi_draw=true, multiDrawIndirect=true, mode=auto)
[02:21:18] [Android mgl-srv-apply/INFO]: index type uint8 enabled: true
[02:21:18] [Android mgl-srv-apply/INFO]: Logical device created.
[02:21:18] [Android mgl-srv-apply/INFO]: Queues got successfully.
[02:21:18] [Android mgl-srv-apply/INFO]: Timer queries supported (timestampValidBits=48, timestampPeriod=52.083332 ns/tick)
[02:21:18] [Android mgl-srv-apply/INFO]: PRIMITIVES_GENERATED probe triangles: drawn=1 stream=0/1 pgq=0(0) stat=1(1)
[02:21:18] [Android mgl-srv-apply/INFO]: PRIMITIVES_GENERATED probe triangles+discard: drawn=1 stream=0/1 pgq=0(0) stat=0(1)
[02:21:18] [Android mgl-srv-apply/INFO]: PRIMITIVES_GENERATED probe patches+discard: drawn=1 stream=0/1 pgq=0(0) stat=0(1)
[02:21:18] [Android mgl-srv-apply/INFO]: PRIMITIVES_GENERATED for XFB-inactive draws will accumulate through a clipping-invocations pipeline-statistics pool
[02:21:18] [Android mgl-srv-apply/INFO]: Command pool created
[02:21:18] [Android mgl-srv-apply/INFO]: MaxFramesInFlight: configured request=3
[02:21:18] [Android mgl-srv-apply/INFO]: MaxFramesInFlight: using 3 (surface minImageCount=11, maxImageCount=64)
[02:21:18] [Android mgl-srv-apply/INFO]: CreateFrameContexts completed
[02:21:18] [Android mgl-srv-apply/INFO]: DirectVulkan: using 256 program descriptor bindings
[02:21:18] [Android mgl-srv-apply/INFO]: Got 5 surface formats:
[02:21:18] [Android mgl-srv-apply/INFO]: Picked surface format: [VK_FORMAT_R8G8B8A8_UNORM, VK_COLOR_SPACE_SRGB_NONLINEAR_KHR]
[02:21:18] [Android mgl-srv-apply/INFO]: Got 4 present modes:
[02:21:18] [Android mgl-srv-apply/INFO]: Picked present mode: VK_PRESENT_MODE_MAILBOX_KHR
[02:21:18] [Android mgl-srv-apply/INFO]: Set minImageCount = 11
[02:21:18] [Android mgl-srv-apply/INFO]: Swapchain currentTransform = VK_SURFACE_TRANSFORM_IDENTITY_BIT_KHR
[02:21:18] [Android mgl-srv-apply/INFO]: Swapchain imageUsage = 0x13 (supportedUsageFlags = 0x9f)
[02:21:18] [Android mgl-srv-apply/INFO]: Set swapchain preTransform = VK_SURFACE_TRANSFORM_IDENTITY_BIT_KHR
[02:21:18] [Android mgl-srv-apply/INFO]: Swapchain image views created
[02:21:18] [Android mgl-srv-apply/INFO]: Swapchain created, extent = 640x480, swapchain imageCount = 11
[02:21:18] [Android mgl-srv-apply/INFO]: DirectVulkan: suppressing depth writes on accumulation-blended pipelines (driver lacks cross-pipeline position invariance)
[02:21:18] [Android mgl-srv-apply/INFO]: Vulkan shader subgroup support: detected=true advertised=true size=64 stages=0x30 operations=0x2bf
[02:21:18] [Android mgl-srv-apply/INFO]: DirectVulkan: clamped GL_MAX_COMPUTE_SHADER_STORAGE_BLOCKS from 16777216 to 256
[02:21:18] [Android mgl-srv-apply/INFO]: DirectVulkan: clamped GL_MAX_COMBINED_SHADER_STORAGE_BLOCKS from 16777216 to 256
[02:21:18] [Android mgl-srv-apply/INFO]: DirectVulkan: clamped GL_MAX_COMPUTE_UNIFORM_BLOCKS from 16777216 to 256
[02:21:18] [Android mgl-srv-apply/INFO]: DirectVulkan: clamped GL_MAX_SHADER_STORAGE_BUFFER_BINDINGS from 16777216 to 256
[02:21:18] [Android mgl-srv-apply/INFO]: DirectVulkan: clamped GL_MAX_UNIFORM_BUFFER_BINDINGS from 16777216 to 256
[02:21:18] [Android mgl-srv-apply/INFO]: DirectVulkan: clamped GL_MAX_SHADER_STORAGE_BLOCK_SIZE from 2147483647 to 536870912
[02:21:18] [Android mgl-srv-apply/INFO]: Vulkan shader subgroup support: detected=true advertised=true size=64 stages=0x30 operations=0x2bf
[02:21:18] [Android mgl-srv-apply/INFO]: DirectVulkan: clamped GL_MAX_COMPUTE_SHADER_STORAGE_BLOCKS from 16777216 to 256
[02:21:18] [Android mgl-srv-apply/INFO]: DirectVulkan: clamped GL_MAX_COMBINED_SHADER_STORAGE_BLOCKS from 16777216 to 256
[02:21:18] [Android mgl-srv-apply/INFO]: DirectVulkan: clamped GL_MAX_COMPUTE_UNIFORM_BLOCKS from 16777216 to 256
[02:21:18] [Android mgl-srv-apply/INFO]: DirectVulkan: clamped GL_MAX_SHADER_STORAGE_BUFFER_BINDINGS from 16777216 to 256
[02:21:18] [Android mgl-srv-apply/INFO]: DirectVulkan: clamped GL_MAX_UNIFORM_BUFFER_BINDINGS from 16777216 to 256
[02:21:18] [Android mgl-srv-apply/INFO]: DirectVulkan: clamped GL_MAX_SHADER_STORAGE_BLOCK_SIZE from 2147483647 to 536870912
[02:21:18] [Android mgl-srv-apply/ERROR]: ProgramFactory: handing vkCreateShaderModule an INVALID module for program 2 stage 4 - a backend transform after the clip/XFB fixups broke it (The result pointer storage class and base pointer storage class in OpAccessChain do not match.
  %100 = OpAccessChain %_ptr_Input_float %151 %uint_2
)
trace replay failed: {'passed': False, 'statusCode': 6, 'message': 'retrace completed; ssim=0.976494, ssimThreshold=0.990000, mismatchPixels=14658, matchedGoldenPath=/data/user/0/top.mobilegl.plugin.p7w1.trace/files/trace-replay/input/golden.png', 'tracePath': '/data/user/0/top.mobilegl.plugin.p7w1.trace/files/trace-replay/input/trace.trace', 'goldenPath': '/data/user/0/top.mobilegl.plugin.p7w1.trace/files/trace-replay/input/golden.png', 'alternateGoldenPaths': [], 'matchedGoldenPath': '/data/user/0/top.mobilegl.plugin.p7w1.trace/files/trace-replay/input/golden.png', 'actualPath': '/data/user/0/top.mobilegl.plugin.p7w1.trace/files/trace-replay/output/actual.png', 'diffPath': '/data/user/0/top.mobilegl.plugin.p7w1.trace/files/trace-replay/output/OpenRA-diff.png', 'backend': 'DirectVulkan', 'angleVariant': '', 'targetFrame': -1, 'targetCall': 31249, 'width': 640, 'height': 480, 'cropX': 1, 'cropY': 1, 'cropWidth': 638, 'cropHeight': 478, 'ssim': 0.976493989, 'ssimThreshold': 0.99, 'useAngle': False, 'usePbuffer': True, 'avoidAngleLlvmpipeSamplerMipmapMinFilter': False, 'avoidAngleLlvmpipeExplicitLodBias': False, 'fixIterationRPSubgroupScratch': False, 'deriveNumSubgroups': False, 'iterationRPFixBarrier': False, 'holdMs': 0, 'mismatchPixels': 14658}
archived repeat 1 to .trace-work\p7w1\E0a-inproc\OpenRA-DirectVulkan\repeat-01
C:\Users\geekerwan\AndroidStudioProjects\FoldCraftLauncher\MobileGL-disagg\.trace-work\android-retrace-summary\mobilegl-android-retrace-overview.html
=== Android retrace: minecraft-1.21.4-startup / DirectVulkan (repeat 1/1) ===
C:\Users\geekerwan\AndroidStudioProjects\FoldCraftLauncher\MobileGL-disagg\.trace-work\android-retrace-fixture\minecraft-1.21.4-startup\trace.trace: 1 file pushed, 0 skipped. 28.7 MB/s (11177350 bytes in 0.372s)
C:\Users\geekerwan\AndroidStudioProjects\FoldCraftLauncher\MobileGL-disagg\tools\trace_replay\fixtures\minecraft-1.21.4-startup.0000092195.png: 1 file pushed, 0 skipped. 95.5 MB/s (17687 bytes in 0.000s)
Starting: Intent { act=top.mobilegl.plugin.TRACE_REPLAY cmp=top.mobilegl.plugin.p7w1.trace/top.mobilegl.plugin.trace.TraceReplayActivity (has extras) }
{
  "passed": true,
  "statusCode": 0,
  "message": "retrace completed; ssim=1.000000, ssimThreshold=0.990000, mismatchPixels=520, matchedGoldenPath=/data/user/0/top.mobilegl.plugin.p7w1.trace/files/trace-replay/input/golden.png",
  "tracePath": "/data/user/0/top.mobilegl.plugin.p7w1.trace/files/trace-replay/input/trace.trace",
  "goldenPath": "/data/user/0/top.mobilegl.plugin.p7w1.trace/files/trace-replay/input/golden.png",
  "alternateGoldenPaths": [],
  "matchedGoldenPath": "/data/user/0/top.mobilegl.plugin.p7w1.trace/files/trace-replay/input/golden.png",
  "actualPath": "/data/user/0/top.mobilegl.plugin.p7w1.trace/files/trace-replay/output/actual.png",
  "diffPath": "/data/user/0/top.mobilegl.plugin.p7w1.trace/files/trace-replay/output/minecraft-1.21.4-startup-diff.png",
  "backend": "DirectVulkan",
  "angleVariant": "",
  "targetFrame": -1,
  "targetCall": 92195,
  "width": 854,
  "height": 480,
  "cropX": 0,
  "cropY": 0,
  "cropWidth": 0,
  "cropHeight": 0,
  "ssim": 0.999999511,
  "ssimThreshold": 0.990000000,
  "useAngle": false,
  "usePbuffer": true,
  "avoidAngleLlvmpipeSamplerMipmapMinFilter": false,
  "avoidAngleLlvmpipeExplicitLodBias": false,
  "fixIterationRPSubgroupScratch": false,
  "deriveNumSubgroups": false,
  "iterationRPFixBarrier": false,
  "holdMs": 0,
  "mismatchPixels": 520
}
Android retrace: real inproc transport, strict role state and zero Fatal records confirmed
archived repeat 1 to .trace-work\p7w1\E0a-inproc\minecraft-1.21.4-startup-DirectVulkan\repeat-01
C:\Users\geekerwan\AndroidStudioProjects\FoldCraftLauncher\MobileGL-disagg\.trace-work\android-retrace-summary\mobilegl-android-retrace-overview.html
=== Android retrace: minecraft-1.21.4-main-menu / DirectVulkan (repeat 1/1) ===
C:\Users\geekerwan\AndroidStudioProjects\FoldCraftLauncher\MobileGL-disagg\.trace-work\android-retrace-fixture\minecraft-1.21.4-main-menu\trace.trace: 1 file pushed, 0 skipped. 33.6 MB/s (41461943 bytes in 1.175s)
C:\Users\geekerwan\AndroidStudioProjects\FoldCraftLauncher\MobileGL-disagg\tools\trace_replay\fixtures\minecraft-1.21.4-main-menu.0000481787.png: 1 file pushed, 0 skipped. 18.1 MB/s (412167 bytes in 0.022s)
C:\Users\geekerwan\AndroidStudioProjects\FoldCraftLauncher\MobileGL-disagg\tools\trace_replay\fixtures\minecraft-1.21.4-main-menu.0000481787-mali.png: 1 file pushed, 0 skipped. 16.2 MB/s (374621 bytes in 0.022s)
Starting: Intent { act=top.mobilegl.plugin.TRACE_REPLAY cmp=top.mobilegl.plugin.p7w1.trace/top.mobilegl.plugin.trace.TraceReplayActivity (has extras) }
{
  "passed": true,
  "statusCode": 0,
  "message": "retrace completed; ssim=0.999696, ssimThreshold=0.990000, mismatchPixels=1197, matchedGoldenPath=/data/user/0/top.mobilegl.plugin.p7w1.trace/files/trace-replay/input/golden.png",
  "tracePath": "/data/user/0/top.mobilegl.plugin.p7w1.trace/files/trace-replay/input/trace.trace",
  "goldenPath": "/data/user/0/top.mobilegl.plugin.p7w1.trace/files/trace-replay/input/golden.png",
  "alternateGoldenPaths": ["/data/user/0/top.mobilegl.plugin.p7w1.trace/files/trace-replay/input/alternate-golden.png"],
  "matchedGoldenPath": "/data/user/0/top.mobilegl.plugin.p7w1.trace/files/trace-replay/input/golden.png",
  "actualPath": "/data/user/0/top.mobilegl.plugin.p7w1.trace/files/trace-replay/output/actual.png",
  "diffPath": "/data/user/0/top.mobilegl.plugin.p7w1.trace/files/trace-replay/output/minecraft-1.21.4-main-menu-diff.png",
  "backend": "DirectVulkan",
  "angleVariant": "",
  "targetFrame": -1,
  "targetCall": 481787,
  "width": 854,
  "height": 480,
  "cropX": 0,
  "cropY": 0,
  "cropWidth": 0,
  "cropHeight": 0,
  "ssim": 0.999696483,
  "ssimThreshold": 0.990000000,
  "useAngle": false,
  "usePbuffer": true,
  "avoidAngleLlvmpipeSamplerMipmapMinFilter": false,
  "avoidAngleLlvmpipeExplicitLodBias": false,
  "fixIterationRPSubgroupScratch": false,
  "deriveNumSubgroups": false,
  "iterationRPFixBarrier": false,
  "holdMs": 0,
  "mismatchPixels": 1197
}
Android retrace: real inproc transport, strict role state and zero Fatal records confirmed
archived repeat 1 to .trace-work\p7w1\E0a-inproc\minecraft-1.21.4-main-menu-DirectVulkan\repeat-01
C:\Users\geekerwan\AndroidStudioProjects\FoldCraftLauncher\MobileGL-disagg\.trace-work\android-retrace-summary\mobilegl-android-retrace-overview.html
=== Android retrace: minecraft-1.21.11-main-menu / DirectVulkan (repeat 1/1) ===
C:\Users\geekerwan\AndroidStudioProjects\FoldCraftLauncher\MobileGL-disagg\.trace-work\android-retrace-fixture\minecraft-1.21.11-main-menu\trace.trace: 1 file pushed, 0 skipped. 15.6 MB/s (7407705 bytes in 0.453s)
C:\Users\geekerwan\AndroidStudioProjects\FoldCraftLauncher\MobileGL-disagg\tools\trace_replay\fixtures\minecraft-1.21.11-main-menu.0000205347.png: 1 file pushed, 0 skipped. 16.8 MB/s (340727 bytes in 0.019s)
Starting: Intent { act=top.mobilegl.plugin.TRACE_REPLAY cmp=top.mobilegl.plugin.p7w1.trace/top.mobilegl.plugin.trace.TraceReplayActivity (has extras) }
{
  "passed": false,
  "statusCode": 6,
  "message": "retrace completed; ssim=0.164984, ssimThreshold=0.990000, mismatchPixels=188576, matchedGoldenPath=/data/user/0/top.mobilegl.plugin.p7w1.trace/files/trace-replay/input/golden.png",
  "tracePath": "/data/user/0/top.mobilegl.plugin.p7w1.trace/files/trace-replay/input/trace.trace",
  "goldenPath": "/data/user/0/top.mobilegl.plugin.p7w1.trace/files/trace-replay/input/golden.png",
  "alternateGoldenPaths": [],
  "matchedGoldenPath": "/data/user/0/top.mobilegl.plugin.p7w1.trace/files/trace-replay/input/golden.png",
  "actualPath": "/data/user/0/top.mobilegl.plugin.p7w1.trace/files/trace-replay/output/actual.png",
  "diffPath": "/data/user/0/top.mobilegl.plugin.p7w1.trace/files/trace-replay/output/minecraft-1.21.11-main-menu-diff.png",
  "backend": "DirectVulkan",
  "angleVariant": "",
  "targetFrame": -1,
  "targetCall": 205347,
  "width": 854,
  "height": 480,
  "cropX": 0,
  "cropY": 0,
  "cropWidth": 0,
  "cropHeight": 0,
  "ssim": 0.164983727,
  "ssimThreshold": 0.990000000,
  "useAngle": false,
  "usePbuffer": true,
  "avoidAngleLlvmpipeSamplerMipmapMinFilter": false,
  "avoidAngleLlvmpipeExplicitLodBias": false,
  "fixIterationRPSubgroupScratch": false,
  "deriveNumSubgroups": false,
  "iterationRPFixBarrier": false,
  "holdMs": 0,
  "mismatchPixels": 188576
}
trace-replay-ci.sh: tail of retrace.log:
/system/bin/app_process64
trace-replay-ci.sh: tail of mobilegl.log:
[02:21:35] [Android mgl-srv-apply/INFO]:     VK_KHR_external_memory_fd (r.1)
[02:21:35] [Android mgl-srv-apply/INFO]:     VK_QCOM_render_pass_shader_resolve (r.4)
[02:21:35] [Android mgl-srv-apply/INFO]:     VK_KHR_maintenance1 (r.2)
[02:21:35] [Android mgl-srv-apply/INFO]:     VK_KHR_maintenance2 (r.1)
[02:21:35] [Android mgl-srv-apply/INFO]:     VK_KHR_maintenance3 (r.1)
[02:21:35] [Android mgl-srv-apply/INFO]:     VK_KHR_maintenance4 (r.2)
[02:21:35] [Android mgl-srv-apply/INFO]:     VK_KHR_maintenance5 (r.1)
[02:21:35] [Android mgl-srv-apply/INFO]:     VK_KHR_maintenance6 (r.1)
[02:21:35] [Android mgl-srv-apply/INFO]:     VK_KHR_separate_depth_stencil_layouts (r.1)
[02:21:35] [Android mgl-srv-apply/INFO]:     VK_EXT_image_robustness (r.1)
[02:21:35] [Android mgl-srv-apply/INFO]:     VK_EXT_calibrated_timestamps (r.2)
[02:21:35] [Android mgl-srv-apply/INFO]:     VK_KHR_buffer_device_address (r.1)
[02:21:35] [Android mgl-srv-apply/INFO]:     VK_EXT_extended_dynamic_state (r.1)
[02:21:35] [Android mgl-srv-apply/INFO]:     VK_EXT_queue_family_foreign (r.1)
[02:21:35] [Android mgl-srv-apply/INFO]:     VK_KHR_shader_quad_control (r.1)
[02:21:35] [Android mgl-srv-apply/INFO]:     VK_EXT_image_view_min_lod (r.1)
[02:21:35] [Android mgl-srv-apply/INFO]:     VK_ANDROID_external_format_resolve (r.1)
[02:21:35] [Android mgl-srv-apply/INFO]:     VK_QCOM_ycbcr_degamma (r.1)
[02:21:35] [Android mgl-srv-apply/INFO]:     VK_KHR_bind_memory2 (r.1)
[02:21:35] [Android mgl-srv-apply/INFO]:     VK_EXT_pipeline_protected_access (r.1)
[02:21:35] [Android mgl-srv-apply/INFO]:     VK_KHR_external_semaphore (r.1)
[02:21:35] [Android mgl-srv-apply/INFO]:     VK_KHR_shader_terminate_invocation (r.1)
[02:21:35] [Android mgl-srv-apply/INFO]:     VK_QCOM_fragment_density_map_offset (r.2)
[02:21:35] [Android mgl-srv-apply/INFO]:     VK_EXT_scalar_block_layout (r.1)
[02:21:35] [Android mgl-srv-apply/INFO]:     VK_KHR_map_memory2 (r.1)
[02:21:35] [Android mgl-srv-apply/INFO]:     VK_EXT_load_store_op_none (r.1)
[02:21:35] [Android mgl-srv-apply/INFO]:     VK_KHR_load_store_op_none (r.1)
[02:21:35] [Android mgl-srv-apply/INFO]:     VK_KHR_shader_maximal_reconvergence (r.1)
[02:21:35] [Android mgl-srv-apply/INFO]:     VK_KHR_sampler_ycbcr_conversion (r.14)
[02:21:35] [Android mgl-srv-apply/INFO]:     VK_EXT_vertex_attribute_divisor (r.3)
[02:21:35] [Android mgl-srv-apply/INFO]:     VK_KHR_variable_pointers (r.1)
[02:21:35] [Android mgl-srv-apply/INFO]:     VK_QCOM_multiview_per_view_viewports (r.1)
[02:21:35] [Android mgl-srv-apply/INFO]:     VK_KHR_ray_query (r.1)
[02:21:35] [Android mgl-srv-apply/INFO]:     VK_EXT_primitives_generated_query (r.1)
[02:21:35] [Android mgl-srv-apply/INFO]:     VK_KHR_push_descriptor (r.2)
[02:21:35] [Android mgl-srv-apply/INFO]:     VK_KHR_timeline_semaphore (r.2)
[02:21:35] [Android mgl-srv-apply/INFO]:     VK_EXT_device_memory_report (r.2)
[02:21:35] [Android mgl-srv-apply/INFO]:     VK_KHR_shader_subgroup_rotate (r.2)
[02:21:35] [Android mgl-srv-apply/INFO]:     VK_KHR_imageless_framebuffer (r.1)
[02:21:35] [Android mgl-srv-apply/INFO]:     VK_KHR_device_group (r.4)
[02:21:35] [Android mgl-srv-apply/INFO]:     VK_EXT_device_fault (r.2)
[02:21:35] [Android mgl-srv-apply/INFO]:     VK_KHR_relaxed_block_layout (r.1)
[02:21:35] [Android mgl-srv-apply/INFO]:     VK_KHR_shader_expect_assume (r.1)
[02:21:35] [Android mgl-srv-apply/INFO]:     VK_KHR_shader_atomic_int64 (r.1)
[02:21:35] [Android mgl-srv-apply/INFO]:     VK_KHR_external_fence (r.1)
[02:21:35] [Android mgl-srv-apply/INFO]:     VK_KHR_shader_non_semantic_info (r.1)
[02:21:35] [Android mgl-srv-apply/INFO]:     VK_EXT_shader_atomic_float (r.1)
[02:21:35] [Android mgl-srv-apply/INFO]:     VK_EXT_custom_border_color (r.12)
[02:21:35] [Android mgl-srv-apply/INFO]:     VK_EXT_host_query_reset (r.1)
[02:21:35] [Android mgl-srv-apply/INFO]:     VK_EXT_index_type_uint8 (r.1)
[02:21:35] [Android mgl-srv-apply/INFO]:     VK_KHR_multiview (r.1)
[02:21:35] [Android mgl-srv-apply/INFO]:     VK_KHR_storage_buffer_storage_class (r.1)
[02:21:35] [Android mgl-srv-apply/INFO]:     VK_EXT_fragment_density_map2 (r.1)
[02:21:35] [Android mgl-srv-apply/INFO]:     VK_QCOM_filter_cubic_weights (r.1)
[02:21:35] [Android mgl-srv-apply/INFO]:     VK_KHR_workgroup_memory_explicit_layout (r.1)
[02:21:35] [Android mgl-srv-apply/INFO]:     VK_QCOM_rotated_copy_commands (r.2)
[02:21:35] [Android mgl-srv-apply/INFO]:     VK_KHR_shader_subgroup_extended_types (r.1)
[02:21:35] [Android mgl-srv-apply/INFO]:     VK_EXT_external_memory_acquire_unmodified (r.1)
[02:21:35] [Android mgl-srv-apply/INFO]:     VK_EXT_private_data (r.1)
[02:21:35] [Android mgl-srv-apply/INFO]:     VK_EXT_descriptor_buffer (r.1)
[02:21:35] [Android mgl-srv-apply/INFO]:     VK_EXT_conditional_rendering (r.2)
[02:21:35] [Android mgl-srv-apply/INFO]:     VK_EXT_mutable_descriptor_type (r.1)
[02:21:35] [Android mgl-srv-apply/INFO]:     VK_EXT_pipeline_creation_cache_control (r.3)
[02:21:35] [Android mgl-srv-apply/INFO]:     VK_EXT_robustness2 (r.1)
[02:21:35] [Android mgl-srv-apply/INFO]:     VK_KHR_shader_clock (r.1)
[02:21:35] [Android mgl-srv-apply/INFO]:     VK_EXT_shader_module_identifier (r.1)
[02:21:35] [Android mgl-srv-apply/INFO]:     VK_KHR_vertex_attribute_divisor (r.1)
[02:21:35] [Android mgl-srv-apply/INFO]:     VK_EXT_global_priority_query (r.1)
[02:21:35] [Android mgl-srv-apply/INFO]:     VK_EXT_separate_stencil_usage (r.1)
[02:21:35] [Android mgl-srv-apply/INFO]:     VK_EXT_border_color_swizzle (r.1)
[02:21:35] [Android mgl-srv-apply/INFO]:     VK_EXT_vertex_input_dynamic_state (r.2)
[02:21:35] [Android mgl-srv-apply/INFO]:     VK_IMG_filter_cubic (r.1)
[02:21:35] [Android mgl-srv-apply/INFO]:     VK_EXT_filter_cubic (r.3)
[02:21:35] [Android mgl-srv-apply/INFO]:     VK_EXT_shader_subgroup_vote (r.1)
[02:21:35] [Android mgl-srv-apply/INFO]:     VK_EXT_device_address_binding_report (r.1)
[02:21:35] [Android mgl-srv-apply/INFO]:     VK_NV_optical_flow (r.1)
[02:21:35] [Android mgl-srv-apply/INFO]:     VK_QCOM_tile_properties (r.1)
[02:21:35] [Android mgl-srv-apply/INFO]:     VK_KHR_image_format_list (r.1)
[02:21:35] [Android mgl-srv-apply/INFO]:     VK_EXT_sampler_filter_minmax (r.2)
[02:21:35] [Android mgl-srv-apply/INFO]:     VK_KHR_16bit_storage (r.1)
[02:21:35] [Android mgl-srv-apply/INFO]:     VK_EXT_shader_viewport_index_layer (r.1)
[02:21:35] [Android mgl-srv-apply/INFO]:     VK_KHR_pipeline_executable_properties (r.1)
[02:21:35] [Android mgl-srv-apply/INFO]:     VK_EXT_shader_demote_to_helper_invocation (r.1)
[02:21:35] [Android mgl-srv-apply/INFO]:     VK_EXT_color_write_enable (r.1)
[02:21:35] [Android mgl-srv-apply/INFO]:     VK_KHR_dynamic_rendering_local_read (r.1)
[02:21:35] [Android mgl-srv-apply/INFO]:     VK_QCOM_render_pass_transform (r.4)
[02:21:35] [Android mgl-srv-apply/INFO]:     VK_KHR_create_renderpass2 (r.1)
[02:21:35] [Android mgl-srv-apply/INFO]:     VK_EXT_shader_image_atomic_int64 (r.1)
[02:21:35] [Android mgl-srv-apply/INFO]:     VK_KHR_acceleration_structure (r.13)
[02:21:35] [Android mgl-srv-apply/INFO]:     VK_EXT_depth_clip_control (r.1)
[02:21:35] [Android mgl-srv-apply/INFO]:     VK_EXT_transform_feedback (r.1)
[02:21:35] [Android mgl-srv-apply/INFO]:     VK_EXT_blend_operation_advanced (r.2)
[02:21:35] [Android mgl-srv-apply/INFO]:     VK_EXT_provoking_vertex (r.1)
[02:21:35] [Android mgl-srv-apply/INFO]:     VK_KHR_8bit_storage (r.1)
[02:21:35] [Android mgl-srv-apply/INFO]:     VK_QCOM_multiview_per_view_render_areas (r.1)
[02:21:35] [Android mgl-srv-apply/INFO]:     VK_EXT_inline_uniform_block (r.1)
[02:21:35] [Android mgl-srv-apply/INFO]:     VK_EXT_shader_subgroup_ballot (r.1)
[02:21:35] [Android mgl-srv-apply/INFO]:     VK_KHR_depth_stencil_resolve (r.1)
[02:21:35] [Android mgl-srv-apply/INFO]:     VK_KHR_shader_float_controls (r.4)
[02:21:35] [Android mgl-srv-apply/INFO]:     VK_EXT_texture_compression_astc_hdr (r.1)
[02:21:35] [Android mgl-srv-apply/INFO]:     VK_EXT_global_priority (r.2)
[02:21:35] [Android mgl-srv-apply/INFO]:     VK_EXT_4444_formats (r.1)
[02:21:35] [Android mgl-srv-apply/INFO]:     VK_KHR_shader_draw_parameters (r.1)
[02:21:35] [Android mgl-srv-apply/INFO]:     VK_KHR_vulkan_memory_model (r.3)
[02:21:35] [Android mgl-srv-apply/INFO]:     VK_EXT_descriptor_indexing (r.2)
[02:21:35] [Android mgl-srv-apply/INFO]:     VK_EXT_depth_clip_enable (r.1)
[02:21:35] [Android mgl-srv-apply/INFO]:     VK_KHR_synchronization2 (r.1)
[02:21:35] [Android mgl-srv-apply/INFO]:     VK_KHR_shader_integer_dot_product (r.1)
[02:21:35] [Android mgl-srv-apply/INFO]:     VK_EXT_line_rasterization (r.1)
[02:21:35] [Android mgl-srv-apply/INFO]:     VK_KHR_line_rasterization (r.1)
[02:21:35] [Android mgl-srv-apply/INFO]:     VK_QCOM_image_processing (r.1)
[02:21:35] [Android mgl-srv-apply/INFO]:     VK_KHR_shader_float_controls2 (r.1)
[02:21:35] [Android mgl-srv-apply/INFO]:     VK_KHR_fragment_shading_rate (r.2)
[02:21:35] [Android mgl-srv-apply/INFO]:     VK_KHR_descriptor_update_template (r.1)
[02:21:35] [Android mgl-srv-apply/INFO]:     VK_KHR_draw_indirect_count (r.1)
[02:21:35] [Android mgl-srv-apply/INFO]:     VK_KHR_driver_properties (r.1)
[02:21:35] [Android mgl-srv-apply/INFO]:     VK_KHR_ray_tracing_position_fetch (r.1)
[02:21:35] [Android mgl-srv-apply/INFO]:     VK_KHR_dynamic_rendering (r.1)
[02:21:35] [Android mgl-srv-apply/INFO]:     VK_KHR_zero_initialize_workgroup_memory (r.1)
[02:21:35] [Android mgl-srv-apply/INFO]:     VK_KHR_uniform_buffer_standard_layout (r.1)
[02:21:35] [Android mgl-srv-apply/INFO]:     VK_EXT_depth_clamp_zero_one (r.1)
[02:21:35] [Android mgl-srv-apply/INFO]:     VK_ANDROID_external_memory_android_hardware_buffer (r.5)
[02:21:35] [Android mgl-srv-apply/INFO]:     VK_EXT_image_2d_view_of_3d (r.1)
[02:21:35] [Android mgl-srv-apply/INFO]:     VK_EXT_extended_dynamic_state2 (r.1)
[02:21:35] [Android mgl-srv-apply/INFO]:     VK_KHR_dedicated_allocation (r.3)
[02:21:35] [Android mgl-srv-apply/INFO]:     VK_EXT_texel_buffer_alignment (r.1)
[02:21:35] [Android mgl-srv-apply/INFO]:     VK_EXT_primitive_topology_list_restart (r.1)
[02:21:35] [Android mgl-srv-apply/INFO]:     VK_EXT_rasterization_order_attachment_access (r.1)
[02:21:35] [Android mgl-srv-apply/INFO]:     VK_KHR_shader_subgroup_uniform_control_flow (r.1)
[02:21:35] [Android mgl-srv-apply/INFO]:     VK_EXT_tooling_info (r.1)
[02:21:35] [Android mgl-srv-apply/INFO]:     VK_KHR_format_feature_flags2 (r.2)
[02:21:35] [Android mgl-srv-apply/INFO]:     VK_KHR_global_priority (r.1)
[02:21:35] [Android mgl-srv-apply/INFO]:     VK_EXT_sample_locations (r.1)
[02:21:35] [Android mgl-srv-apply/INFO]:     VK_EXT_multi_draw (r.1)
[02:21:35] [Android mgl-srv-apply/INFO]:     VK_KHR_swapchain (r.70)
[02:21:35] [Android mgl-srv-apply/INFO]:     VK_KHR_sampler_mirror_clamp_to_edge (r.3)
[02:21:35] [Android mgl-srv-apply/INFO]:     VK_QCOM_image_processing2 (r.1)
[02:21:35] [Android mgl-srv-apply/INFO]:     VK_KHR_external_fence_fd (r.1)
[02:21:35] [Android mgl-srv-apply/INFO]: Required extension found: VK_KHR_swapchain
[02:21:35] [Android mgl-srv-apply/INFO]:     Picked physical device. (Reason: First suitable device)
[02:21:35] [Android mgl-srv-apply/INFO]: Picked physical device 0.
[02:21:35] [Android mgl-srv-apply/INFO]: Vulkan: multiViewport enabled; rasterizable viewports=16 (device limit 16, GL state width 16)
[02:21:35] [Android mgl-srv-apply/INFO]: Enabled optional device extension: VK_KHR_draw_indirect_count
[02:21:35] [Android mgl-srv-apply/INFO]: Enabled optional device extension: VK_KHR_shader_draw_parameters
[02:21:35] [Android mgl-srv-apply/INFO]: VK_KHR_image_format_list enabled: true
[02:21:35] [Android mgl-srv-apply/INFO]: VK_KHR_draw_indirect_count enabled: true
[02:21:35] [Android mgl-srv-apply/INFO]: Enabled optional device extension: VK_KHR_create_renderpass2
[02:21:35] [Android mgl-srv-apply/INFO]: Enabled optional device extension: VK_KHR_depth_stencil_resolve
[02:21:35] [Android mgl-srv-apply/INFO]: Vulkan: update-after-bind descriptor layouts enabled
[02:21:35] [Android mgl-srv-apply/INFO]: Enabled optional device extension: VK_KHR_index_type_uint8
[02:21:35] [Android mgl-srv-apply/INFO]: Enabled optional device extension: VK_EXT_primitive_topology_list_restart
[02:21:35] [Android mgl-srv-apply/INFO]: Enabled optional device extension: VK_EXT_custom_border_color (maxCustomBorderColorSamplers=4000)
[02:21:35] [Android mgl-srv-apply/INFO]: Enabled optional device extension: VK_EXT_subgroup_size_control (computeFullSubgroups)
[02:21:35] [Android mgl-srv-apply/INFO]: Enabled optional device extension: VK_EXT_transform_feedback
[02:21:35] [Android mgl-srv-apply/INFO]: Enabled optional device extension: VK_EXT_provoking_vertex (transformFeedbackPreservesProvokingVertex=false)
[02:21:35] [Android mgl-srv-apply/INFO]: Enabled optional device extension: VK_EXT_vertex_attribute_divisor
[02:21:35] [Android mgl-srv-apply/INFO]: Enabled optional device extension: VK_EXT_multi_draw (maxMultiDrawCount=1024)
[02:21:35] [Android mgl-srv-apply/INFO]: Device feature support: robustBufferAccess=true geometryShader=true independentBlend=true logicOp=true shaderClipDistance=true shaderCullDistance=true wideLines=true shaderInt64=true vertexStoresAtomics=true fragmentStoresAtomics=true storageImageExtendedFormats=true storageImageReadWithoutFormat=true storageImageWriteWithoutFormat=true drawIndirectFirstInstance=true multiDrawIndirect=true
[02:21:35] [Android mgl-srv-apply/INFO]: Device feature enabled: robustBufferAccess=true geometryShader=true independentBlend=true logicOp=true shaderClipDistance=true shaderCullDistance=true wideLines=true shaderInt64=true vertexStoresAtomics=true fragmentStoresAtomics=true storageImageExtendedFormats=true storageImageReadWithoutFormat=true storageImageWriteWithoutFormat=true drawIndirectFirstInstance=true multiDrawIndirect=true shaderDrawParameters=true
[02:21:35] [Android mgl-srv-apply/INFO]: Multi-draw dispatch tier: ext (VK_EXT_multi_draw=true, multiDrawIndirect=true, mode=auto)
[02:21:35] [Android mgl-srv-apply/INFO]: index type uint8 enabled: true
[02:21:35] [Android mgl-srv-apply/INFO]: Logical device created.
[02:21:35] [Android mgl-srv-apply/INFO]: Queues got successfully.
[02:21:35] [Android mgl-srv-apply/INFO]: Timer queries supported (timestampValidBits=48, timestampPeriod=52.083332 ns/tick)
[02:21:35] [Android mgl-srv-apply/INFO]: PRIMITIVES_GENERATED probe triangles: drawn=1 stream=0/1 pgq=0(0) stat=1(1)
[02:21:35] [Android mgl-srv-apply/INFO]: PRIMITIVES_GENERATED probe triangles+discard: drawn=1 stream=0/1 pgq=0(0) stat=0(1)
[02:21:35] [Android mgl-srv-apply/INFO]: PRIMITIVES_GENERATED probe patches+discard: drawn=1 stream=0/1 pgq=0(0) stat=0(1)
[02:21:35] [Android mgl-srv-apply/INFO]: PRIMITIVES_GENERATED for XFB-inactive draws will accumulate through a clipping-invocations pipeline-statistics pool
[02:21:35] [Android mgl-srv-apply/INFO]: Command pool created
[02:21:35] [Android mgl-srv-apply/INFO]: MaxFramesInFlight: configured request=3
[02:21:35] [Android mgl-srv-apply/INFO]: MaxFramesInFlight: using 3 (surface minImageCount=11, maxImageCount=64)
[02:21:35] [Android mgl-srv-apply/INFO]: CreateFrameContexts completed
[02:21:35] [Android mgl-srv-apply/INFO]: DirectVulkan: using 256 program descriptor bindings
[02:21:35] [Android mgl-srv-apply/INFO]: Got 5 surface formats:
[02:21:35] [Android mgl-srv-apply/INFO]: Picked surface format: [VK_FORMAT_R8G8B8A8_UNORM, VK_COLOR_SPACE_SRGB_NONLINEAR_KHR]
[02:21:35] [Android mgl-srv-apply/INFO]: Got 4 present modes:
[02:21:35] [Android mgl-srv-apply/INFO]: Picked present mode: VK_PRESENT_MODE_MAILBOX_KHR
[02:21:35] [Android mgl-srv-apply/INFO]: Set minImageCount = 11
[02:21:35] [Android mgl-srv-apply/INFO]: Swapchain currentTransform = VK_SURFACE_TRANSFORM_IDENTITY_BIT_KHR
[02:21:35] [Android mgl-srv-apply/INFO]: Swapchain imageUsage = 0x13 (supportedUsageFlags = 0x9f)
[02:21:35] [Android mgl-srv-apply/INFO]: Set swapchain preTransform = VK_SURFACE_TRANSFORM_IDENTITY_BIT_KHR
[02:21:35] [Android mgl-srv-apply/INFO]: Swapchain image views created
[02:21:35] [Android mgl-srv-apply/INFO]: Swapchain created, extent = 854x480, swapchain imageCount = 11
[02:21:35] [Android mgl-srv-apply/INFO]: DirectVulkan: suppressing depth writes on accumulation-blended pipelines (driver lacks cross-pipeline position invariance)
[02:21:35] [Android mgl-srv-apply/INFO]: Vulkan shader subgroup support: detected=true advertised=true size=64 stages=0x30 operations=0x2bf
[02:21:35] [Android mgl-srv-apply/INFO]: DirectVulkan: clamped GL_MAX_COMPUTE_SHADER_STORAGE_BLOCKS from 16777216 to 256
[02:21:35] [Android mgl-srv-apply/INFO]: DirectVulkan: clamped GL_MAX_COMBINED_SHADER_STORAGE_BLOCKS from 16777216 to 256
[02:21:35] [Android mgl-srv-apply/INFO]: DirectVulkan: clamped GL_MAX_COMPUTE_UNIFORM_BLOCKS from 16777216 to 256
[02:21:35] [Android mgl-srv-apply/INFO]: DirectVulkan: clamped GL_MAX_SHADER_STORAGE_BUFFER_BINDINGS from 16777216 to 256
[02:21:35] [Android mgl-srv-apply/INFO]: DirectVulkan: clamped GL_MAX_UNIFORM_BUFFER_BINDINGS from 16777216 to 256
[02:21:35] [Android mgl-srv-apply/INFO]: DirectVulkan: clamped GL_MAX_SHADER_STORAGE_BLOCK_SIZE from 2147483647 to 536870912
[02:21:35] [Android mgl-srv-apply/ERROR]: NormalizePixelFormat: outFormat: unhandled internalFormat: GL_STENCIL_INDEX8
[02:21:35] [Android mgl-srv-apply/ERROR]: NormalizePixelFormat: outType: unhandled internalFormat: GL_STENCIL_INDEX8
[02:21:35] [Android mgl-srv-apply/INFO]: Vulkan shader subgroup support: detected=true advertised=true size=64 stages=0x30 operations=0x2bf
[02:21:35] [Android mgl-srv-apply/INFO]: DirectVulkan: clamped GL_MAX_COMPUTE_SHADER_STORAGE_BLOCKS from 16777216 to 256
[02:21:35] [Android mgl-srv-apply/INFO]: DirectVulkan: clamped GL_MAX_COMBINED_SHADER_STORAGE_BLOCKS from 16777216 to 256
[02:21:35] [Android mgl-srv-apply/INFO]: DirectVulkan: clamped GL_MAX_COMPUTE_UNIFORM_BLOCKS from 16777216 to 256
[02:21:35] [Android mgl-srv-apply/INFO]: DirectVulkan: clamped GL_MAX_SHADER_STORAGE_BUFFER_BINDINGS from 16777216 to 256
[02:21:35] [Android mgl-srv-apply/INFO]: DirectVulkan: clamped GL_MAX_UNIFORM_BUFFER_BINDINGS from 16777216 to 256
[02:21:35] [Android mgl-srv-apply/INFO]: DirectVulkan: clamped GL_MAX_SHADER_STORAGE_BLOCK_SIZE from 2147483647 to 536870912
trace replay failed: {'passed': False, 'statusCode': 6, 'message': 'retrace completed; ssim=0.164984, ssimThreshold=0.990000, mismatchPixels=188576, matchedGoldenPath=/data/user/0/top.mobilegl.plugin.p7w1.trace/files/trace-replay/input/golden.png', 'tracePath': '/data/user/0/top.mobilegl.plugin.p7w1.trace/files/trace-replay/input/trace.trace', 'goldenPath': '/data/user/0/top.mobilegl.plugin.p7w1.trace/files/trace-replay/input/golden.png', 'alternateGoldenPaths': [], 'matchedGoldenPath': '/data/user/0/top.mobilegl.plugin.p7w1.trace/files/trace-replay/input/golden.png', 'actualPath': '/data/user/0/top.mobilegl.plugin.p7w1.trace/files/trace-replay/output/actual.png', 'diffPath': '/data/user/0/top.mobilegl.plugin.p7w1.trace/files/trace-replay/output/minecraft-1.21.11-main-menu-diff.png', 'backend': 'DirectVulkan', 'angleVariant': '', 'targetFrame': -1, 'targetCall': 205347, 'width': 854, 'height': 480, 'cropX': 0, 'cropY': 0, 'cropWidth': 0, 'cropHeight': 0, 'ssim': 0.164983727, 'ssimThreshold': 0.99, 'useAngle': False, 'usePbuffer': True, 'avoidAngleLlvmpipeSamplerMipmapMinFilter': False, 'avoidAngleLlvmpipeExplicitLodBias': False, 'fixIterationRPSubgroupScratch': False, 'deriveNumSubgroups': False, 'iterationRPFixBarrier': False, 'holdMs': 0, 'mismatchPixels': 188576}
archived repeat 1 to .trace-work\p7w1\E0a-inproc\minecraft-1.21.11-main-menu-DirectVulkan\repeat-01
C:\Users\geekerwan\AndroidStudioProjects\FoldCraftLauncher\MobileGL-disagg\.trace-work\android-retrace-summary\mobilegl-android-retrace-overview.html
=== Android retrace: minecraft-1.17-main-menu-854 / DirectVulkan (repeat 1/1) ===
C:\Users\geekerwan\AndroidStudioProjects\FoldCraftLauncher\MobileGL-disagg\.trace-work\android-retrace-fixture\minecraft-1.17-main-menu-854\trace.trace: 1 file pushed, 0 skipped. 29.7 MB/s (16947395 bytes in 0.544s)
C:\Users\geekerwan\AndroidStudioProjects\FoldCraftLauncher\MobileGL-disagg\tools\trace_replay\fixtures\minecraft-1.17-main-menu-854.0000117757.png: 1 file pushed, 0 skipped. 19.3 MB/s (443389 bytes in 0.022s)
Starting: Intent { act=top.mobilegl.plugin.TRACE_REPLAY cmp=top.mobilegl.plugin.p7w1.trace/top.mobilegl.plugin.trace.TraceReplayActivity (has extras) }
{
  "passed": true,
  "statusCode": 0,
  "message": "retrace completed; ssim=0.999991, ssimThreshold=0.990000, mismatchPixels=329, matchedGoldenPath=/data/user/0/top.mobilegl.plugin.p7w1.trace/files/trace-replay/input/golden.png",
  "tracePath": "/data/user/0/top.mobilegl.plugin.p7w1.trace/files/trace-replay/input/trace.trace",
  "goldenPath": "/data/user/0/top.mobilegl.plugin.p7w1.trace/files/trace-replay/input/golden.png",
  "alternateGoldenPaths": [],
  "matchedGoldenPath": "/data/user/0/top.mobilegl.plugin.p7w1.trace/files/trace-replay/input/golden.png",
  "actualPath": "/data/user/0/top.mobilegl.plugin.p7w1.trace/files/trace-replay/output/actual.png",
  "diffPath": "/data/user/0/top.mobilegl.plugin.p7w1.trace/files/trace-replay/output/minecraft-1.17-main-menu-854-diff.png",
  "backend": "DirectVulkan",
  "angleVariant": "",
  "targetFrame": -1,
  "targetCall": 117757,
  "width": 854,
  "height": 480,
  "cropX": 0,
  "cropY": 0,
  "cropWidth": 0,
  "cropHeight": 0,
  "ssim": 0.999990914,
  "ssimThreshold": 0.990000000,
  "useAngle": false,
  "usePbuffer": true,
  "avoidAngleLlvmpipeSamplerMipmapMinFilter": false,
  "avoidAngleLlvmpipeExplicitLodBias": false,
  "fixIterationRPSubgroupScratch": false,
  "deriveNumSubgroups": false,
  "iterationRPFixBarrier": false,
  "holdMs": 0,
  "mismatchPixels": 329
}
Android retrace: real inproc transport, strict role state and zero Fatal records confirmed
archived repeat 1 to .trace-work\p7w1\E0a-inproc\minecraft-1.17-main-menu-854-DirectVulkan\repeat-01
C:\Users\geekerwan\AndroidStudioProjects\FoldCraftLauncher\MobileGL-disagg\.trace-work\android-retrace-summary\mobilegl-android-retrace-overview.html
=== Android retrace: minecraft-1.21.4-in-world / DirectVulkan (repeat 1/1) ===
C:\Users\geekerwan\AndroidStudioProjects\FoldCraftLauncher\MobileGL-disagg\.trace-work\android-retrace-fixture\minecraft-1.21.4-in-world\trace.trace: 1 file pushed, 0 skipped. 60.4 MB/s (48692730 bytes in 0.768s)
C:\Users\geekerwan\AndroidStudioProjects\FoldCraftLauncher\MobileGL-disagg\tools\trace_replay\fixtures\minecraft-1.21.4-in-world.0000280000.png: 1 file pushed, 0 skipped. 25.0 MB/s (296445 bytes in 0.011s)
Starting: Intent { act=top.mobilegl.plugin.TRACE_REPLAY cmp=top.mobilegl.plugin.p7w1.trace/top.mobilegl.plugin.trace.TraceReplayActivity (has extras) }
{
  "passed": true,
  "statusCode": 0,
  "message": "retrace completed; ssim=0.999996, ssimThreshold=0.990000, mismatchPixels=27574, matchedGoldenPath=/data/user/0/top.mobilegl.plugin.p7w1.trace/files/trace-replay/input/golden.png",
  "tracePath": "/data/user/0/top.mobilegl.plugin.p7w1.trace/files/trace-replay/input/trace.trace",
  "goldenPath": "/data/user/0/top.mobilegl.plugin.p7w1.trace/files/trace-replay/input/golden.png",
  "alternateGoldenPaths": [],
  "matchedGoldenPath": "/data/user/0/top.mobilegl.plugin.p7w1.trace/files/trace-replay/input/golden.png",
  "actualPath": "/data/user/0/top.mobilegl.plugin.p7w1.trace/files/trace-replay/output/actual.png",
  "diffPath": "/data/user/0/top.mobilegl.plugin.p7w1.trace/files/trace-replay/output/minecraft-1.21.4-in-world-diff.png",
  "backend": "DirectVulkan",
  "angleVariant": "",
  "targetFrame": -1,
  "targetCall": 280000,
  "width": 854,
  "height": 480,
  "cropX": 0,
  "cropY": 0,
  "cropWidth": 0,
  "cropHeight": 0,
  "ssim": 0.999995585,
  "ssimThreshold": 0.990000000,
  "useAngle": false,
  "usePbuffer": true,
  "avoidAngleLlvmpipeSamplerMipmapMinFilter": false,
  "avoidAngleLlvmpipeExplicitLodBias": false,
  "fixIterationRPSubgroupScratch": false,
  "deriveNumSubgroups": false,
  "iterationRPFixBarrier": false,
  "holdMs": 0,
  "mismatchPixels": 27574
}
Android retrace: real inproc transport, strict role state and zero Fatal records confirmed
archived repeat 1 to .trace-work\p7w1\E0a-inproc\minecraft-1.21.4-in-world-DirectVulkan\repeat-01
C:\Users\geekerwan\AndroidStudioProjects\FoldCraftLauncher\MobileGL-disagg\.trace-work\android-retrace-summary\mobilegl-android-retrace-overview.html
=== Android retrace: minecraft-1.21.4-fabric-sodium-in-world / DirectVulkan (repeat 1/1) ===
C:\Users\geekerwan\AndroidStudioProjects\FoldCraftLauncher\MobileGL-disagg\.trace-work\android-retrace-fixture\minecraft-1.21.4-fabric-sodium-in-world\trace.trace: 1 file pushed, 0 skipped. 44.1 MB/s (30953189 bytes in 0.669s)
C:\Users\geekerwan\AndroidStudioProjects\FoldCraftLauncher\MobileGL-disagg\tools\trace_replay\fixtures\minecraft-1.21.4-fabric-sodium-in-world.0000923340.png: 1 file pushed, 0 skipped. 7.1 MB/s (174433 bytes in 0.023s)
Starting: Intent { act=top.mobilegl.plugin.TRACE_REPLAY cmp=top.mobilegl.plugin.p7w1.trace/top.mobilegl.plugin.trace.TraceReplayActivity (has extras) }
{
  "passed": true,
  "statusCode": 0,
  "message": "retrace completed; ssim=0.999994, ssimThreshold=0.990000, mismatchPixels=29858, matchedGoldenPath=/data/user/0/top.mobilegl.plugin.p7w1.trace/files/trace-replay/input/golden.png",
  "tracePath": "/data/user/0/top.mobilegl.plugin.p7w1.trace/files/trace-replay/input/trace.trace",
  "goldenPath": "/data/user/0/top.mobilegl.plugin.p7w1.trace/files/trace-replay/input/golden.png",
  "alternateGoldenPaths": [],
  "matchedGoldenPath": "/data/user/0/top.mobilegl.plugin.p7w1.trace/files/trace-replay/input/golden.png",
  "actualPath": "/data/user/0/top.mobilegl.plugin.p7w1.trace/files/trace-replay/output/actual.png",
  "diffPath": "/data/user/0/top.mobilegl.plugin.p7w1.trace/files/trace-replay/output/minecraft-1.21.4-fabric-sodium-in-world-diff.png",
  "backend": "DirectVulkan",
  "angleVariant": "",
  "targetFrame": -1,
  "targetCall": 923340,
  "width": 854,
  "height": 480,
  "cropX": 0,
  "cropY": 0,
  "cropWidth": 0,
  "cropHeight": 0,
  "ssim": 0.999993791,
  "ssimThreshold": 0.990000000,
  "useAngle": false,
  "usePbuffer": true,
  "avoidAngleLlvmpipeSamplerMipmapMinFilter": false,
  "avoidAngleLlvmpipeExplicitLodBias": false,
  "fixIterationRPSubgroupScratch": false,
  "deriveNumSubgroups": false,
  "iterationRPFixBarrier": false,
  "holdMs": 0,
  "mismatchPixels": 29858
}
Android retrace: real inproc transport, strict role state and zero Fatal records confirmed
archived repeat 1 to .trace-work\p7w1\E0a-inproc\minecraft-1.21.4-fabric-sodium-in-world-DirectVulkan\repeat-01
C:\Users\geekerwan\AndroidStudioProjects\FoldCraftLauncher\MobileGL-disagg\.trace-work\android-retrace-summary\mobilegl-android-retrace-overview.html
=== Android retrace: minecraft-1.21.4-fabric-common-mods-in-world / DirectVulkan (repeat 1/1) ===
C:\Users\geekerwan\AndroidStudioProjects\FoldCraftLauncher\MobileGL-disagg\.trace-work\android-retrace-fixture\minecraft-1.21.4-fabric-common-mods-in-world\trace.trace: 1 file pushed, 0 skipped. 37.5 MB/s (32447725 bytes in 0.825s)
C:\Users\geekerwan\AndroidStudioProjects\FoldCraftLauncher\MobileGL-disagg\tools\trace_replay\fixtures\minecraft-1.21.4-fabric-common-mods-in-world.0000522084.png: 1 file pushed, 0 skipped. 11.9 MB/s (327206 bytes in 0.026s)
Starting: Intent { act=top.mobilegl.plugin.TRACE_REPLAY cmp=top.mobilegl.plugin.p7w1.trace/top.mobilegl.plugin.trace.TraceReplayActivity (has extras) }
{
  "passed": true,
  "statusCode": 0,
  "message": "retrace completed; ssim=0.999870, ssimThreshold=0.990000, mismatchPixels=79678, matchedGoldenPath=/data/user/0/top.mobilegl.plugin.p7w1.trace/files/trace-replay/input/golden.png",
  "tracePath": "/data/user/0/top.mobilegl.plugin.p7w1.trace/files/trace-replay/input/trace.trace",
  "goldenPath": "/data/user/0/top.mobilegl.plugin.p7w1.trace/files/trace-replay/input/golden.png",
  "alternateGoldenPaths": [],
  "matchedGoldenPath": "/data/user/0/top.mobilegl.plugin.p7w1.trace/files/trace-replay/input/golden.png",
  "actualPath": "/data/user/0/top.mobilegl.plugin.p7w1.trace/files/trace-replay/output/actual.png",
  "diffPath": "/data/user/0/top.mobilegl.plugin.p7w1.trace/files/trace-replay/output/minecraft-1.21.4-fabric-common-mods-in-world-diff.png",
  "backend": "DirectVulkan",
  "angleVariant": "",
  "targetFrame": -1,
  "targetCall": 522084,
  "width": 854,
  "height": 480,
  "cropX": 0,
  "cropY": 0,
  "cropWidth": 0,
  "cropHeight": 0,
  "ssim": 0.999869631,
  "ssimThreshold": 0.990000000,
  "useAngle": false,
  "usePbuffer": true,
  "avoidAngleLlvmpipeSamplerMipmapMinFilter": false,
  "avoidAngleLlvmpipeExplicitLodBias": false,
  "fixIterationRPSubgroupScratch": false,
  "deriveNumSubgroups": false,
  "iterationRPFixBarrier": false,
  "holdMs": 0,
  "mismatchPixels": 79678
}
Android retrace: real inproc transport, strict role state and zero Fatal records confirmed
archived repeat 1 to .trace-work\p7w1\E0a-inproc\minecraft-1.21.4-fabric-common-mods-in-world-DirectVulkan\repeat-01
C:\Users\geekerwan\AndroidStudioProjects\FoldCraftLauncher\MobileGL-disagg\.trace-work\android-retrace-summary\mobilegl-android-retrace-overview.html
=== Android retrace: minecraft-1.21.4-fabric-common-mods-inventory / DirectVulkan (repeat 1/1) ===
C:\Users\geekerwan\AndroidStudioProjects\FoldCraftLauncher\MobileGL-disagg\.trace-work\android-retrace-fixture\minecraft-1.21.4-fabric-common-mods-inventory\trace.trace: 1 file pushed, 0 skipped. 44.6 MB/s (41882318 bytes in 0.896s)
C:\Users\geekerwan\AndroidStudioProjects\FoldCraftLauncher\MobileGL-disagg\tools\trace_replay\fixtures\minecraft-1.21.4-fabric-common-mods-inventory.0000728558.png: 1 file pushed, 0 skipped. 20.9 MB/s (250887 bytes in 0.011s)
Starting: Intent { act=top.mobilegl.plugin.TRACE_REPLAY cmp=top.mobilegl.plugin.p7w1.trace/top.mobilegl.plugin.trace.TraceReplayActivity (has extras) }
{
  "passed": true,
  "statusCode": 0,
  "message": "retrace completed; ssim=0.999994, ssimThreshold=0.990000, mismatchPixels=24846, matchedGoldenPath=/data/user/0/top.mobilegl.plugin.p7w1.trace/files/trace-replay/input/golden.png",
  "tracePath": "/data/user/0/top.mobilegl.plugin.p7w1.trace/files/trace-replay/input/trace.trace",
  "goldenPath": "/data/user/0/top.mobilegl.plugin.p7w1.trace/files/trace-replay/input/golden.png",
  "alternateGoldenPaths": [],
  "matchedGoldenPath": "/data/user/0/top.mobilegl.plugin.p7w1.trace/files/trace-replay/input/golden.png",
  "actualPath": "/data/user/0/top.mobilegl.plugin.p7w1.trace/files/trace-replay/output/actual.png",
  "diffPath": "/data/user/0/top.mobilegl.plugin.p7w1.trace/files/trace-replay/output/minecraft-1.21.4-fabric-common-mods-inventory-diff.png",
  "backend": "DirectVulkan",
  "angleVariant": "",
  "targetFrame": -1,
  "targetCall": 728558,
  "width": 854,
  "height": 480,
  "cropX": 0,
  "cropY": 0,
  "cropWidth": 0,
  "cropHeight": 0,
  "ssim": 0.999994284,
  "ssimThreshold": 0.990000000,
  "useAngle": false,
  "usePbuffer": true,
  "avoidAngleLlvmpipeSamplerMipmapMinFilter": false,
  "avoidAngleLlvmpipeExplicitLodBias": false,
  "fixIterationRPSubgroupScratch": false,
  "deriveNumSubgroups": false,
  "iterationRPFixBarrier": false,
  "holdMs": 0,
  "mismatchPixels": 24846
}
Android retrace: real inproc transport, strict role state and zero Fatal records confirmed
archived repeat 1 to .trace-work\p7w1\E0a-inproc\minecraft-1.21.4-fabric-common-mods-inventory-DirectVulkan\repeat-01
C:\Users\geekerwan\AndroidStudioProjects\FoldCraftLauncher\MobileGL-disagg\.trace-work\android-retrace-summary\mobilegl-android-retrace-overview.html
=== Android retrace: minecraft-1.21.4-fabric-rei-inventory / DirectVulkan (repeat 1/1) ===
C:\Users\geekerwan\AndroidStudioProjects\FoldCraftLauncher\MobileGL-disagg\.trace-work\android-retrace-fixture\minecraft-1.21.4-fabric-rei-inventory\trace.trace: 1 file pushed, 0 skipped. 122.5 MB/s (197879451 bytes in 1.540s)
C:\Users\geekerwan\AndroidStudioProjects\FoldCraftLauncher\MobileGL-disagg\tools\trace_replay\fixtures\minecraft-1.21.4-fabric-rei-inventory.0005431826.png: 1 file pushed, 0 skipped. 22.3 MB/s (176731 bytes in 0.008s)
Starting: Intent { act=top.mobilegl.plugin.TRACE_REPLAY cmp=top.mobilegl.plugin.p7w1.trace/top.mobilegl.plugin.trace.TraceReplayActivity (has extras) }
{
  "passed": true,
  "statusCode": 0,
  "message": "retrace completed; ssim=0.999998, ssimThreshold=0.990000, mismatchPixels=19107, matchedGoldenPath=/data/user/0/top.mobilegl.plugin.p7w1.trace/files/trace-replay/input/golden.png",
  "tracePath": "/data/user/0/top.mobilegl.plugin.p7w1.trace/files/trace-replay/input/trace.trace",
  "goldenPath": "/data/user/0/top.mobilegl.plugin.p7w1.trace/files/trace-replay/input/golden.png",
  "alternateGoldenPaths": [],
  "matchedGoldenPath": "/data/user/0/top.mobilegl.plugin.p7w1.trace/files/trace-replay/input/golden.png",
  "actualPath": "/data/user/0/top.mobilegl.plugin.p7w1.trace/files/trace-replay/output/actual.png",
  "diffPath": "/data/user/0/top.mobilegl.plugin.p7w1.trace/files/trace-replay/output/minecraft-1.21.4-fabric-rei-inventory-diff.png",
  "backend": "DirectVulkan",
  "angleVariant": "",
  "targetFrame": -1,
  "targetCall": 5431826,
  "width": 854,
  "height": 480,
  "cropX": 0,
  "cropY": 0,
  "cropWidth": 0,
  "cropHeight": 0,
  "ssim": 0.999997568,
  "ssimThreshold": 0.990000000,
  "useAngle": false,
  "usePbuffer": true,
  "avoidAngleLlvmpipeSamplerMipmapMinFilter": false,
  "avoidAngleLlvmpipeExplicitLodBias": false,
  "fixIterationRPSubgroupScratch": false,
  "deriveNumSubgroups": false,
  "iterationRPFixBarrier": false,
  "holdMs": 0,
  "mismatchPixels": 19107
}
Android retrace: real inproc transport, strict role state and zero Fatal records confirmed
archived repeat 1 to .trace-work\p7w1\E0a-inproc\minecraft-1.21.4-fabric-rei-inventory-DirectVulkan\repeat-01
C:\Users\geekerwan\AndroidStudioProjects\FoldCraftLauncher\MobileGL-disagg\.trace-work\android-retrace-summary\mobilegl-android-retrace-overview.html
=== Android retrace: minecraft-1.21.4-fabric-xaero-minimap-in-world / DirectVulkan (repeat 1/1) ===
C:\Users\geekerwan\AndroidStudioProjects\FoldCraftLauncher\MobileGL-disagg\.trace-work\android-retrace-fixture\minecraft-1.21.4-fabric-xaero-minimap-in-world\trace.trace: 1 file pushed, 0 skipped. 85.9 MB/s (68409532 bytes in 0.759s)
C:\Users\geekerwan\AndroidStudioProjects\FoldCraftLauncher\MobileGL-disagg\tools\trace_replay\fixtures\minecraft-1.21.4-fabric-xaero-minimap-in-world.0002553500.png: 1 file pushed, 0 skipped. 136.6 MB/s (110300 bytes in 0.001s)
Starting: Intent { act=top.mobilegl.plugin.TRACE_REPLAY cmp=top.mobilegl.plugin.p7w1.trace/top.mobilegl.plugin.trace.TraceReplayActivity (has extras) }
{
  "passed": true,
  "statusCode": 0,
  "message": "retrace completed; ssim=0.999999, ssimThreshold=0.990000, mismatchPixels=170, matchedGoldenPath=/data/user/0/top.mobilegl.plugin.p7w1.trace/files/trace-replay/input/golden.png",
  "tracePath": "/data/user/0/top.mobilegl.plugin.p7w1.trace/files/trace-replay/input/trace.trace",
  "goldenPath": "/data/user/0/top.mobilegl.plugin.p7w1.trace/files/trace-replay/input/golden.png",
  "alternateGoldenPaths": [],
  "matchedGoldenPath": "/data/user/0/top.mobilegl.plugin.p7w1.trace/files/trace-replay/input/golden.png",
  "actualPath": "/data/user/0/top.mobilegl.plugin.p7w1.trace/files/trace-replay/output/actual.png",
  "diffPath": "/data/user/0/top.mobilegl.plugin.p7w1.trace/files/trace-replay/output/minecraft-1.21.4-fabric-xaero-minimap-in-world-diff.png",
  "backend": "DirectVulkan",
  "angleVariant": "",
  "targetFrame": -1,
  "targetCall": 2553500,
  "width": 854,
  "height": 480,
  "cropX": 0,
  "cropY": 10,
  "cropWidth": 140,
  "cropHeight": 158,
  "ssim": 0.999999407,
  "ssimThreshold": 0.990000000,
  "useAngle": false,
  "usePbuffer": true,
  "avoidAngleLlvmpipeSamplerMipmapMinFilter": false,
  "avoidAngleLlvmpipeExplicitLodBias": false,
  "fixIterationRPSubgroupScratch": false,
  "deriveNumSubgroups": false,
  "iterationRPFixBarrier": false,
  "holdMs": 0,
  "mismatchPixels": 170
}
Android retrace: real inproc transport, strict role state and zero Fatal records confirmed
archived repeat 1 to .trace-work\p7w1\E0a-inproc\minecraft-1.21.4-fabric-xaero-minimap-in-world-DirectVulkan\repeat-01
C:\Users\geekerwan\AndroidStudioProjects\FoldCraftLauncher\MobileGL-disagg\.trace-work\android-retrace-summary\mobilegl-android-retrace-overview.html
=== Android retrace: minecraft-1.21.4-fabric-xaero-world-map-in-world / DirectVulkan (repeat 1/1) ===
C:\Users\geekerwan\AndroidStudioProjects\FoldCraftLauncher\MobileGL-disagg\.trace-work\android-retrace-fixture\minecraft-1.21.4-fabric-xaero-world-map-in-world\trace.trace: 1 file pushed, 0 skipped. 58.0 MB/s (36840479 bytes in 0.606s)
C:\Users\geekerwan\AndroidStudioProjects\FoldCraftLauncher\MobileGL-disagg\tools\trace_replay\fixtures\minecraft-1.21.4-fabric-xaero-world-map-in-world.0001598209.png: 1 file pushed, 0 skipped. 68.7 MB/s (12516 bytes in 0.000s)
Starting: Intent { act=top.mobilegl.plugin.TRACE_REPLAY cmp=top.mobilegl.plugin.p7w1.trace/top.mobilegl.plugin.trace.TraceReplayActivity (has extras) }
{
  "passed": true,
  "statusCode": 0,
  "message": "retrace completed; ssim=1.000000, ssimThreshold=0.990000, mismatchPixels=181, matchedGoldenPath=/data/user/0/top.mobilegl.plugin.p7w1.trace/files/trace-replay/input/golden.png",
  "tracePath": "/data/user/0/top.mobilegl.plugin.p7w1.trace/files/trace-replay/input/trace.trace",
  "goldenPath": "/data/user/0/top.mobilegl.plugin.p7w1.trace/files/trace-replay/input/golden.png",
  "alternateGoldenPaths": [],
  "matchedGoldenPath": "/data/user/0/top.mobilegl.plugin.p7w1.trace/files/trace-replay/input/golden.png",
  "actualPath": "/data/user/0/top.mobilegl.plugin.p7w1.trace/files/trace-replay/output/actual.png",
  "diffPath": "/data/user/0/top.mobilegl.plugin.p7w1.trace/files/trace-replay/output/minecraft-1.21.4-fabric-xaero-world-map-in-world-diff.png",
  "backend": "DirectVulkan",
  "angleVariant": "",
  "targetFrame": -1,
  "targetCall": 1598209,
  "width": 854,
  "height": 480,
  "cropX": 0,
  "cropY": 0,
  "cropWidth": 0,
  "cropHeight": 0,
  "ssim": 0.999999866,
  "ssimThreshold": 0.990000000,
  "useAngle": false,
  "usePbuffer": true,
  "avoidAngleLlvmpipeSamplerMipmapMinFilter": false,
  "avoidAngleLlvmpipeExplicitLodBias": false,
  "fixIterationRPSubgroupScratch": false,
  "deriveNumSubgroups": false,
  "iterationRPFixBarrier": false,
  "holdMs": 0,
  "mismatchPixels": 181
}
Android retrace: real inproc transport, strict role state and zero Fatal records confirmed
archived repeat 1 to .trace-work\p7w1\E0a-inproc\minecraft-1.21.4-fabric-xaero-world-map-in-world-DirectVulkan\repeat-01
C:\Users\geekerwan\AndroidStudioProjects\FoldCraftLauncher\MobileGL-disagg\.trace-work\android-retrace-summary\mobilegl-android-retrace-overview.html
=== Android retrace: minecraft-1.21.4-fabric-journeymap-in-world / DirectVulkan (repeat 1/1) ===
C:\Users\geekerwan\AndroidStudioProjects\FoldCraftLauncher\MobileGL-disagg\.trace-work\android-retrace-fixture\minecraft-1.21.4-fabric-journeymap-in-world\trace.trace: 1 file pushed, 0 skipped. 63.8 MB/s (53076992 bytes in 0.794s)
C:\Users\geekerwan\AndroidStudioProjects\FoldCraftLauncher\MobileGL-disagg\tools\trace_replay\fixtures\minecraft-1.21.4-fabric-journeymap-in-world.0002632392.png: 1 file pushed, 0 skipped. 163.6 MB/s (115169 bytes in 0.001s)
Starting: Intent { act=top.mobilegl.plugin.TRACE_REPLAY cmp=top.mobilegl.plugin.p7w1.trace/top.mobilegl.plugin.trace.TraceReplayActivity (has extras) }
{
  "passed": true,
  "statusCode": 0,
  "message": "retrace completed; ssim=0.999991, ssimThreshold=0.990000, mismatchPixels=51248, matchedGoldenPath=/data/user/0/top.mobilegl.plugin.p7w1.trace/files/trace-replay/input/golden.png",
  "tracePath": "/data/user/0/top.mobilegl.plugin.p7w1.trace/files/trace-replay/input/trace.trace",
  "goldenPath": "/data/user/0/top.mobilegl.plugin.p7w1.trace/files/trace-replay/input/golden.png",
  "alternateGoldenPaths": [],
  "matchedGoldenPath": "/data/user/0/top.mobilegl.plugin.p7w1.trace/files/trace-replay/input/golden.png",
  "actualPath": "/data/user/0/top.mobilegl.plugin.p7w1.trace/files/trace-replay/output/actual.png",
  "diffPath": "/data/user/0/top.mobilegl.plugin.p7w1.trace/files/trace-replay/output/minecraft-1.21.4-fabric-journeymap-in-world-diff.png",
  "backend": "DirectVulkan",
  "angleVariant": "",
  "targetFrame": -1,
  "targetCall": 2632392,
  "width": 854,
  "height": 480,
  "cropX": 0,
  "cropY": 0,
  "cropWidth": 0,
  "cropHeight": 0,
  "ssim": 0.999991304,
  "ssimThreshold": 0.990000000,
  "useAngle": false,
  "usePbuffer": true,
  "avoidAngleLlvmpipeSamplerMipmapMinFilter": false,
  "avoidAngleLlvmpipeExplicitLodBias": false,
  "fixIterationRPSubgroupScratch": false,
  "deriveNumSubgroups": false,
  "iterationRPFixBarrier": false,
  "holdMs": 0,
  "mismatchPixels": 51248
}
Android retrace: real inproc transport, strict role state and zero Fatal records confirmed
archived repeat 1 to .trace-work\p7w1\E0a-inproc\minecraft-1.21.4-fabric-journeymap-in-world-DirectVulkan\repeat-01
C:\Users\geekerwan\AndroidStudioProjects\FoldCraftLauncher\MobileGL-disagg\.trace-work\android-retrace-summary\mobilegl-android-retrace-overview.html
=== Android retrace: minecraft-1.21.4-fabric-modernui-inventory / DirectVulkan (repeat 1/1) ===
C:\Users\geekerwan\AndroidStudioProjects\FoldCraftLauncher\MobileGL-disagg\.trace-work\android-retrace-fixture\minecraft-1.21.4-fabric-modernui-inventory\trace.trace: 1 file pushed, 0 skipped. 88.9 MB/s (138253759 bytes in 1.483s)
C:\Users\geekerwan\AndroidStudioProjects\FoldCraftLauncher\MobileGL-disagg\tools\trace_replay\fixtures\minecraft-1.21.4-fabric-modernui-inventory.0004907381.png: 1 file pushed, 0 skipped. 158.9 MB/s (136268 bytes in 0.001s)
Starting: Intent { act=top.mobilegl.plugin.TRACE_REPLAY cmp=top.mobilegl.plugin.p7w1.trace/top.mobilegl.plugin.trace.TraceReplayActivity (has extras) }
{
  "passed": true,
  "statusCode": 0,
  "message": "retrace completed; ssim=0.999996, ssimThreshold=0.990000, mismatchPixels=22950, matchedGoldenPath=/data/user/0/top.mobilegl.plugin.p7w1.trace/files/trace-replay/input/golden.png",
  "tracePath": "/data/user/0/top.mobilegl.plugin.p7w1.trace/files/trace-replay/input/trace.trace",
  "goldenPath": "/data/user/0/top.mobilegl.plugin.p7w1.trace/files/trace-replay/input/golden.png",
  "alternateGoldenPaths": [],
  "matchedGoldenPath": "/data/user/0/top.mobilegl.plugin.p7w1.trace/files/trace-replay/input/golden.png",
  "actualPath": "/data/user/0/top.mobilegl.plugin.p7w1.trace/files/trace-replay/output/actual.png",
  "diffPath": "/data/user/0/top.mobilegl.plugin.p7w1.trace/files/trace-replay/output/minecraft-1.21.4-fabric-modernui-inventory-diff.png",
  "backend": "DirectVulkan",
  "angleVariant": "",
  "targetFrame": -1,
  "targetCall": 4907381,
  "width": 854,
  "height": 480,
  "cropX": 0,
  "cropY": 0,
  "cropWidth": 0,
  "cropHeight": 0,
  "ssim": 0.999996451,
  "ssimThreshold": 0.990000000,
  "useAngle": false,
  "usePbuffer": true,
  "avoidAngleLlvmpipeSamplerMipmapMinFilter": false,
  "avoidAngleLlvmpipeExplicitLodBias": false,
  "fixIterationRPSubgroupScratch": false,
  "deriveNumSubgroups": false,
  "iterationRPFixBarrier": false,
  "holdMs": 0,
  "mismatchPixels": 22950
}
Android retrace: real inproc transport, strict role state and zero Fatal records confirmed
archived repeat 1 to .trace-work\p7w1\E0a-inproc\minecraft-1.21.4-fabric-modernui-inventory-DirectVulkan\repeat-01
C:\Users\geekerwan\AndroidStudioProjects\FoldCraftLauncher\MobileGL-disagg\.trace-work\android-retrace-summary\mobilegl-android-retrace-overview.html
=== Android retrace: minecraft-1.21.4-fabric-rei-inventory-normal-world / DirectVulkan (repeat 1/1) ===
C:\Users\geekerwan\AndroidStudioProjects\FoldCraftLauncher\MobileGL-disagg\.trace-work\android-retrace-fixture\minecraft-1.21.4-fabric-rei-inventory-normal-world\trace.trace: 1 file pushed, 0 skipped. 61.1 MB/s (31856698 bytes in 0.498s)
C:\Users\geekerwan\AndroidStudioProjects\FoldCraftLauncher\MobileGL-disagg\tools\trace_replay\fixtures\minecraft-1.21.4-fabric-rei-inventory-normal-world.0000734465.png: 1 file pushed, 0 skipped. 10.5 MB/s (145114 bytes in 0.013s)
Starting: Intent { act=top.mobilegl.plugin.TRACE_REPLAY cmp=top.mobilegl.plugin.p7w1.trace/top.mobilegl.plugin.trace.TraceReplayActivity (has extras) }
{
  "passed": true,
  "statusCode": 0,
  "message": "retrace completed; ssim=0.999999, ssimThreshold=0.990000, mismatchPixels=12178, matchedGoldenPath=/data/user/0/top.mobilegl.plugin.p7w1.trace/files/trace-replay/input/golden.png",
  "tracePath": "/data/user/0/top.mobilegl.plugin.p7w1.trace/files/trace-replay/input/trace.trace",
  "goldenPath": "/data/user/0/top.mobilegl.plugin.p7w1.trace/files/trace-replay/input/golden.png",
  "alternateGoldenPaths": [],
  "matchedGoldenPath": "/data/user/0/top.mobilegl.plugin.p7w1.trace/files/trace-replay/input/golden.png",
  "actualPath": "/data/user/0/top.mobilegl.plugin.p7w1.trace/files/trace-replay/output/actual.png",
  "diffPath": "/data/user/0/top.mobilegl.plugin.p7w1.trace/files/trace-replay/output/minecraft-1.21.4-fabric-rei-inventory-normal-world-diff.png",
  "backend": "DirectVulkan",
  "angleVariant": "",
  "targetFrame": -1,
  "targetCall": 734465,
  "width": 854,
  "height": 480,
  "cropX": 0,
  "cropY": 0,
  "cropWidth": 0,
  "cropHeight": 0,
  "ssim": 0.999998800,
  "ssimThreshold": 0.990000000,
  "useAngle": false,
  "usePbuffer": true,
  "avoidAngleLlvmpipeSamplerMipmapMinFilter": false,
  "avoidAngleLlvmpipeExplicitLodBias": false,
  "fixIterationRPSubgroupScratch": false,
  "deriveNumSubgroups": false,
  "iterationRPFixBarrier": false,
  "holdMs": 0,
  "mismatchPixels": 12178
}
Android retrace: real inproc transport, strict role state and zero Fatal records confirmed
archived repeat 1 to .trace-work\p7w1\E0a-inproc\minecraft-1.21.4-fabric-rei-inventory-normal-world-DirectVulkan\repeat-01
C:\Users\geekerwan\AndroidStudioProjects\FoldCraftLauncher\MobileGL-disagg\.trace-work\android-retrace-summary\mobilegl-android-retrace-overview.html
=== Android retrace: minecraft-1.21.4-fabric-xaero-minimap-in-world-normal-world / DirectVulkan (repeat 1/1) ===
C:\Users\geekerwan\AndroidStudioProjects\FoldCraftLauncher\MobileGL-disagg\.trace-work\android-retrace-fixture\minecraft-1.21.4-fabric-xaero-minimap-in-world-normal-world\trace.trace: 1 file pushed, 0 skipped. 48.8 MB/s (21162779 bytes in 0.414s)
C:\Users\geekerwan\AndroidStudioProjects\FoldCraftLauncher\MobileGL-disagg\tools\trace_replay\fixtures\minecraft-1.21.4-fabric-xaero-minimap-in-world-normal-world.0000457190.png: 1 file pushed, 0 skipped. 148.1 MB/s (111216 bytes in 0.001s)
Starting: Intent { act=top.mobilegl.plugin.TRACE_REPLAY cmp=top.mobilegl.plugin.p7w1.trace/top.mobilegl.plugin.trace.TraceReplayActivity (has extras) }
{
  "passed": true,
  "statusCode": 0,
  "message": "retrace completed; ssim=0.999992, ssimThreshold=0.990000, mismatchPixels=6415, matchedGoldenPath=/data/user/0/top.mobilegl.plugin.p7w1.trace/files/trace-replay/input/golden.png",
  "tracePath": "/data/user/0/top.mobilegl.plugin.p7w1.trace/files/trace-replay/input/trace.trace",
  "goldenPath": "/data/user/0/top.mobilegl.plugin.p7w1.trace/files/trace-replay/input/golden.png",
  "alternateGoldenPaths": [],
  "matchedGoldenPath": "/data/user/0/top.mobilegl.plugin.p7w1.trace/files/trace-replay/input/golden.png",
  "actualPath": "/data/user/0/top.mobilegl.plugin.p7w1.trace/files/trace-replay/output/actual.png",
  "diffPath": "/data/user/0/top.mobilegl.plugin.p7w1.trace/files/trace-replay/output/minecraft-1.21.4-fabric-xaero-minimap-in-world-normal-world-diff.png",
  "backend": "DirectVulkan",
  "angleVariant": "",
  "targetFrame": -1,
  "targetCall": 457190,
  "width": 854,
  "height": 480,
  "cropX": 0,
  "cropY": 10,
  "cropWidth": 140,
  "cropHeight": 158,
  "ssim": 0.999992410,
  "ssimThreshold": 0.990000000,
  "useAngle": false,
  "usePbuffer": true,
  "avoidAngleLlvmpipeSamplerMipmapMinFilter": false,
  "avoidAngleLlvmpipeExplicitLodBias": false,
  "fixIterationRPSubgroupScratch": false,
  "deriveNumSubgroups": false,
  "iterationRPFixBarrier": false,
  "holdMs": 0,
  "mismatchPixels": 6415
}
Android retrace: real inproc transport, strict role state and zero Fatal records confirmed
archived repeat 1 to .trace-work\p7w1\E0a-inproc\minecraft-1.21.4-fabric-xaero-minimap-in-world-normal-world-DirectVulkan\repeat-01
C:\Users\geekerwan\AndroidStudioProjects\FoldCraftLauncher\MobileGL-disagg\.trace-work\android-retrace-summary\mobilegl-android-retrace-overview.html
=== Android retrace: minecraft-1.21.4-fabric-xaero-world-map-in-world-normal-world / DirectVulkan (repeat 1/1) ===
C:\Users\geekerwan\AndroidStudioProjects\FoldCraftLauncher\MobileGL-disagg\.trace-work\android-retrace-fixture\minecraft-1.21.4-fabric-xaero-world-map-in-world-normal-world\trace.trace: 1 file pushed, 0 skipped. 58.1 MB/s (29249484 bytes in 0.480s)
C:\Users\geekerwan\AndroidStudioProjects\FoldCraftLauncher\MobileGL-disagg\tools\trace_replay\fixtures\minecraft-1.21.4-fabric-xaero-world-map-in-world-normal-world.0000573061.png: 1 file pushed, 0 skipped. 126.2 MB/s (131881 bytes in 0.001s)
Starting: Intent { act=top.mobilegl.plugin.TRACE_REPLAY cmp=top.mobilegl.plugin.p7w1.trace/top.mobilegl.plugin.trace.TraceReplayActivity (has extras) }
{
  "passed": true,
  "statusCode": 0,
  "message": "retrace completed; ssim=0.999994, ssimThreshold=0.990000, mismatchPixels=60510, matchedGoldenPath=/data/user/0/top.mobilegl.plugin.p7w1.trace/files/trace-replay/input/golden.png",
  "tracePath": "/data/user/0/top.mobilegl.plugin.p7w1.trace/files/trace-replay/input/trace.trace",
  "goldenPath": "/data/user/0/top.mobilegl.plugin.p7w1.trace/files/trace-replay/input/golden.png",
  "alternateGoldenPaths": [],
  "matchedGoldenPath": "/data/user/0/top.mobilegl.plugin.p7w1.trace/files/trace-replay/input/golden.png",
  "actualPath": "/data/user/0/top.mobilegl.plugin.p7w1.trace/files/trace-replay/output/actual.png",
  "diffPath": "/data/user/0/top.mobilegl.plugin.p7w1.trace/files/trace-replay/output/minecraft-1.21.4-fabric-xaero-world-map-in-world-normal-world-diff.png",
  "backend": "DirectVulkan",
  "angleVariant": "",
  "targetFrame": -1,
  "targetCall": 573061,
  "width": 854,
  "height": 480,
  "cropX": 0,
  "cropY": 0,
  "cropWidth": 0,
  "cropHeight": 0,
  "ssim": 0.999993780,
  "ssimThreshold": 0.990000000,
  "useAngle": false,
  "usePbuffer": true,
  "avoidAngleLlvmpipeSamplerMipmapMinFilter": false,
  "avoidAngleLlvmpipeExplicitLodBias": false,
  "fixIterationRPSubgroupScratch": false,
  "deriveNumSubgroups": false,
  "iterationRPFixBarrier": false,
  "holdMs": 0,
  "mismatchPixels": 60510
}
Android retrace: real inproc transport, strict role state and zero Fatal records confirmed
archived repeat 1 to .trace-work\p7w1\E0a-inproc\minecraft-1.21.4-fabric-xaero-world-map-in-world-normal-world-DirectVulkan\repeat-01
C:\Users\geekerwan\AndroidStudioProjects\FoldCraftLauncher\MobileGL-disagg\.trace-work\android-retrace-summary\mobilegl-android-retrace-overview.html
=== Android retrace: minecraft-1.21.4-fabric-journeymap-in-world-normal-world / DirectVulkan (repeat 1/1) ===
C:\Users\geekerwan\AndroidStudioProjects\FoldCraftLauncher\MobileGL-disagg\.trace-work\android-retrace-fixture\minecraft-1.21.4-fabric-journeymap-in-world-normal-world\trace.trace: 1 file pushed, 0 skipped. 46.8 MB/s (27430578 bytes in 0.559s)
C:\Users\geekerwan\AndroidStudioProjects\FoldCraftLauncher\MobileGL-disagg\tools\trace_replay\fixtures\minecraft-1.21.4-fabric-journeymap-in-world-normal-world.0000641975.png: 1 file pushed, 0 skipped. 169.3 MB/s (129595 bytes in 0.001s)
Starting: Intent { act=top.mobilegl.plugin.TRACE_REPLAY cmp=top.mobilegl.plugin.p7w1.trace/top.mobilegl.plugin.trace.TraceReplayActivity (has extras) }
{
  "passed": true,
  "statusCode": 0,
  "message": "retrace completed; ssim=0.999988, ssimThreshold=0.990000, mismatchPixels=40227, matchedGoldenPath=/data/user/0/top.mobilegl.plugin.p7w1.trace/files/trace-replay/input/golden.png",
  "tracePath": "/data/user/0/top.mobilegl.plugin.p7w1.trace/files/trace-replay/input/trace.trace",
  "goldenPath": "/data/user/0/top.mobilegl.plugin.p7w1.trace/files/trace-replay/input/golden.png",
  "alternateGoldenPaths": [],
  "matchedGoldenPath": "/data/user/0/top.mobilegl.plugin.p7w1.trace/files/trace-replay/input/golden.png",
  "actualPath": "/data/user/0/top.mobilegl.plugin.p7w1.trace/files/trace-replay/output/actual.png",
  "diffPath": "/data/user/0/top.mobilegl.plugin.p7w1.trace/files/trace-replay/output/minecraft-1.21.4-fabric-journeymap-in-world-normal-world-diff.png",
  "backend": "DirectVulkan",
  "angleVariant": "",
  "targetFrame": -1,
  "targetCall": 641975,
  "width": 854,
  "height": 480,
  "cropX": 0,
  "cropY": 0,
  "cropWidth": 0,
  "cropHeight": 0,
  "ssim": 0.999988398,
  "ssimThreshold": 0.990000000,
  "useAngle": false,
  "usePbuffer": true,
  "avoidAngleLlvmpipeSamplerMipmapMinFilter": false,
  "avoidAngleLlvmpipeExplicitLodBias": false,
  "fixIterationRPSubgroupScratch": false,
  "deriveNumSubgroups": false,
  "iterationRPFixBarrier": false,
  "holdMs": 0,
  "mismatchPixels": 40227
}
Android retrace: real inproc transport, strict role state and zero Fatal records confirmed
archived repeat 1 to .trace-work\p7w1\E0a-inproc\minecraft-1.21.4-fabric-journeymap-in-world-normal-world-DirectVulkan\repeat-01
C:\Users\geekerwan\AndroidStudioProjects\FoldCraftLauncher\MobileGL-disagg\.trace-work\android-retrace-summary\mobilegl-android-retrace-overview.html
=== Android retrace: minecraft-1.21.4-fabric-modernui-inventory-normal-world / DirectVulkan (repeat 1/1) ===
C:\Users\geekerwan\AndroidStudioProjects\FoldCraftLauncher\MobileGL-disagg\.trace-work\android-retrace-fixture\minecraft-1.21.4-fabric-modernui-inventory-normal-world\trace.trace: 1 file pushed, 0 skipped. 47.5 MB/s (32181102 bytes in 0.646s)
C:\Users\geekerwan\AndroidStudioProjects\FoldCraftLauncher\MobileGL-disagg\tools\trace_replay\fixtures\minecraft-1.21.4-fabric-modernui-inventory-normal-world.0000727926.png: 1 file pushed, 0 skipped. 162.9 MB/s (138346 bytes in 0.001s)
Starting: Intent { act=top.mobilegl.plugin.TRACE_REPLAY cmp=top.mobilegl.plugin.p7w1.trace/top.mobilegl.plugin.trace.TraceReplayActivity (has extras) }
{
  "passed": true,
  "statusCode": 0,
  "message": "retrace completed; ssim=0.999998, ssimThreshold=0.990000, mismatchPixels=14879, matchedGoldenPath=/data/user/0/top.mobilegl.plugin.p7w1.trace/files/trace-replay/input/golden.png",
  "tracePath": "/data/user/0/top.mobilegl.plugin.p7w1.trace/files/trace-replay/input/trace.trace",
  "goldenPath": "/data/user/0/top.mobilegl.plugin.p7w1.trace/files/trace-replay/input/golden.png",
  "alternateGoldenPaths": [],
  "matchedGoldenPath": "/data/user/0/top.mobilegl.plugin.p7w1.trace/files/trace-replay/input/golden.png",
  "actualPath": "/data/user/0/top.mobilegl.plugin.p7w1.trace/files/trace-replay/output/actual.png",
  "diffPath": "/data/user/0/top.mobilegl.plugin.p7w1.trace/files/trace-replay/output/minecraft-1.21.4-fabric-modernui-inventory-normal-world-diff.png",
  "backend": "DirectVulkan",
  "angleVariant": "",
  "targetFrame": -1,
  "targetCall": 727926,
  "width": 854,
  "height": 480,
  "cropX": 0,
  "cropY": 0,
  "cropWidth": 0,
  "cropHeight": 0,
  "ssim": 0.999997628,
  "ssimThreshold": 0.990000000,
  "useAngle": false,
  "usePbuffer": true,
  "avoidAngleLlvmpipeSamplerMipmapMinFilter": false,
  "avoidAngleLlvmpipeExplicitLodBias": false,
  "fixIterationRPSubgroupScratch": false,
  "deriveNumSubgroups": false,
  "iterationRPFixBarrier": false,
  "holdMs": 0,
  "mismatchPixels": 14879
}
Android retrace: real inproc transport, strict role state and zero Fatal records confirmed
archived repeat 1 to .trace-work\p7w1\E0a-inproc\minecraft-1.21.4-fabric-modernui-inventory-normal-world-DirectVulkan\repeat-01
C:\Users\geekerwan\AndroidStudioProjects\FoldCraftLauncher\MobileGL-disagg\.trace-work\android-retrace-summary\mobilegl-android-retrace-overview.html
=== Android retrace: minecraft-1.21.4-fabric-iris-bsl-in-world / DirectVulkan (repeat 1/1) ===
C:\Users\geekerwan\AndroidStudioProjects\FoldCraftLauncher\MobileGL-disagg\.trace-work\android-retrace-fixture\minecraft-1.21.4-fabric-iris-bsl-in-world\trace.trace: 1 file pushed, 0 skipped. 26.2 MB/s (12635537 bytes in 0.461s)
C:\Users\geekerwan\AndroidStudioProjects\FoldCraftLauncher\MobileGL-disagg\tools\trace_replay\fixtures\minecraft-1.21.4-fabric-iris-bsl-in-world.0000110725.png: 1 file pushed, 0 skipped. 17.7 MB/s (602071 bytes in 0.032s)
C:\Users\geekerwan\AndroidStudioProjects\FoldCraftLauncher\MobileGL-disagg\tools\trace_replay\fixtures\minecraft-1.21.4-fabric-iris-bsl-in-world.0000110725-mali.png: 1 file pushed, 0 skipped. 32.3 MB/s (606400 bytes in 0.018s)
Starting: Intent { act=top.mobilegl.plugin.TRACE_REPLAY cmp=top.mobilegl.plugin.p7w1.trace/top.mobilegl.plugin.trace.TraceReplayActivity (has extras) }
{
  "passed": true,
  "statusCode": 0,
  "message": "retrace completed; ssim=0.997010, ssimThreshold=0.990000, mismatchPixels=393627, matchedGoldenPath=/data/user/0/top.mobilegl.plugin.p7w1.trace/files/trace-replay/input/golden.png",
  "tracePath": "/data/user/0/top.mobilegl.plugin.p7w1.trace/files/trace-replay/input/trace.trace",
  "goldenPath": "/data/user/0/top.mobilegl.plugin.p7w1.trace/files/trace-replay/input/golden.png",
  "alternateGoldenPaths": ["/data/user/0/top.mobilegl.plugin.p7w1.trace/files/trace-replay/input/alternate-golden.png"],
  "matchedGoldenPath": "/data/user/0/top.mobilegl.plugin.p7w1.trace/files/trace-replay/input/golden.png",
  "actualPath": "/data/user/0/top.mobilegl.plugin.p7w1.trace/files/trace-replay/output/actual.png",
  "diffPath": "/data/user/0/top.mobilegl.plugin.p7w1.trace/files/trace-replay/output/minecraft-1.21.4-fabric-iris-bsl-in-world-diff.png",
  "backend": "DirectVulkan",
  "angleVariant": "",
  "targetFrame": -1,
  "targetCall": 110725,
  "width": 854,
  "height": 480,
  "cropX": 0,
  "cropY": 0,
  "cropWidth": 0,
  "cropHeight": 0,
  "ssim": 0.997009631,
  "ssimThreshold": 0.990000000,
  "useAngle": false,
  "usePbuffer": true,
  "avoidAngleLlvmpipeSamplerMipmapMinFilter": false,
  "avoidAngleLlvmpipeExplicitLodBias": false,
  "fixIterationRPSubgroupScratch": false,
  "deriveNumSubgroups": false,
  "iterationRPFixBarrier": false,
  "holdMs": 0,
  "mismatchPixels": 393627
}
Android retrace: real inproc transport, strict role state and zero Fatal records confirmed
archived repeat 1 to .trace-work\p7w1\E0a-inproc\minecraft-1.21.4-fabric-iris-bsl-in-world-DirectVulkan\repeat-01
C:\Users\geekerwan\AndroidStudioProjects\FoldCraftLauncher\MobileGL-disagg\.trace-work\android-retrace-summary\mobilegl-android-retrace-overview.html
=== Android retrace: minecraft-1.21.4-fabric-iris-makeup-ultrafast-in-world / DirectVulkan (repeat 1/1) ===
C:\Users\geekerwan\AndroidStudioProjects\FoldCraftLauncher\MobileGL-disagg\.trace-work\android-retrace-fixture\minecraft-1.21.4-fabric-iris-makeup-ultrafast-in-world\trace.trace: 1 file pushed, 0 skipped. 32.2 MB/s (11983226 bytes in 0.355s)
C:\Users\geekerwan\AndroidStudioProjects\FoldCraftLauncher\MobileGL-disagg\tools\trace_replay\fixtures\minecraft-1.21.4-fabric-iris-makeup-ultrafast-in-world.0000095322.png: 1 file pushed, 0 skipped. 28.0 MB/s (350351 bytes in 0.012s)
Starting: Intent { act=top.mobilegl.plugin.TRACE_REPLAY cmp=top.mobilegl.plugin.p7w1.trace/top.mobilegl.plugin.trace.TraceReplayActivity (has extras) }
{
  "passed": true,
  "statusCode": 0,
  "message": "retrace completed; ssim=0.996631, ssimThreshold=0.990000, mismatchPixels=373628, matchedGoldenPath=/data/user/0/top.mobilegl.plugin.p7w1.trace/files/trace-replay/input/golden.png",
  "tracePath": "/data/user/0/top.mobilegl.plugin.p7w1.trace/files/trace-replay/input/trace.trace",
  "goldenPath": "/data/user/0/top.mobilegl.plugin.p7w1.trace/files/trace-replay/input/golden.png",
  "alternateGoldenPaths": [],
  "matchedGoldenPath": "/data/user/0/top.mobilegl.plugin.p7w1.trace/files/trace-replay/input/golden.png",
  "actualPath": "/data/user/0/top.mobilegl.plugin.p7w1.trace/files/trace-replay/output/actual.png",
  "diffPath": "/data/user/0/top.mobilegl.plugin.p7w1.trace/files/trace-replay/output/minecraft-1.21.4-fabric-iris-makeup-ultrafast-in-world-diff.png",
  "backend": "DirectVulkan",
  "angleVariant": "",
  "targetFrame": -1,
  "targetCall": 95322,
  "width": 854,
  "height": 480,
  "cropX": 0,
  "cropY": 0,
  "cropWidth": 0,
  "cropHeight": 0,
  "ssim": 0.996630735,
  "ssimThreshold": 0.990000000,
  "useAngle": false,
  "usePbuffer": true,
  "avoidAngleLlvmpipeSamplerMipmapMinFilter": false,
  "avoidAngleLlvmpipeExplicitLodBias": false,
  "fixIterationRPSubgroupScratch": false,
  "deriveNumSubgroups": false,
  "iterationRPFixBarrier": false,
  "holdMs": 0,
  "mismatchPixels": 373628
}
Android retrace: real inproc transport, strict role state and zero Fatal records confirmed
archived repeat 1 to .trace-work\p7w1\E0a-inproc\minecraft-1.21.4-fabric-iris-makeup-ultrafast-in-world-DirectVulkan\repeat-01
C:\Users\geekerwan\AndroidStudioProjects\FoldCraftLauncher\MobileGL-disagg\.trace-work\android-retrace-summary\mobilegl-android-retrace-overview.html
=== Android retrace: minecraft-1.21.4-fabric-iris-super-duper-vanilla-in-world / DirectVulkan (repeat 1/1) ===
C:\Users\geekerwan\AndroidStudioProjects\FoldCraftLauncher\MobileGL-disagg\.trace-work\android-retrace-fixture\minecraft-1.21.4-fabric-iris-super-duper-vanilla-in-world\trace.trace: 1 file pushed, 0 skipped. 38.0 MB/s (16069904 bytes in 0.404s)
C:\Users\geekerwan\AndroidStudioProjects\FoldCraftLauncher\MobileGL-disagg\tools\trace_replay\fixtures\minecraft-1.21.4-fabric-iris-super-duper-vanilla-in-world.0000141559.png: 1 file pushed, 0 skipped. 22.2 MB/s (639369 bytes in 0.027s)
Starting: Intent { act=top.mobilegl.plugin.TRACE_REPLAY cmp=top.mobilegl.plugin.p7w1.trace/top.mobilegl.plugin.trace.TraceReplayActivity (has extras) }
{
  "passed": true,
  "statusCode": 0,
  "message": "retrace completed; ssim=0.999455, ssimThreshold=0.990000, mismatchPixels=359364, matchedGoldenPath=/data/user/0/top.mobilegl.plugin.p7w1.trace/files/trace-replay/input/golden.png",
  "tracePath": "/data/user/0/top.mobilegl.plugin.p7w1.trace/files/trace-replay/input/trace.trace",
  "goldenPath": "/data/user/0/top.mobilegl.plugin.p7w1.trace/files/trace-replay/input/golden.png",
  "alternateGoldenPaths": [],
  "matchedGoldenPath": "/data/user/0/top.mobilegl.plugin.p7w1.trace/files/trace-replay/input/golden.png",
  "actualPath": "/data/user/0/top.mobilegl.plugin.p7w1.trace/files/trace-replay/output/actual.png",
  "diffPath": "/data/user/0/top.mobilegl.plugin.p7w1.trace/files/trace-replay/output/minecraft-1.21.4-fabric-iris-super-duper-vanilla-in-world-diff.png",
  "backend": "DirectVulkan",
  "angleVariant": "",
  "targetFrame": -1,
  "targetCall": 141559,
  "width": 854,
  "height": 480,
  "cropX": 0,
  "cropY": 0,
  "cropWidth": 0,
  "cropHeight": 0,
  "ssim": 0.999454686,
  "ssimThreshold": 0.990000000,
  "useAngle": false,
  "usePbuffer": true,
  "avoidAngleLlvmpipeSamplerMipmapMinFilter": false,
  "avoidAngleLlvmpipeExplicitLodBias": false,
  "fixIterationRPSubgroupScratch": false,
  "deriveNumSubgroups": false,
  "iterationRPFixBarrier": false,
  "holdMs": 0,
  "mismatchPixels": 359364
}
Android retrace: real inproc transport, strict role state and zero Fatal records confirmed
archived repeat 1 to .trace-work\p7w1\E0a-inproc\minecraft-1.21.4-fabric-iris-super-duper-vanilla-in-world-DirectVulkan\repeat-01
C:\Users\geekerwan\AndroidStudioProjects\FoldCraftLauncher\MobileGL-disagg\.trace-work\android-retrace-summary\mobilegl-android-retrace-overview.html
=== Android retrace: minecraft-1.21.4-fabric-iris-sundial-lite-in-world / DirectVulkan (repeat 1/1) ===
C:\Users\geekerwan\AndroidStudioProjects\FoldCraftLauncher\MobileGL-disagg\.trace-work\android-retrace-fixture\minecraft-1.21.4-fabric-iris-sundial-lite-in-world\trace.trace: 1 file pushed, 0 skipped. 30.4 MB/s (18112927 bytes in 0.569s)
C:\Users\geekerwan\AndroidStudioProjects\FoldCraftLauncher\MobileGL-disagg\tools\trace_replay\fixtures\minecraft-1.21.4-fabric-iris-sundial-lite-in-world.0000150023.png: 1 file pushed, 0 skipped. 10.8 MB/s (757214 bytes in 0.067s)
Starting: Intent { act=top.mobilegl.plugin.TRACE_REPLAY cmp=top.mobilegl.plugin.p7w1.trace/top.mobilegl.plugin.trace.TraceReplayActivity (has extras) }
{
  "passed": true,
  "statusCode": 0,
  "message": "retrace completed; ssim=0.996177, ssimThreshold=0.990000, mismatchPixels=402683, matchedGoldenPath=/data/user/0/top.mobilegl.plugin.p7w1.trace/files/trace-replay/input/golden.png",
  "tracePath": "/data/user/0/top.mobilegl.plugin.p7w1.trace/files/trace-replay/input/trace.trace",
  "goldenPath": "/data/user/0/top.mobilegl.plugin.p7w1.trace/files/trace-replay/input/golden.png",
  "alternateGoldenPaths": [],
  "matchedGoldenPath": "/data/user/0/top.mobilegl.plugin.p7w1.trace/files/trace-replay/input/golden.png",
  "actualPath": "/data/user/0/top.mobilegl.plugin.p7w1.trace/files/trace-replay/output/actual.png",
  "diffPath": "/data/user/0/top.mobilegl.plugin.p7w1.trace/files/trace-replay/output/minecraft-1.21.4-fabric-iris-sundial-lite-in-world-diff.png",
  "backend": "DirectVulkan",
  "angleVariant": "",
  "targetFrame": -1,
  "targetCall": 150023,
  "width": 854,
  "height": 480,
  "cropX": 0,
  "cropY": 0,
  "cropWidth": 0,
  "cropHeight": 0,
  "ssim": 0.996177376,
  "ssimThreshold": 0.990000000,
  "useAngle": false,
  "usePbuffer": true,
  "avoidAngleLlvmpipeSamplerMipmapMinFilter": false,
  "avoidAngleLlvmpipeExplicitLodBias": false,
  "fixIterationRPSubgroupScratch": false,
  "deriveNumSubgroups": false,
  "iterationRPFixBarrier": false,
  "holdMs": 0,
  "mismatchPixels": 402683
}
Android retrace: real inproc transport, strict role state and zero Fatal records confirmed
archived repeat 1 to .trace-work\p7w1\E0a-inproc\minecraft-1.21.4-fabric-iris-sundial-lite-in-world-DirectVulkan\repeat-01
C:\Users\geekerwan\AndroidStudioProjects\FoldCraftLauncher\MobileGL-disagg\.trace-work\android-retrace-summary\mobilegl-android-retrace-overview.html
=== Android retrace: minecraft-1.21.4-fabric-iris-complementary-reimagined-in-world / DirectVulkan (repeat 1/1) ===
C:\Users\geekerwan\AndroidStudioProjects\FoldCraftLauncher\MobileGL-disagg\.trace-work\android-retrace-fixture\minecraft-1.21.4-fabric-iris-complementary-reimagined-in-world\trace.trace: 1 file pushed, 0 skipped. 34.1 MB/s (16054147 bytes in 0.449s)
C:\Users\geekerwan\AndroidStudioProjects\FoldCraftLauncher\MobileGL-disagg\tools\trace_replay\fixtures\minecraft-1.21.4-fabric-iris-complementary-reimagined-in-world.0000151297.png: 1 file pushed, 0 skipped. 12.0 MB/s (734681 bytes in 0.058s)
Starting: Intent { act=top.mobilegl.plugin.TRACE_REPLAY cmp=top.mobilegl.plugin.p7w1.trace/top.mobilegl.plugin.trace.TraceReplayActivity (has extras) }
{
  "passed": true,
  "statusCode": 0,
  "message": "retrace completed; ssim=0.999511, ssimThreshold=0.990000, mismatchPixels=384125, matchedGoldenPath=/data/user/0/top.mobilegl.plugin.p7w1.trace/files/trace-replay/input/golden.png",
  "tracePath": "/data/user/0/top.mobilegl.plugin.p7w1.trace/files/trace-replay/input/trace.trace",
  "goldenPath": "/data/user/0/top.mobilegl.plugin.p7w1.trace/files/trace-replay/input/golden.png",
  "alternateGoldenPaths": [],
  "matchedGoldenPath": "/data/user/0/top.mobilegl.plugin.p7w1.trace/files/trace-replay/input/golden.png",
  "actualPath": "/data/user/0/top.mobilegl.plugin.p7w1.trace/files/trace-replay/output/actual.png",
  "diffPath": "/data/user/0/top.mobilegl.plugin.p7w1.trace/files/trace-replay/output/minecraft-1.21.4-fabric-iris-complementary-reimagined-in-world-diff.png",
  "backend": "DirectVulkan",
  "angleVariant": "",
  "targetFrame": -1,
  "targetCall": 151297,
  "width": 854,
  "height": 480,
  "cropX": 0,
  "cropY": 0,
  "cropWidth": 0,
  "cropHeight": 0,
  "ssim": 0.999510556,
  "ssimThreshold": 0.990000000,
  "useAngle": false,
  "usePbuffer": true,
  "avoidAngleLlvmpipeSamplerMipmapMinFilter": false,
  "avoidAngleLlvmpipeExplicitLodBias": false,
  "fixIterationRPSubgroupScratch": false,
  "deriveNumSubgroups": false,
  "iterationRPFixBarrier": false,
  "holdMs": 0,
  "mismatchPixels": 384125
}
Android retrace: real inproc transport, strict role state and zero Fatal records confirmed
archived repeat 1 to .trace-work\p7w1\E0a-inproc\minecraft-1.21.4-fabric-iris-complementary-reimagined-in-world-DirectVulkan\repeat-01
C:\Users\geekerwan\AndroidStudioProjects\FoldCraftLauncher\MobileGL-disagg\.trace-work\android-retrace-summary\mobilegl-android-retrace-overview.html
=== Android retrace: minecraft-1.21.4-fabric-iris-complementary-unbound-in-world / DirectVulkan (repeat 1/1) ===
C:\Users\geekerwan\AndroidStudioProjects\FoldCraftLauncher\MobileGL-disagg\.trace-work\android-retrace-fixture\minecraft-1.21.4-fabric-iris-complementary-unbound-in-world\trace.trace: 1 file pushed, 0 skipped. 35.5 MB/s (15649098 bytes in 0.420s)
C:\Users\geekerwan\AndroidStudioProjects\FoldCraftLauncher\MobileGL-disagg\tools\trace_replay\fixtures\minecraft-1.21.4-fabric-iris-complementary-unbound-in-world.0000146559.png: 1 file pushed, 0 skipped. 17.0 MB/s (736491 bytes in 0.041s)
Starting: Intent { act=top.mobilegl.plugin.TRACE_REPLAY cmp=top.mobilegl.plugin.p7w1.trace/top.mobilegl.plugin.trace.TraceReplayActivity (has extras) }
{
  "passed": true,
  "statusCode": 0,
  "message": "retrace completed; ssim=0.999476, ssimThreshold=0.990000, mismatchPixels=385300, matchedGoldenPath=/data/user/0/top.mobilegl.plugin.p7w1.trace/files/trace-replay/input/golden.png",
  "tracePath": "/data/user/0/top.mobilegl.plugin.p7w1.trace/files/trace-replay/input/trace.trace",
  "goldenPath": "/data/user/0/top.mobilegl.plugin.p7w1.trace/files/trace-replay/input/golden.png",
  "alternateGoldenPaths": [],
  "matchedGoldenPath": "/data/user/0/top.mobilegl.plugin.p7w1.trace/files/trace-replay/input/golden.png",
  "actualPath": "/data/user/0/top.mobilegl.plugin.p7w1.trace/files/trace-replay/output/actual.png",
  "diffPath": "/data/user/0/top.mobilegl.plugin.p7w1.trace/files/trace-replay/output/minecraft-1.21.4-fabric-iris-complementary-unbound-in-world-diff.png",
  "backend": "DirectVulkan",
  "angleVariant": "",
  "targetFrame": -1,
  "targetCall": 146559,
  "width": 854,
  "height": 480,
  "cropX": 0,
  "cropY": 0,
  "cropWidth": 0,
  "cropHeight": 0,
  "ssim": 0.999476169,
  "ssimThreshold": 0.990000000,
  "useAngle": false,
  "usePbuffer": true,
  "avoidAngleLlvmpipeSamplerMipmapMinFilter": false,
  "avoidAngleLlvmpipeExplicitLodBias": false,
  "fixIterationRPSubgroupScratch": false,
  "deriveNumSubgroups": false,
  "iterationRPFixBarrier": false,
  "holdMs": 0,
  "mismatchPixels": 385300
}
Android retrace: real inproc transport, strict role state and zero Fatal records confirmed
archived repeat 1 to .trace-work\p7w1\E0a-inproc\minecraft-1.21.4-fabric-iris-complementary-unbound-in-world-DirectVulkan\repeat-01
C:\Users\geekerwan\AndroidStudioProjects\FoldCraftLauncher\MobileGL-disagg\.trace-work\android-retrace-summary\mobilegl-android-retrace-overview.html
=== Android retrace: minecraft-1.21.4-fabric-iris-mellow-in-world / DirectVulkan (repeat 1/1) ===
C:\Users\geekerwan\AndroidStudioProjects\FoldCraftLauncher\MobileGL-disagg\.trace-work\android-retrace-fixture\minecraft-1.21.4-fabric-iris-mellow-in-world\trace.trace: 1 file pushed, 0 skipped. 32.0 MB/s (12632868 bytes in 0.377s)
C:\Users\geekerwan\AndroidStudioProjects\FoldCraftLauncher\MobileGL-disagg\tools\trace_replay\fixtures\minecraft-1.21.4-fabric-iris-mellow-in-world.0000096143.png: 1 file pushed, 0 skipped. 9.1 MB/s (601666 bytes in 0.063s)
Starting: Intent { act=top.mobilegl.plugin.TRACE_REPLAY cmp=top.mobilegl.plugin.p7w1.trace/top.mobilegl.plugin.trace.TraceReplayActivity (has extras) }
{
  "passed": true,
  "statusCode": 0,
  "message": "retrace completed; ssim=0.999372, ssimThreshold=0.990000, mismatchPixels=363637, matchedGoldenPath=/data/user/0/top.mobilegl.plugin.p7w1.trace/files/trace-replay/input/golden.png",
  "tracePath": "/data/user/0/top.mobilegl.plugin.p7w1.trace/files/trace-replay/input/trace.trace",
  "goldenPath": "/data/user/0/top.mobilegl.plugin.p7w1.trace/files/trace-replay/input/golden.png",
  "alternateGoldenPaths": [],
  "matchedGoldenPath": "/data/user/0/top.mobilegl.plugin.p7w1.trace/files/trace-replay/input/golden.png",
  "actualPath": "/data/user/0/top.mobilegl.plugin.p7w1.trace/files/trace-replay/output/actual.png",
  "diffPath": "/data/user/0/top.mobilegl.plugin.p7w1.trace/files/trace-replay/output/minecraft-1.21.4-fabric-iris-mellow-in-world-diff.png",
  "backend": "DirectVulkan",
  "angleVariant": "",
  "targetFrame": -1,
  "targetCall": 96143,
  "width": 854,
  "height": 480,
  "cropX": 0,
  "cropY": 0,
  "cropWidth": 0,
  "cropHeight": 0,
  "ssim": 0.999372032,
  "ssimThreshold": 0.990000000,
  "useAngle": false,
  "usePbuffer": true,
  "avoidAngleLlvmpipeSamplerMipmapMinFilter": false,
  "avoidAngleLlvmpipeExplicitLodBias": false,
  "fixIterationRPSubgroupScratch": false,
  "deriveNumSubgroups": false,
  "iterationRPFixBarrier": false,
  "holdMs": 0,
  "mismatchPixels": 363637
}
Android retrace: real inproc transport, strict role state and zero Fatal records confirmed
archived repeat 1 to .trace-work\p7w1\E0a-inproc\minecraft-1.21.4-fabric-iris-mellow-in-world-DirectVulkan\repeat-01
C:\Users\geekerwan\AndroidStudioProjects\FoldCraftLauncher\MobileGL-disagg\.trace-work\android-retrace-summary\mobilegl-android-retrace-overview.html
=== Android retrace: minecraft-1.21.4-fabric-iris-nostalgia-in-world / DirectVulkan (repeat 1/1) ===
C:\Users\geekerwan\AndroidStudioProjects\FoldCraftLauncher\MobileGL-disagg\.trace-work\android-retrace-fixture\minecraft-1.21.4-fabric-iris-nostalgia-in-world\trace.trace: 1 file pushed, 0 skipped. 37.7 MB/s (14969100 bytes in 0.378s)
C:\Users\geekerwan\AndroidStudioProjects\FoldCraftLauncher\MobileGL-disagg\tools\trace_replay\fixtures\minecraft-1.21.4-fabric-iris-nostalgia-in-world.0000153808-linux-mesa.png: 1 file pushed, 0 skipped. 13.9 MB/s (986690 bytes in 0.067s)
C:\Users\geekerwan\AndroidStudioProjects\FoldCraftLauncher\MobileGL-disagg\tools\trace_replay\fixtures\minecraft-1.21.4-fabric-iris-nostalgia-in-world.0000153808.png: 1 file pushed, 0 skipped. 21.7 MB/s (684356 bytes in 0.030s)
Starting: Intent { act=top.mobilegl.plugin.TRACE_REPLAY cmp=top.mobilegl.plugin.p7w1.trace/top.mobilegl.plugin.trace.TraceReplayActivity (has extras) }
{
  "passed": true,
  "statusCode": 0,
  "message": "retrace completed; ssim=0.999396, ssimThreshold=0.990000, mismatchPixels=293937, matchedGoldenPath=/data/user/0/top.mobilegl.plugin.p7w1.trace/files/trace-replay/input/alternate-golden.png",
  "tracePath": "/data/user/0/top.mobilegl.plugin.p7w1.trace/files/trace-replay/input/trace.trace",
  "goldenPath": "/data/user/0/top.mobilegl.plugin.p7w1.trace/files/trace-replay/input/golden.png",
  "alternateGoldenPaths": ["/data/user/0/top.mobilegl.plugin.p7w1.trace/files/trace-replay/input/alternate-golden.png"],
  "matchedGoldenPath": "/data/user/0/top.mobilegl.plugin.p7w1.trace/files/trace-replay/input/alternate-golden.png",
  "actualPath": "/data/user/0/top.mobilegl.plugin.p7w1.trace/files/trace-replay/output/actual.png",
  "diffPath": "/data/user/0/top.mobilegl.plugin.p7w1.trace/files/trace-replay/output/minecraft-1.21.4-fabric-iris-nostalgia-in-world-diff.png",
  "backend": "DirectVulkan",
  "angleVariant": "",
  "targetFrame": -1,
  "targetCall": 153808,
  "width": 854,
  "height": 480,
  "cropX": 0,
  "cropY": 0,
  "cropWidth": 0,
  "cropHeight": 0,
  "ssim": 0.999396223,
  "ssimThreshold": 0.990000000,
  "useAngle": false,
  "usePbuffer": true,
  "avoidAngleLlvmpipeSamplerMipmapMinFilter": false,
  "avoidAngleLlvmpipeExplicitLodBias": false,
  "fixIterationRPSubgroupScratch": false,
  "deriveNumSubgroups": false,
  "iterationRPFixBarrier": false,
  "holdMs": 0,
  "mismatchPixels": 293937
}
Android retrace: real inproc transport, strict role state and zero Fatal records confirmed
archived repeat 1 to .trace-work\p7w1\E0a-inproc\minecraft-1.21.4-fabric-iris-nostalgia-in-world-DirectVulkan\repeat-01
C:\Users\geekerwan\AndroidStudioProjects\FoldCraftLauncher\MobileGL-disagg\.trace-work\android-retrace-summary\mobilegl-android-retrace-overview.html
=== Android retrace: minecraft-1.21.4-fabric-iris-bliss-in-world / DirectVulkan (repeat 1/1) ===
C:\Users\geekerwan\AndroidStudioProjects\FoldCraftLauncher\MobileGL-disagg\.trace-work\android-retrace-fixture\minecraft-1.21.4-fabric-iris-bliss-in-world\trace.trace: 1 file pushed, 0 skipped. 28.1 MB/s (13898443 bytes in 0.472s)
C:\Users\geekerwan\AndroidStudioProjects\FoldCraftLauncher\MobileGL-disagg\tools\trace_replay\fixtures\minecraft-1.21.4-fabric-iris-bliss-in-world.0000113511.png: 1 file pushed, 0 skipped. 12.1 MB/s (716858 bytes in 0.057s)
Starting: Intent { act=top.mobilegl.plugin.TRACE_REPLAY cmp=top.mobilegl.plugin.p7w1.trace/top.mobilegl.plugin.trace.TraceReplayActivity (has extras) }
{
  "passed": true,
  "statusCode": 0,
  "message": "retrace completed; ssim=0.999093, ssimThreshold=0.990000, mismatchPixels=386131, matchedGoldenPath=/data/user/0/top.mobilegl.plugin.p7w1.trace/files/trace-replay/input/golden.png",
  "tracePath": "/data/user/0/top.mobilegl.plugin.p7w1.trace/files/trace-replay/input/trace.trace",
  "goldenPath": "/data/user/0/top.mobilegl.plugin.p7w1.trace/files/trace-replay/input/golden.png",
  "alternateGoldenPaths": [],
  "matchedGoldenPath": "/data/user/0/top.mobilegl.plugin.p7w1.trace/files/trace-replay/input/golden.png",
  "actualPath": "/data/user/0/top.mobilegl.plugin.p7w1.trace/files/trace-replay/output/actual.png",
  "diffPath": "/data/user/0/top.mobilegl.plugin.p7w1.trace/files/trace-replay/output/minecraft-1.21.4-fabric-iris-bliss-in-world-diff.png",
  "backend": "DirectVulkan",
  "angleVariant": "",
  "targetFrame": -1,
  "targetCall": 113511,
  "width": 854,
  "height": 480,
  "cropX": 0,
  "cropY": 0,
  "cropWidth": 0,
  "cropHeight": 0,
  "ssim": 0.999092748,
  "ssimThreshold": 0.990000000,
  "useAngle": false,
  "usePbuffer": true,
  "avoidAngleLlvmpipeSamplerMipmapMinFilter": false,
  "avoidAngleLlvmpipeExplicitLodBias": false,
  "fixIterationRPSubgroupScratch": false,
  "deriveNumSubgroups": false,
  "iterationRPFixBarrier": false,
  "holdMs": 0,
  "mismatchPixels": 386131
}
Android retrace: real inproc transport, strict role state and zero Fatal records confirmed
archived repeat 1 to .trace-work\p7w1\E0a-inproc\minecraft-1.21.4-fabric-iris-bliss-in-world-DirectVulkan\repeat-01
C:\Users\geekerwan\AndroidStudioProjects\FoldCraftLauncher\MobileGL-disagg\.trace-work\android-retrace-summary\mobilegl-android-retrace-overview.html
=== Android retrace: minecraft-1.21.4-fabric-iris-chocapic-v6-lite-in-world / DirectVulkan (repeat 1/1) ===
C:\Users\geekerwan\AndroidStudioProjects\FoldCraftLauncher\MobileGL-disagg\.trace-work\android-retrace-fixture\minecraft-1.21.4-fabric-iris-chocapic-v6-lite-in-world\trace.trace: 1 file pushed, 0 skipped. 39.6 MB/s (14676755 bytes in 0.353s)
C:\Users\geekerwan\AndroidStudioProjects\FoldCraftLauncher\MobileGL-disagg\tools\trace_replay\fixtures\minecraft-1.21.4-fabric-iris-chocapic-v6-lite-in-world.0000125124-linux-mesa.png: 1 file pushed, 0 skipped. 13.0 MB/s (680244 bytes in 0.050s)
Starting: Intent { act=top.mobilegl.plugin.TRACE_REPLAY cmp=top.mobilegl.plugin.p7w1.trace/top.mobilegl.plugin.trace.TraceReplayActivity (has extras) }
{
  "passed": true,
  "statusCode": 0,
  "message": "retrace completed; ssim=0.997492, ssimThreshold=0.990000, mismatchPixels=173054, matchedGoldenPath=/data/user/0/top.mobilegl.plugin.p7w1.trace/files/trace-replay/input/golden.png",
  "tracePath": "/data/user/0/top.mobilegl.plugin.p7w1.trace/files/trace-replay/input/trace.trace",
  "goldenPath": "/data/user/0/top.mobilegl.plugin.p7w1.trace/files/trace-replay/input/golden.png",
  "alternateGoldenPaths": [],
  "matchedGoldenPath": "/data/user/0/top.mobilegl.plugin.p7w1.trace/files/trace-replay/input/golden.png",
  "actualPath": "/data/user/0/top.mobilegl.plugin.p7w1.trace/files/trace-replay/output/actual.png",
  "diffPath": "/data/user/0/top.mobilegl.plugin.p7w1.trace/files/trace-replay/output/minecraft-1.21.4-fabric-iris-chocapic-v6-lite-in-world-diff.png",
  "backend": "DirectVulkan",
  "angleVariant": "",
  "targetFrame": -1,
  "targetCall": 125124,
  "width": 854,
  "height": 480,
  "cropX": 0,
  "cropY": 0,
  "cropWidth": 0,
  "cropHeight": 0,
  "ssim": 0.997491927,
  "ssimThreshold": 0.990000000,
  "useAngle": false,
  "usePbuffer": true,
  "avoidAngleLlvmpipeSamplerMipmapMinFilter": false,
  "avoidAngleLlvmpipeExplicitLodBias": false,
  "fixIterationRPSubgroupScratch": false,
  "deriveNumSubgroups": false,
  "iterationRPFixBarrier": false,
  "holdMs": 0,
  "mismatchPixels": 173054
}
Android retrace: real inproc transport, strict role state and zero Fatal records confirmed
archived repeat 1 to .trace-work\p7w1\E0a-inproc\minecraft-1.21.4-fabric-iris-chocapic-v6-lite-in-world-DirectVulkan\repeat-01
C:\Users\geekerwan\AndroidStudioProjects\FoldCraftLauncher\MobileGL-disagg\.trace-work\android-retrace-summary\mobilegl-android-retrace-overview.html
=== Android retrace: minecraft-1.21.4-fabric-iris-iterationt-in-world / DirectVulkan (repeat 1/1) ===
C:\Users\geekerwan\AndroidStudioProjects\FoldCraftLauncher\MobileGL-disagg\.trace-work\android-retrace-fixture\minecraft-1.21.4-fabric-iris-iterationt-in-world\trace.trace: 1 file pushed, 0 skipped. 23.7 MB/s (94141776 bytes in 3.785s)
C:\Users\geekerwan\AndroidStudioProjects\FoldCraftLauncher\MobileGL-disagg\tools\trace_replay\fixtures\minecraft-1.21.4-fabric-iris-iterationt-in-world.0000110538.png: 1 file pushed, 0 skipped. 9.4 MB/s (705968 bytes in 0.072s)
Starting: Intent { act=top.mobilegl.plugin.TRACE_REPLAY cmp=top.mobilegl.plugin.p7w1.trace/top.mobilegl.plugin.trace.TraceReplayActivity (has extras) }
trace-replay-ci.sh: app process exited before result.json was created
trace-replay-ci.sh: retrace.log:
/opt/Java/jdk-21/bin/java
MGPipe: Fatal{UnmigratedVerb, "Magma:mipmap-shader-format-or-shape"}
apitrace: warning: caught signal 6
95543: error: caught an unhandled exception
trace-replay-ci.sh: tail of mobilegl.log:
[02:25:32] [Android mgl-srv-apply/INFO]:     VK_KHR_external_memory_fd (r.1)
[02:25:32] [Android mgl-srv-apply/INFO]:     VK_QCOM_render_pass_shader_resolve (r.4)
[02:25:32] [Android mgl-srv-apply/INFO]:     VK_KHR_maintenance1 (r.2)
[02:25:32] [Android mgl-srv-apply/INFO]:     VK_KHR_maintenance2 (r.1)
[02:25:32] [Android mgl-srv-apply/INFO]:     VK_KHR_maintenance3 (r.1)
[02:25:32] [Android mgl-srv-apply/INFO]:     VK_KHR_maintenance4 (r.2)
[02:25:32] [Android mgl-srv-apply/INFO]:     VK_KHR_maintenance5 (r.1)
[02:25:32] [Android mgl-srv-apply/INFO]:     VK_KHR_maintenance6 (r.1)
[02:25:32] [Android mgl-srv-apply/INFO]:     VK_KHR_separate_depth_stencil_layouts (r.1)
[02:25:32] [Android mgl-srv-apply/INFO]:     VK_EXT_image_robustness (r.1)
[02:25:32] [Android mgl-srv-apply/INFO]:     VK_EXT_calibrated_timestamps (r.2)
[02:25:32] [Android mgl-srv-apply/INFO]:     VK_KHR_buffer_device_address (r.1)
[02:25:32] [Android mgl-srv-apply/INFO]:     VK_EXT_extended_dynamic_state (r.1)
[02:25:32] [Android mgl-srv-apply/INFO]:     VK_EXT_queue_family_foreign (r.1)
[02:25:32] [Android mgl-srv-apply/INFO]:     VK_KHR_shader_quad_control (r.1)
[02:25:32] [Android mgl-srv-apply/INFO]:     VK_EXT_image_view_min_lod (r.1)
[02:25:32] [Android mgl-srv-apply/INFO]:     VK_ANDROID_external_format_resolve (r.1)
[02:25:32] [Android mgl-srv-apply/INFO]:     VK_QCOM_ycbcr_degamma (r.1)
[02:25:32] [Android mgl-srv-apply/INFO]:     VK_KHR_bind_memory2 (r.1)
[02:25:32] [Android mgl-srv-apply/INFO]:     VK_EXT_pipeline_protected_access (r.1)
[02:25:32] [Android mgl-srv-apply/INFO]:     VK_KHR_external_semaphore (r.1)
[02:25:32] [Android mgl-srv-apply/INFO]:     VK_KHR_shader_terminate_invocation (r.1)
[02:25:32] [Android mgl-srv-apply/INFO]:     VK_QCOM_fragment_density_map_offset (r.2)
[02:25:32] [Android mgl-srv-apply/INFO]:     VK_EXT_scalar_block_layout (r.1)
[02:25:32] [Android mgl-srv-apply/INFO]:     VK_KHR_map_memory2 (r.1)
[02:25:32] [Android mgl-srv-apply/INFO]:     VK_EXT_load_store_op_none (r.1)
[02:25:32] [Android mgl-srv-apply/INFO]:     VK_KHR_load_store_op_none (r.1)
[02:25:32] [Android mgl-srv-apply/INFO]:     VK_KHR_shader_maximal_reconvergence (r.1)
[02:25:32] [Android mgl-srv-apply/INFO]:     VK_KHR_sampler_ycbcr_conversion (r.14)
[02:25:32] [Android mgl-srv-apply/INFO]:     VK_EXT_vertex_attribute_divisor (r.3)
[02:25:32] [Android mgl-srv-apply/INFO]:     VK_KHR_variable_pointers (r.1)
[02:25:32] [Android mgl-srv-apply/INFO]:     VK_QCOM_multiview_per_view_viewports (r.1)
[02:25:32] [Android mgl-srv-apply/INFO]:     VK_KHR_ray_query (r.1)
[02:25:32] [Android mgl-srv-apply/INFO]:     VK_EXT_primitives_generated_query (r.1)
[02:25:32] [Android mgl-srv-apply/INFO]:     VK_KHR_push_descriptor (r.2)
[02:25:32] [Android mgl-srv-apply/INFO]:     VK_KHR_timeline_semaphore (r.2)
[02:25:32] [Android mgl-srv-apply/INFO]:     VK_EXT_device_memory_report (r.2)
[02:25:32] [Android mgl-srv-apply/INFO]:     VK_KHR_shader_subgroup_rotate (r.2)
[02:25:32] [Android mgl-srv-apply/INFO]:     VK_KHR_imageless_framebuffer (r.1)
[02:25:32] [Android mgl-srv-apply/INFO]:     VK_KHR_device_group (r.4)
[02:25:32] [Android mgl-srv-apply/INFO]:     VK_EXT_device_fault (r.2)
[02:25:32] [Android mgl-srv-apply/INFO]:     VK_KHR_relaxed_block_layout (r.1)
[02:25:32] [Android mgl-srv-apply/INFO]:     VK_KHR_shader_expect_assume (r.1)
[02:25:32] [Android mgl-srv-apply/INFO]:     VK_KHR_shader_atomic_int64 (r.1)
[02:25:32] [Android mgl-srv-apply/INFO]:     VK_KHR_external_fence (r.1)
[02:25:32] [Android mgl-srv-apply/INFO]:     VK_KHR_shader_non_semantic_info (r.1)
[02:25:32] [Android mgl-srv-apply/INFO]:     VK_EXT_shader_atomic_float (r.1)
[02:25:32] [Android mgl-srv-apply/INFO]:     VK_EXT_custom_border_color (r.12)
[02:25:32] [Android mgl-srv-apply/INFO]:     VK_EXT_host_query_reset (r.1)
[02:25:32] [Android mgl-srv-apply/INFO]:     VK_EXT_index_type_uint8 (r.1)
[02:25:32] [Android mgl-srv-apply/INFO]:     VK_KHR_multiview (r.1)
[02:25:32] [Android mgl-srv-apply/INFO]:     VK_KHR_storage_buffer_storage_class (r.1)
[02:25:32] [Android mgl-srv-apply/INFO]:     VK_EXT_fragment_density_map2 (r.1)
[02:25:32] [Android mgl-srv-apply/INFO]:     VK_QCOM_filter_cubic_weights (r.1)
[02:25:32] [Android mgl-srv-apply/INFO]:     VK_KHR_workgroup_memory_explicit_layout (r.1)
[02:25:32] [Android mgl-srv-apply/INFO]:     VK_QCOM_rotated_copy_commands (r.2)
[02:25:32] [Android mgl-srv-apply/INFO]:     VK_KHR_shader_subgroup_extended_types (r.1)
[02:25:32] [Android mgl-srv-apply/INFO]:     VK_EXT_external_memory_acquire_unmodified (r.1)
[02:25:32] [Android mgl-srv-apply/INFO]:     VK_EXT_private_data (r.1)
[02:25:32] [Android mgl-srv-apply/INFO]:     VK_EXT_descriptor_buffer (r.1)
[02:25:32] [Android mgl-srv-apply/INFO]:     VK_EXT_conditional_rendering (r.2)
[02:25:32] [Android mgl-srv-apply/INFO]:     VK_EXT_mutable_descriptor_type (r.1)
[02:25:32] [Android mgl-srv-apply/INFO]:     VK_EXT_pipeline_creation_cache_control (r.3)
[02:25:32] [Android mgl-srv-apply/INFO]:     VK_EXT_robustness2 (r.1)
[02:25:32] [Android mgl-srv-apply/INFO]:     VK_KHR_shader_clock (r.1)
[02:25:32] [Android mgl-srv-apply/INFO]:     VK_EXT_shader_module_identifier (r.1)
[02:25:32] [Android mgl-srv-apply/INFO]:     VK_KHR_vertex_attribute_divisor (r.1)
[02:25:32] [Android mgl-srv-apply/INFO]:     VK_EXT_global_priority_query (r.1)
[02:25:32] [Android mgl-srv-apply/INFO]:     VK_EXT_separate_stencil_usage (r.1)
[02:25:32] [Android mgl-srv-apply/INFO]:     VK_EXT_border_color_swizzle (r.1)
[02:25:32] [Android mgl-srv-apply/INFO]:     VK_EXT_vertex_input_dynamic_state (r.2)
[02:25:32] [Android mgl-srv-apply/INFO]:     VK_IMG_filter_cubic (r.1)
[02:25:32] [Android mgl-srv-apply/INFO]:     VK_EXT_filter_cubic (r.3)
[02:25:32] [Android mgl-srv-apply/INFO]:     VK_EXT_shader_subgroup_vote (r.1)
[02:25:32] [Android mgl-srv-apply/INFO]:     VK_EXT_device_address_binding_report (r.1)
[02:25:32] [Android mgl-srv-apply/INFO]:     VK_NV_optical_flow (r.1)
[02:25:32] [Android mgl-srv-apply/INFO]:     VK_QCOM_tile_properties (r.1)
[02:25:32] [Android mgl-srv-apply/INFO]:     VK_KHR_image_format_list (r.1)
[02:25:32] [Android mgl-srv-apply/INFO]:     VK_EXT_sampler_filter_minmax (r.2)
[02:25:32] [Android mgl-srv-apply/INFO]:     VK_KHR_16bit_storage (r.1)
[02:25:32] [Android mgl-srv-apply/INFO]:     VK_EXT_shader_viewport_index_layer (r.1)
[02:25:32] [Android mgl-srv-apply/INFO]:     VK_KHR_pipeline_executable_properties (r.1)
[02:25:32] [Android mgl-srv-apply/INFO]:     VK_EXT_shader_demote_to_helper_invocation (r.1)
[02:25:32] [Android mgl-srv-apply/INFO]:     VK_EXT_color_write_enable (r.1)
[02:25:32] [Android mgl-srv-apply/INFO]:     VK_KHR_dynamic_rendering_local_read (r.1)
[02:25:32] [Android mgl-srv-apply/INFO]:     VK_QCOM_render_pass_transform (r.4)
[02:25:32] [Android mgl-srv-apply/INFO]:     VK_KHR_create_renderpass2 (r.1)
[02:25:32] [Android mgl-srv-apply/INFO]:     VK_EXT_shader_image_atomic_int64 (r.1)
[02:25:32] [Android mgl-srv-apply/INFO]:     VK_KHR_acceleration_structure (r.13)
[02:25:32] [Android mgl-srv-apply/INFO]:     VK_EXT_depth_clip_control (r.1)
[02:25:32] [Android mgl-srv-apply/INFO]:     VK_EXT_transform_feedback (r.1)
[02:25:32] [Android mgl-srv-apply/INFO]:     VK_EXT_blend_operation_advanced (r.2)
[02:25:32] [Android mgl-srv-apply/INFO]:     VK_EXT_provoking_vertex (r.1)
[02:25:32] [Android mgl-srv-apply/INFO]:     VK_KHR_8bit_storage (r.1)
[02:25:32] [Android mgl-srv-apply/INFO]:     VK_QCOM_multiview_per_view_render_areas (r.1)
[02:25:32] [Android mgl-srv-apply/INFO]:     VK_EXT_inline_uniform_block (r.1)
[02:25:32] [Android mgl-srv-apply/INFO]:     VK_EXT_shader_subgroup_ballot (r.1)
[02:25:32] [Android mgl-srv-apply/INFO]:     VK_KHR_depth_stencil_resolve (r.1)
[02:25:32] [Android mgl-srv-apply/INFO]:     VK_KHR_shader_float_controls (r.4)
[02:25:32] [Android mgl-srv-apply/INFO]:     VK_EXT_texture_compression_astc_hdr (r.1)
[02:25:32] [Android mgl-srv-apply/INFO]:     VK_EXT_global_priority (r.2)
[02:25:32] [Android mgl-srv-apply/INFO]:     VK_EXT_4444_formats (r.1)
[02:25:32] [Android mgl-srv-apply/INFO]:     VK_KHR_shader_draw_parameters (r.1)
[02:25:32] [Android mgl-srv-apply/INFO]:     VK_KHR_vulkan_memory_model (r.3)
[02:25:32] [Android mgl-srv-apply/INFO]:     VK_EXT_descriptor_indexing (r.2)
[02:25:32] [Android mgl-srv-apply/INFO]:     VK_EXT_depth_clip_enable (r.1)
[02:25:32] [Android mgl-srv-apply/INFO]:     VK_KHR_synchronization2 (r.1)
[02:25:32] [Android mgl-srv-apply/INFO]:     VK_KHR_shader_integer_dot_product (r.1)
[02:25:32] [Android mgl-srv-apply/INFO]:     VK_EXT_line_rasterization (r.1)
[02:25:32] [Android mgl-srv-apply/INFO]:     VK_KHR_line_rasterization (r.1)
[02:25:32] [Android mgl-srv-apply/INFO]:     VK_QCOM_image_processing (r.1)
[02:25:32] [Android mgl-srv-apply/INFO]:     VK_KHR_shader_float_controls2 (r.1)
[02:25:32] [Android mgl-srv-apply/INFO]:     VK_KHR_fragment_shading_rate (r.2)
[02:25:32] [Android mgl-srv-apply/INFO]:     VK_KHR_descriptor_update_template (r.1)
[02:25:32] [Android mgl-srv-apply/INFO]:     VK_KHR_draw_indirect_count (r.1)
[02:25:32] [Android mgl-srv-apply/INFO]:     VK_KHR_driver_properties (r.1)
[02:25:32] [Android mgl-srv-apply/INFO]:     VK_KHR_ray_tracing_position_fetch (r.1)
[02:25:32] [Android mgl-srv-apply/INFO]:     VK_KHR_dynamic_rendering (r.1)
[02:25:32] [Android mgl-srv-apply/INFO]:     VK_KHR_zero_initialize_workgroup_memory (r.1)
[02:25:32] [Android mgl-srv-apply/INFO]:     VK_KHR_uniform_buffer_standard_layout (r.1)
[02:25:32] [Android mgl-srv-apply/INFO]:     VK_EXT_depth_clamp_zero_one (r.1)
[02:25:32] [Android mgl-srv-apply/INFO]:     VK_ANDROID_external_memory_android_hardware_buffer (r.5)
[02:25:32] [Android mgl-srv-apply/INFO]:     VK_EXT_image_2d_view_of_3d (r.1)
[02:25:32] [Android mgl-srv-apply/INFO]:     VK_EXT_extended_dynamic_state2 (r.1)
[02:25:32] [Android mgl-srv-apply/INFO]:     VK_KHR_dedicated_allocation (r.3)
[02:25:32] [Android mgl-srv-apply/INFO]:     VK_EXT_texel_buffer_alignment (r.1)
[02:25:32] [Android mgl-srv-apply/INFO]:     VK_EXT_primitive_topology_list_restart (r.1)
[02:25:32] [Android mgl-srv-apply/INFO]:     VK_EXT_rasterization_order_attachment_access (r.1)
[02:25:32] [Android mgl-srv-apply/INFO]:     VK_KHR_shader_subgroup_uniform_control_flow (r.1)
[02:25:32] [Android mgl-srv-apply/INFO]:     VK_EXT_tooling_info (r.1)
[02:25:32] [Android mgl-srv-apply/INFO]:     VK_KHR_format_feature_flags2 (r.2)
[02:25:32] [Android mgl-srv-apply/INFO]:     VK_KHR_global_priority (r.1)
[02:25:32] [Android mgl-srv-apply/INFO]:     VK_EXT_sample_locations (r.1)
[02:25:32] [Android mgl-srv-apply/INFO]:     VK_EXT_multi_draw (r.1)
[02:25:32] [Android mgl-srv-apply/INFO]:     VK_KHR_swapchain (r.70)
[02:25:32] [Android mgl-srv-apply/INFO]:     VK_KHR_sampler_mirror_clamp_to_edge (r.3)
[02:25:32] [Android mgl-srv-apply/INFO]:     VK_QCOM_image_processing2 (r.1)
[02:25:32] [Android mgl-srv-apply/INFO]:     VK_KHR_external_fence_fd (r.1)
[02:25:32] [Android mgl-srv-apply/INFO]: Required extension found: VK_KHR_swapchain
[02:25:32] [Android mgl-srv-apply/INFO]:     Picked physical device. (Reason: First suitable device)
[02:25:32] [Android mgl-srv-apply/INFO]: Picked physical device 0.
[02:25:32] [Android mgl-srv-apply/INFO]: Vulkan: multiViewport enabled; rasterizable viewports=16 (device limit 16, GL state width 16)
[02:25:32] [Android mgl-srv-apply/INFO]: Enabled optional device extension: VK_KHR_draw_indirect_count
[02:25:32] [Android mgl-srv-apply/INFO]: Enabled optional device extension: VK_KHR_shader_draw_parameters
[02:25:32] [Android mgl-srv-apply/INFO]: VK_KHR_image_format_list enabled: true
[02:25:32] [Android mgl-srv-apply/INFO]: VK_KHR_draw_indirect_count enabled: true
[02:25:32] [Android mgl-srv-apply/INFO]: Enabled optional device extension: VK_KHR_create_renderpass2
[02:25:32] [Android mgl-srv-apply/INFO]: Enabled optional device extension: VK_KHR_depth_stencil_resolve
[02:25:32] [Android mgl-srv-apply/INFO]: Vulkan: update-after-bind descriptor layouts enabled
[02:25:32] [Android mgl-srv-apply/INFO]: Enabled optional device extension: VK_KHR_index_type_uint8
[02:25:32] [Android mgl-srv-apply/INFO]: Enabled optional device extension: VK_EXT_primitive_topology_list_restart
[02:25:32] [Android mgl-srv-apply/INFO]: Enabled optional device extension: VK_EXT_custom_border_color (maxCustomBorderColorSamplers=4000)
[02:25:32] [Android mgl-srv-apply/INFO]: Enabled optional device extension: VK_EXT_subgroup_size_control (computeFullSubgroups)
[02:25:32] [Android mgl-srv-apply/INFO]: Enabled optional device extension: VK_EXT_transform_feedback
[02:25:32] [Android mgl-srv-apply/INFO]: Enabled optional device extension: VK_EXT_provoking_vertex (transformFeedbackPreservesProvokingVertex=false)
[02:25:32] [Android mgl-srv-apply/INFO]: Enabled optional device extension: VK_EXT_vertex_attribute_divisor
[02:25:32] [Android mgl-srv-apply/INFO]: Enabled optional device extension: VK_EXT_multi_draw (maxMultiDrawCount=1024)
[02:25:32] [Android mgl-srv-apply/INFO]: Device feature support: robustBufferAccess=true geometryShader=true independentBlend=true logicOp=true shaderClipDistance=true shaderCullDistance=true wideLines=true shaderInt64=true vertexStoresAtomics=true fragmentStoresAtomics=true storageImageExtendedFormats=true storageImageReadWithoutFormat=true storageImageWriteWithoutFormat=true drawIndirectFirstInstance=true multiDrawIndirect=true
[02:25:32] [Android mgl-srv-apply/INFO]: Device feature enabled: robustBufferAccess=true geometryShader=true independentBlend=true logicOp=true shaderClipDistance=true shaderCullDistance=true wideLines=true shaderInt64=true vertexStoresAtomics=true fragmentStoresAtomics=true storageImageExtendedFormats=true storageImageReadWithoutFormat=true storageImageWriteWithoutFormat=true drawIndirectFirstInstance=true multiDrawIndirect=true shaderDrawParameters=true
[02:25:32] [Android mgl-srv-apply/INFO]: Multi-draw dispatch tier: ext (VK_EXT_multi_draw=true, multiDrawIndirect=true, mode=auto)
[02:25:32] [Android mgl-srv-apply/INFO]: index type uint8 enabled: true
[02:25:32] [Android mgl-srv-apply/INFO]: Logical device created.
[02:25:32] [Android mgl-srv-apply/INFO]: Queues got successfully.
[02:25:32] [Android mgl-srv-apply/INFO]: Timer queries supported (timestampValidBits=48, timestampPeriod=52.083332 ns/tick)
[02:25:32] [Android mgl-srv-apply/INFO]: PRIMITIVES_GENERATED probe triangles: drawn=1 stream=0/1 pgq=0(0) stat=1(1)
[02:25:32] [Android mgl-srv-apply/INFO]: PRIMITIVES_GENERATED probe triangles+discard: drawn=1 stream=0/1 pgq=0(0) stat=0(1)
[02:25:32] [Android mgl-srv-apply/INFO]: PRIMITIVES_GENERATED probe patches+discard: drawn=1 stream=0/1 pgq=0(0) stat=0(1)
[02:25:32] [Android mgl-srv-apply/INFO]: PRIMITIVES_GENERATED for XFB-inactive draws will accumulate through a clipping-invocations pipeline-statistics pool
[02:25:32] [Android mgl-srv-apply/INFO]: Command pool created
[02:25:32] [Android mgl-srv-apply/INFO]: MaxFramesInFlight: configured request=3
[02:25:32] [Android mgl-srv-apply/INFO]: MaxFramesInFlight: using 3 (surface minImageCount=11, maxImageCount=64)
[02:25:32] [Android mgl-srv-apply/INFO]: CreateFrameContexts completed
[02:25:32] [Android mgl-srv-apply/INFO]: DirectVulkan: using 256 program descriptor bindings
[02:25:32] [Android mgl-srv-apply/INFO]: Got 5 surface formats:
[02:25:32] [Android mgl-srv-apply/INFO]: Picked surface format: [VK_FORMAT_R8G8B8A8_UNORM, VK_COLOR_SPACE_SRGB_NONLINEAR_KHR]
[02:25:32] [Android mgl-srv-apply/INFO]: Got 4 present modes:
[02:25:32] [Android mgl-srv-apply/INFO]: Picked present mode: VK_PRESENT_MODE_MAILBOX_KHR
[02:25:32] [Android mgl-srv-apply/INFO]: Set minImageCount = 11
[02:25:32] [Android mgl-srv-apply/INFO]: Swapchain currentTransform = VK_SURFACE_TRANSFORM_IDENTITY_BIT_KHR
[02:25:32] [Android mgl-srv-apply/INFO]: Swapchain imageUsage = 0x13 (supportedUsageFlags = 0x9f)
[02:25:32] [Android mgl-srv-apply/INFO]: Set swapchain preTransform = VK_SURFACE_TRANSFORM_IDENTITY_BIT_KHR
[02:25:32] [Android mgl-srv-apply/INFO]: Swapchain image views created
[02:25:32] [Android mgl-srv-apply/INFO]: Swapchain created, extent = 854x480, swapchain imageCount = 11
[02:25:32] [Android mgl-srv-apply/INFO]: DirectVulkan: suppressing depth writes on accumulation-blended pipelines (driver lacks cross-pipeline position invariance)
[02:25:32] [Android mgl-srv-apply/INFO]: Vulkan shader subgroup support: detected=true advertised=true size=64 stages=0x30 operations=0x2bf
[02:25:32] [Android mgl-srv-apply/INFO]: DirectVulkan: clamped GL_MAX_COMPUTE_SHADER_STORAGE_BLOCKS from 16777216 to 256
[02:25:32] [Android mgl-srv-apply/INFO]: DirectVulkan: clamped GL_MAX_COMBINED_SHADER_STORAGE_BLOCKS from 16777216 to 256
[02:25:32] [Android mgl-srv-apply/INFO]: DirectVulkan: clamped GL_MAX_COMPUTE_UNIFORM_BLOCKS from 16777216 to 256
[02:25:32] [Android mgl-srv-apply/INFO]: DirectVulkan: clamped GL_MAX_SHADER_STORAGE_BUFFER_BINDINGS from 16777216 to 256
[02:25:32] [Android mgl-srv-apply/INFO]: DirectVulkan: clamped GL_MAX_UNIFORM_BUFFER_BINDINGS from 16777216 to 256
[02:25:32] [Android mgl-srv-apply/INFO]: DirectVulkan: clamped GL_MAX_SHADER_STORAGE_BLOCK_SIZE from 2147483647 to 536870912
[02:25:32] [Android mgl-srv-apply/INFO]: Vulkan shader subgroup support: detected=true advertised=true size=64 stages=0x30 operations=0x2bf
[02:25:32] [Android mgl-srv-apply/INFO]: DirectVulkan: clamped GL_MAX_COMPUTE_SHADER_STORAGE_BLOCKS from 16777216 to 256
[02:25:32] [Android mgl-srv-apply/INFO]: DirectVulkan: clamped GL_MAX_COMBINED_SHADER_STORAGE_BLOCKS from 16777216 to 256
[02:25:32] [Android mgl-srv-apply/INFO]: DirectVulkan: clamped GL_MAX_COMPUTE_UNIFORM_BLOCKS from 16777216 to 256
[02:25:32] [Android mgl-srv-apply/INFO]: DirectVulkan: clamped GL_MAX_SHADER_STORAGE_BUFFER_BINDINGS from 16777216 to 256
[02:25:32] [Android mgl-srv-apply/INFO]: DirectVulkan: clamped GL_MAX_UNIFORM_BUFFER_BINDINGS from 16777216 to 256
[02:25:32] [Android mgl-srv-apply/INFO]: DirectVulkan: clamped GL_MAX_SHADER_STORAGE_BLOCK_SIZE from 2147483647 to 536870912
[02:25:34] [Android mgl-srv-apply/WARN]: GetOrCreatePipeline: patching vertex input location=6 format=88 -> 89 to match shader input type=35668 for program=7
[02:25:34] [Android mgl-srv-apply/FATAL]: MGPipe: Fatal{UnmigratedVerb, "Magma:mipmap-shader-format-or-shape"}
trace-replay-ci.sh: recent relevant logcat lines:
09-23 02:25:32.654 30178 30721 I MobileGL: [02:25:32] [Android mgl-srv-apply/INFO]:     VK_EXT_robustness2 (r.1)
09-23 02:25:32.654 30178 30721 I MobileGL: [02:25:32] [Android mgl-srv-apply/INFO]:     VK_KHR_shader_clock (r.1)
09-23 02:25:32.654 30178 30721 I MobileGL: [02:25:32] [Android mgl-srv-apply/INFO]:     VK_EXT_shader_module_identifier (r.1)
09-23 02:25:32.654 30178 30721 I MobileGL: [02:25:32] [Android mgl-srv-apply/INFO]:     VK_KHR_vertex_attribute_divisor (r.1)
09-23 02:25:32.654 30178 30721 I MobileGL: [02:25:32] [Android mgl-srv-apply/INFO]:     VK_EXT_global_priority_query (r.1)
09-23 02:25:32.654 30178 30721 I MobileGL: [02:25:32] [Android mgl-srv-apply/INFO]:     VK_EXT_separate_stencil_usage (r.1)
09-23 02:25:32.654 30178 30721 I MobileGL: [02:25:32] [Android mgl-srv-apply/INFO]:     VK_EXT_border_color_swizzle (r.1)
09-23 02:25:32.654 30178 30721 I MobileGL: [02:25:32] [Android mgl-srv-apply/INFO]:     VK_EXT_vertex_input_dynamic_state (r.2)
09-23 02:25:32.654 30178 30721 I MobileGL: [02:25:32] [Android mgl-srv-apply/INFO]:     VK_IMG_filter_cubic (r.1)
09-23 02:25:32.654 30178 30721 I MobileGL: [02:25:32] [Android mgl-srv-apply/INFO]:     VK_EXT_filter_cubic (r.3)
09-23 02:25:32.654 30178 30721 I MobileGL: [02:25:32] [Android mgl-srv-apply/INFO]:     VK_EXT_shader_subgroup_vote (r.1)
09-23 02:25:32.654 30178 30721 I MobileGL: [02:25:32] [Android mgl-srv-apply/INFO]:     VK_EXT_device_address_binding_report (r.1)
09-23 02:25:32.654 30178 30721 I MobileGL: [02:25:32] [Android mgl-srv-apply/INFO]:     VK_NV_optical_flow (r.1)
09-23 02:25:32.654 30178 30721 I MobileGL: [02:25:32] [Android mgl-srv-apply/INFO]:     VK_QCOM_tile_properties (r.1)
09-23 02:25:32.654 30178 30721 I MobileGL: [02:25:32] [Android mgl-srv-apply/INFO]:     VK_KHR_image_format_list (r.1)
09-23 02:25:32.654 30178 30721 I MobileGL: [02:25:32] [Android mgl-srv-apply/INFO]:     VK_EXT_sampler_filter_minmax (r.2)
09-23 02:25:32.654 30178 30721 I MobileGL: [02:25:32] [Android mgl-srv-apply/INFO]:     VK_KHR_16bit_storage (r.1)
09-23 02:25:32.654 30178 30721 I MobileGL: [02:25:32] [Android mgl-srv-apply/INFO]:     VK_EXT_shader_viewport_index_layer (r.1)
09-23 02:25:32.654 30178 30721 I MobileGL: [02:25:32] [Android mgl-srv-apply/INFO]:     VK_KHR_pipeline_executable_properties (r.1)
09-23 02:25:32.654 30178 30721 I MobileGL: [02:25:32] [Android mgl-srv-apply/INFO]:     VK_EXT_shader_demote_to_helper_invocation (r.1)
09-23 02:25:32.654 30178 30721 I MobileGL: [02:25:32] [Android mgl-srv-apply/INFO]:     VK_EXT_color_write_enable (r.1)
09-23 02:25:32.654 30178 30721 I MobileGL: [02:25:32] [Android mgl-srv-apply/INFO]:     VK_KHR_dynamic_rendering_local_read (r.1)
09-23 02:25:32.654 30178 30721 I MobileGL: [02:25:32] [Android mgl-srv-apply/INFO]:     VK_QCOM_render_pass_transform (r.4)
09-23 02:25:32.654 30178 30721 I MobileGL: [02:25:32] [Android mgl-srv-apply/INFO]:     VK_KHR_create_renderpass2 (r.1)
09-23 02:25:32.654 30178 30721 I MobileGL: [02:25:32] [Android mgl-srv-apply/INFO]:     VK_EXT_shader_image_atomic_int64 (r.1)
09-23 02:25:32.654 30178 30721 I MobileGL: [02:25:32] [Android mgl-srv-apply/INFO]:     VK_KHR_acceleration_structure (r.13)
09-23 02:25:32.654 30178 30721 I MobileGL: [02:25:32] [Android mgl-srv-apply/INFO]:     VK_EXT_depth_clip_control (r.1)
09-23 02:25:32.654 30178 30721 I MobileGL: [02:25:32] [Android mgl-srv-apply/INFO]:     VK_EXT_transform_feedback (r.1)
09-23 02:25:32.654 30178 30721 I MobileGL: [02:25:32] [Android mgl-srv-apply/INFO]:     VK_EXT_blend_operation_advanced (r.2)
09-23 02:25:32.654 30178 30721 I MobileGL: [02:25:32] [Android mgl-srv-apply/INFO]:     VK_EXT_provoking_vertex (r.1)
09-23 02:25:32.654 30178 30721 I MobileGL: [02:25:32] [Android mgl-srv-apply/INFO]:     VK_KHR_8bit_storage (r.1)
09-23 02:25:32.654 30178 30721 I MobileGL: [02:25:32] [Android mgl-srv-apply/INFO]:     VK_QCOM_multiview_per_view_render_areas (r.1)
09-23 02:25:32.654 30178 30721 I MobileGL: [02:25:32] [Android mgl-srv-apply/INFO]:     VK_EXT_inline_uniform_block (r.1)
09-23 02:25:32.654 30178 30721 I MobileGL: [02:25:32] [Android mgl-srv-apply/INFO]:     VK_EXT_shader_subgroup_ballot (r.1)
09-23 02:25:32.654 30178 30721 I MobileGL: [02:25:32] [Android mgl-srv-apply/INFO]:     VK_KHR_depth_stencil_resolve (r.1)
09-23 02:25:32.654 30178 30721 I MobileGL: [02:25:32] [Android mgl-srv-apply/INFO]:     VK_KHR_shader_float_controls (r.4)
09-23 02:25:32.654 30178 30721 I MobileGL: [02:25:32] [Android mgl-srv-apply/INFO]:     VK_EXT_texture_compression_astc_hdr (r.1)
09-23 02:25:32.654 30178 30721 I MobileGL: [02:25:32] [Android mgl-srv-apply/INFO]:     VK_EXT_global_priority (r.2)
09-23 02:25:32.654 30178 30721 I MobileGL: [02:25:32] [Android mgl-srv-apply/INFO]:     VK_EXT_4444_formats (r.1)
09-23 02:25:32.654 30178 30721 I MobileGL: [02:25:32] [Android mgl-srv-apply/INFO]:     VK_KHR_shader_draw_parameters (r.1)
09-23 02:25:32.654 30178 30721 I MobileGL: [02:25:32] [Android mgl-srv-apply/INFO]:     VK_KHR_vulkan_memory_model (r.3)
09-23 02:25:32.654 30178 30721 I MobileGL: [02:25:32] [Android mgl-srv-apply/INFO]:     VK_EXT_descriptor_indexing (r.2)
09-23 02:25:32.654 30178 30721 I MobileGL: [02:25:32] [Android mgl-srv-apply/INFO]:     VK_EXT_depth_clip_enable (r.1)
09-23 02:25:32.654 30178 30721 I MobileGL: [02:25:32] [Android mgl-srv-apply/INFO]:     VK_KHR_synchronization2 (r.1)
09-23 02:25:32.654 30178 30721 I MobileGL: [02:25:32] [Android mgl-srv-apply/INFO]:     VK_KHR_shader_integer_dot_product (r.1)
09-23 02:25:32.654 30178 30721 I MobileGL: [02:25:32] [Android mgl-srv-apply/INFO]:     VK_EXT_line_rasterization (r.1)
09-23 02:25:32.654 30178 30721 I MobileGL: [02:25:32] [Android mgl-srv-apply/INFO]:     VK_KHR_line_rasterization (r.1)
09-23 02:25:32.654 30178 30721 I MobileGL: [02:25:32] [Android mgl-srv-apply/INFO]:     VK_QCOM_image_processing (r.1)
09-23 02:25:32.654 30178 30721 I MobileGL: [02:25:32] [Android mgl-srv-apply/INFO]:     VK_KHR_shader_float_controls2 (r.1)
09-23 02:25:32.654 30178 30721 I MobileGL: [02:25:32] [Android mgl-srv-apply/INFO]:     VK_KHR_fragment_shading_rate (r.2)
09-23 02:25:32.654 30178 30721 I MobileGL: [02:25:32] [Android mgl-srv-apply/INFO]:     VK_KHR_descriptor_update_template (r.1)
09-23 02:25:32.654 30178 30721 I MobileGL: [02:25:32] [Android mgl-srv-apply/INFO]:     VK_KHR_draw_indirect_count (r.1)
09-23 02:25:32.654 30178 30721 I MobileGL: [02:25:32] [Android mgl-srv-apply/INFO]:     VK_KHR_driver_properties (r.1)
09-23 02:25:32.654 30178 30721 I MobileGL: [02:25:32] [Android mgl-srv-apply/INFO]:     VK_KHR_ray_tracing_position_fetch (r.1)
09-23 02:25:32.654 30178 30721 I MobileGL: [02:25:32] [Android mgl-srv-apply/INFO]:     VK_KHR_dynamic_rendering (r.1)
09-23 02:25:32.654 30178 30721 I MobileGL: [02:25:32] [Android mgl-srv-apply/INFO]:     VK_KHR_zero_initialize_workgroup_memory (r.1)
09-23 02:25:32.654 30178 30721 I MobileGL: [02:25:32] [Android mgl-srv-apply/INFO]:     VK_KHR_uniform_buffer_standard_layout (r.1)
09-23 02:25:32.654 30178 30721 I MobileGL: [02:25:32] [Android mgl-srv-apply/INFO]:     VK_EXT_depth_clamp_zero_one (r.1)
09-23 02:25:32.654 30178 30721 I MobileGL: [02:25:32] [Android mgl-srv-apply/INFO]:     VK_ANDROID_external_memory_android_hardware_buffer (r.5)
09-23 02:25:32.654 30178 30721 I MobileGL: [02:25:32] [Android mgl-srv-apply/INFO]:     VK_EXT_image_2d_view_of_3d (r.1)
09-23 02:25:32.654 30178 30721 I MobileGL: [02:25:32] [Android mgl-srv-apply/INFO]:     VK_EXT_extended_dynamic_state2 (r.1)
09-23 02:25:32.654 30178 30721 I MobileGL: [02:25:32] [Android mgl-srv-apply/INFO]:     VK_KHR_dedicated_allocation (r.3)
09-23 02:25:32.654 30178 30721 I MobileGL: [02:25:32] [Android mgl-srv-apply/INFO]:     VK_EXT_texel_buffer_alignment (r.1)
09-23 02:25:32.654 30178 30721 I MobileGL: [02:25:32] [Android mgl-srv-apply/INFO]:     VK_EXT_primitive_topology_list_restart (r.1)
09-23 02:25:32.654 30178 30721 I MobileGL: [02:25:32] [Android mgl-srv-apply/INFO]:     VK_EXT_rasterization_order_attachment_access (r.1)
09-23 02:25:32.654 30178 30721 I MobileGL: [02:25:32] [Android mgl-srv-apply/INFO]:     VK_KHR_shader_subgroup_uniform_control_flow (r.1)
09-23 02:25:32.654 30178 30721 I MobileGL: [02:25:32] [Android mgl-srv-apply/INFO]:     VK_EXT_tooling_info (r.1)
09-23 02:25:32.654 30178 30721 I MobileGL: [02:25:32] [Android mgl-srv-apply/INFO]:     VK_KHR_format_feature_flags2 (r.2)
09-23 02:25:32.654 30178 30721 I MobileGL: [02:25:32] [Android mgl-srv-apply/INFO]:     VK_KHR_global_priority (r.1)
09-23 02:25:32.654 30178 30721 I MobileGL: [02:25:32] [Android mgl-srv-apply/INFO]:     VK_EXT_sample_locations (r.1)
09-23 02:25:32.654 30178 30721 I MobileGL: [02:25:32] [Android mgl-srv-apply/INFO]:     VK_EXT_multi_draw (r.1)
09-23 02:25:32.654 30178 30721 I MobileGL: [02:25:32] [Android mgl-srv-apply/INFO]:     VK_KHR_swapchain (r.70)
09-23 02:25:32.654 30178 30721 I MobileGL: [02:25:32] [Android mgl-srv-apply/INFO]:     VK_KHR_sampler_mirror_clamp_to_edge (r.3)
09-23 02:25:32.654 30178 30721 I MobileGL: [02:25:32] [Android mgl-srv-apply/INFO]:     VK_QCOM_image_processing2 (r.1)
09-23 02:25:32.654 30178 30721 I MobileGL: [02:25:32] [Android mgl-srv-apply/INFO]:     VK_KHR_external_fence_fd (r.1)
09-23 02:25:32.654 30178 30721 I MobileGL: [02:25:32] [Android mgl-srv-apply/INFO]: Required extension found: VK_KHR_swapchain
09-23 02:25:32.655 30178 30721 I MobileGL: [02:25:32] [Android mgl-srv-apply/INFO]:     Picked physical device. (Reason: First suitable device)
09-23 02:25:32.655 30178 30721 I MobileGL: [02:25:32] [Android mgl-srv-apply/INFO]: Picked physical device 0.
09-23 02:25:32.655 30178 30721 I MobileGL: [02:25:32] [Android mgl-srv-apply/INFO]: Vulkan: multiViewport enabled; rasterizable viewports=16 (device limit 16, GL state width 16)
09-23 02:25:32.655 30178 30721 I MobileGL: [02:25:32] [Android mgl-srv-apply/INFO]: Enabled optional device extension: VK_KHR_draw_indirect_count
09-23 02:25:32.655 30178 30721 I MobileGL: [02:25:32] [Android mgl-srv-apply/INFO]: Enabled optional device extension: VK_KHR_shader_draw_parameters
09-23 02:25:32.655 30178 30721 I MobileGL: [02:25:32] [Android mgl-srv-apply/INFO]: VK_KHR_image_format_list enabled: true
09-23 02:25:32.655 30178 30721 I MobileGL: [02:25:32] [Android mgl-srv-apply/INFO]: VK_KHR_draw_indirect_count enabled: true
09-23 02:25:32.655 30178 30721 I MobileGL: [02:25:32] [Android mgl-srv-apply/INFO]: Enabled optional device extension: VK_KHR_create_renderpass2
09-23 02:25:32.655 30178 30721 I MobileGL: [02:25:32] [Android mgl-srv-apply/INFO]: Enabled optional device extension: VK_KHR_depth_stencil_resolve
09-23 02:25:32.655 30178 30721 I MobileGL: [02:25:32] [Android mgl-srv-apply/INFO]: Vulkan: update-after-bind descriptor layouts enabled
09-23 02:25:32.655 30178 30721 I MobileGL: [02:25:32] [Android mgl-srv-apply/INFO]: Enabled optional device extension: VK_KHR_index_type_uint8
09-23 02:25:32.655 30178 30721 I MobileGL: [02:25:32] [Android mgl-srv-apply/INFO]: Enabled optional device extension: VK_EXT_primitive_topology_list_restart
09-23 02:25:32.655 30178 30721 I MobileGL: [02:25:32] [Android mgl-srv-apply/INFO]: Enabled optional device extension: VK_EXT_custom_border_color (maxCustomBorderColorSamplers=4000)
09-23 02:25:32.655 30178 30721 I MobileGL: [02:25:32] [Android mgl-srv-apply/INFO]: Enabled optional device extension: VK_EXT_subgroup_size_control (computeFullSubgroups)
09-23 02:25:32.655 30178 30721 I MobileGL: [02:25:32] [Android mgl-srv-apply/INFO]: Enabled optional device extension: VK_EXT_transform_feedback
09-23 02:25:32.655 30178 30721 I MobileGL: [02:25:32] [Android mgl-srv-apply/INFO]: Enabled optional device extension: VK_EXT_provoking_vertex (transformFeedbackPreservesProvokingVertex=false)
09-23 02:25:32.655 30178 30721 I MobileGL: [02:25:32] [Android mgl-srv-apply/INFO]: Enabled optional device extension: VK_EXT_vertex_attribute_divisor
09-23 02:25:32.655 30178 30721 I MobileGL: [02:25:32] [Android mgl-srv-apply/INFO]: Enabled optional device extension: VK_EXT_multi_draw (maxMultiDrawCount=1024)
09-23 02:25:32.655 30178 30721 I MobileGL: [02:25:32] [Android mgl-srv-apply/INFO]: Device feature support: robustBufferAccess=true geometryShader=true independentBlend=true logicOp=true shaderClipDistance=true shaderCullDistance=true wideLines=true shaderInt64=true vertexStoresAtomics=true fragmentStoresAtomics=true storageImageExtendedFormats=true storageImageReadWithoutFormat=true storageImageWriteWithoutFormat=true drawIndirectFirstInstance=true multiDrawIndirect=true
09-23 02:25:32.655 30178 30721 I MobileGL: [02:25:32] [Android mgl-srv-apply/INFO]: Device feature enabled: robustBufferAccess=true geometryShader=true independentBlend=true logicOp=true shaderClipDistance=true shaderCullDistance=true wideLines=true shaderInt64=true vertexStoresAtomics=true fragmentStoresAtomics=true storageImageExtendedFormats=true storageImageReadWithoutFormat=true storageImageWriteWithoutFormat=true drawIndirectFirstInstance=true multiDrawIndirect=true shaderDrawParameters=true
09-23 02:25:32.657 30178 30721 I MobileGL: [02:25:32] [Android mgl-srv-apply/INFO]: Multi-draw dispatch tier: ext (VK_EXT_multi_draw=true, multiDrawIndirect=true, mode=auto)
09-23 02:25:32.657 30178 30721 I MobileGL: [02:25:32] [Android mgl-srv-apply/INFO]: index type uint8 enabled: true
09-23 02:25:32.657 30178 30721 I MobileGL: [02:25:32] [Android mgl-srv-apply/INFO]: Logical device created.
09-23 02:25:32.657 30178 30721 I MobileGL: [02:25:32] [Android mgl-srv-apply/INFO]: Queues got successfully.
09-23 02:25:32.657 30178 30721 I MobileGL: [02:25:32] [Android mgl-srv-apply/INFO]: Timer queries supported (timestampValidBits=48, timestampPeriod=52.083332 ns/tick)
09-23 02:25:32.657 30178 30721 I MobileGL: [02:25:32] [Android mgl-srv-apply/INFO]: PRIMITIVES_GENERATED probe triangles: drawn=1 stream=0/1 pgq=0(0) stat=1(1)
09-23 02:25:32.657 30178 30721 I MobileGL: [02:25:32] [Android mgl-srv-apply/INFO]: PRIMITIVES_GENERATED probe triangles+discard: drawn=1 stream=0/1 pgq=0(0) stat=0(1)
09-23 02:25:32.657 30178 30721 I MobileGL: [02:25:32] [Android mgl-srv-apply/INFO]: PRIMITIVES_GENERATED probe patches+discard: drawn=1 stream=0/1 pgq=0(0) stat=0(1)
09-23 02:25:32.657 30178 30721 I MobileGL: [02:25:32] [Android mgl-srv-apply/INFO]: PRIMITIVES_GENERATED for XFB-inactive draws will accumulate through a clipping-invocations pipeline-statistics pool
09-23 02:25:32.657 30178 30721 I MobileGL: [02:25:32] [Android mgl-srv-apply/INFO]: Command pool created
09-23 02:25:32.657 30178 30721 I MobileGL: [02:25:32] [Android mgl-srv-apply/INFO]: MaxFramesInFlight: configured request=3
09-23 02:25:32.657 30178 30721 I MobileGL: [02:25:32] [Android mgl-srv-apply/INFO]: MaxFramesInFlight: using 3 (surface minImageCount=11, maxImageCount=64)
09-23 02:25:32.657 30178 30721 I MobileGL: [02:25:32] [Android mgl-srv-apply/INFO]: CreateFrameContexts completed
09-23 02:25:32.657 30178 30721 I MobileGL: [02:25:32] [Android mgl-srv-apply/INFO]: DirectVulkan: using 256 program descriptor bindings
09-23 02:25:32.658 30178 30721 I MobileGL: [02:25:32] [Android mgl-srv-apply/INFO]: Got 5 surface formats:
09-23 02:25:32.658 30178 30721 I MobileGL: [02:25:32] [Android mgl-srv-apply/INFO]: Picked surface format: [VK_FORMAT_R8G8B8A8_UNORM, VK_COLOR_SPACE_SRGB_NONLINEAR_KHR]
09-23 02:25:32.658 30178 30721 I MobileGL: [02:25:32] [Android mgl-srv-apply/INFO]: Got 4 present modes:
09-23 02:25:32.658 30178 30721 I MobileGL: [02:25:32] [Android mgl-srv-apply/INFO]: Picked present mode: VK_PRESENT_MODE_MAILBOX_KHR
09-23 02:25:32.658 30178 30721 I MobileGL: [02:25:32] [Android mgl-srv-apply/INFO]: Set minImageCount = 11
09-23 02:25:32.658 30178 30721 I MobileGL: [02:25:32] [Android mgl-srv-apply/INFO]: Swapchain currentTransform = VK_SURFACE_TRANSFORM_IDENTITY_BIT_KHR
09-23 02:25:32.658 30178 30721 I MobileGL: [02:25:32] [Android mgl-srv-apply/INFO]: Swapchain imageUsage = 0x13 (supportedUsageFlags = 0x9f)
09-23 02:25:32.658 30178 30721 I MobileGL: [02:25:32] [Android mgl-srv-apply/INFO]: Set swapchain preTransform = VK_SURFACE_TRANSFORM_IDENTITY_BIT_KHR
09-23 02:25:32.660 30178 30721 I MobileGL: [02:25:32] [Android mgl-srv-apply/INFO]: Swapchain image views created
09-23 02:25:32.662 30178 30721 I MobileGL: [02:25:32] [Android mgl-srv-apply/INFO]: Swapchain created, extent = 854x480, swapchain imageCount = 11
09-23 02:25:32.662 30178 30721 I MobileGL: [02:25:32] [Android mgl-srv-apply/INFO]: DirectVulkan: suppressing depth writes on accumulation-blended pipelines (driver lacks cross-pipeline position invariance)
09-23 02:25:32.663 30178 30721 I MobileGL: [02:25:32] [Android mgl-srv-apply/INFO]: Vulkan shader subgroup support: detected=true advertised=true size=64 stages=0x30 operations=0x2bf
09-23 02:25:32.663 30178 30721 I MobileGL: [02:25:32] [Android mgl-srv-apply/INFO]: DirectVulkan: clamped GL_MAX_COMPUTE_SHADER_STORAGE_BLOCKS from 16777216 to 256
09-23 02:25:32.663 30178 30721 I MobileGL: [02:25:32] [Android mgl-srv-apply/INFO]: DirectVulkan: clamped GL_MAX_COMBINED_SHADER_STORAGE_BLOCKS from 16777216 to 256
09-23 02:25:32.663 30178 30721 I MobileGL: [02:25:32] [Android mgl-srv-apply/INFO]: DirectVulkan: clamped GL_MAX_COMPUTE_UNIFORM_BLOCKS from 16777216 to 256
09-23 02:25:32.663 30178 30721 I MobileGL: [02:25:32] [Android mgl-srv-apply/INFO]: DirectVulkan: clamped GL_MAX_SHADER_STORAGE_BUFFER_BINDINGS from 16777216 to 256
09-23 02:25:32.663 30178 30721 I MobileGL: [02:25:32] [Android mgl-srv-apply/INFO]: DirectVulkan: clamped GL_MAX_UNIFORM_BUFFER_BINDINGS from 16777216 to 256
09-23 02:25:32.663 30178 30721 I MobileGL: [02:25:32] [Android mgl-srv-apply/INFO]: DirectVulkan: clamped GL_MAX_SHADER_STORAGE_BLOCK_SIZE from 2147483647 to 536870912
09-23 02:25:32.665 30178 30721 I MobileGL: [02:25:32] [Android mgl-srv-apply/INFO]: Vulkan shader subgroup support: detected=true advertised=true size=64 stages=0x30 operations=0x2bf
09-23 02:25:32.665 30178 30721 I MobileGL: [02:25:32] [Android mgl-srv-apply/INFO]: DirectVulkan: clamped GL_MAX_COMPUTE_SHADER_STORAGE_BLOCKS from 16777216 to 256
09-23 02:25:32.665 30178 30721 I MobileGL: [02:25:32] [Android mgl-srv-apply/INFO]: DirectVulkan: clamped GL_MAX_COMBINED_SHADER_STORAGE_BLOCKS from 16777216 to 256
09-23 02:25:32.665 30178 30721 I MobileGL: [02:25:32] [Android mgl-srv-apply/INFO]: DirectVulkan: clamped GL_MAX_COMPUTE_UNIFORM_BLOCKS from 16777216 to 256
09-23 02:25:32.665 30178 30721 I MobileGL: [02:25:32] [Android mgl-srv-apply/INFO]: DirectVulkan: clamped GL_MAX_SHADER_STORAGE_BUFFER_BINDINGS from 16777216 to 256
09-23 02:25:32.665 30178 30721 I MobileGL: [02:25:32] [Android mgl-srv-apply/INFO]: DirectVulkan: clamped GL_MAX_UNIFORM_BUFFER_BINDINGS from 16777216 to 256
09-23 02:25:32.665 30178 30721 I MobileGL: [02:25:32] [Android mgl-srv-apply/INFO]: DirectVulkan: clamped GL_MAX_SHADER_STORAGE_BLOCK_SIZE from 2147483647 to 536870912
09-23 02:25:32.666 30178 30720 I MobileGL: [02:25:32] [Android MobileGLTraceRe/INFO]: MG_Remote client: CapsMirror generation 4 adopted (backend=1, callMask=0x3fff00000470)
09-23 02:25:32.667 30178 30720 I MobileGL: [02:25:32] [Android MobileGLTraceRe/INFO]: MG_Remote client: format capabilities filled from caps mirror generation 4
09-23 02:25:32.667 30178 30720 I MobileGL: [02:25:32] [Android MobileGLTraceRe/INFO]: MG_Remote client: CapsMirror generation 5 adopted (backend=1, callMask=0x3fff00000470)
09-23 02:25:32.667 30178 30720 I MobileGL: [02:25:32] [Android MobileGLTraceRe/INFO]: MG_Remote client: format capabilities filled from caps mirror generation 5
09-23 02:25:32.672 30178 30720 W MobileGL: [02:25:32] [Android MobileGLTraceRe/WARN]: Stub function: glDebugMessageControl(...)
09-23 02:25:34.275 30178 30721 W MobileGL: [02:25:34] [Android mgl-srv-apply/WARN]: GetOrCreatePipeline: patching vertex input location=6 format=88 -> 89 to match shader input type=35668 for program=7
09-23 02:25:34.295 30178 30721 F MobileGL: [02:25:34] [Android mgl-srv-apply/FATAL]: MGPipe: Fatal{UnmigratedVerb, "Magma:mipmap-shader-format-or-shape"}
09-23 02:25:34.295 30178 30721 I libc    : handling signal: 6
09-23 02:25:34.295 30178 30721 F libc    : Fatal signal 6 (SIGABRT), code -1 (SI_QUEUE) in tid 30721 (mgl-srv-apply), pid 30178 (ugin.p7w1.trace)
09-23 02:25:34.295 30178 30721 I libc    : debuggerd_dispatch_pseudothread start. crashing tid: 30721
09-23 02:25:34.320 30178 30721 I libc    : crash_dump pid: 30740
09-23 02:25:34.349 30740 30740 W libc    : Access denied finding property "persist.vendor.track.malloc.enable"
09-23 02:25:34.349 30740 30740 W libc    : Access denied finding property "persist.vendor.fd.monitor.enable"
09-23 02:25:34.696 30741 30741 F DEBUG   :       #00 pc 000000000007184c  /apex/com.android.runtime/lib64/bionic/libc.so (abort+160) (BuildId: 223a572c9f034c6a9337d8b3bedc75f3)
09-23 02:25:34.696 30741 30741 F DEBUG   :       #01 pc 000000000099f620  /data/app/~~GTtJpgg4160VWYt1KJ1Fww==/top.mobilegl.plugin.p7w1.trace-yro313nlE_p3MnRQTGbTyQ==/lib/arm64/libMobileGL.so (BuildId: c18ad8c4a37ba920181e8e4a40c555021f01fb5d)
09-23 02:25:34.696 30741 30741 F DEBUG   :       #02 pc 000000000099f4f0  /data/app/~~GTtJpgg4160VWYt1KJ1Fww==/top.mobilegl.plugin.p7w1.trace-yro313nlE_p3MnRQTGbTyQ==/lib/arm64/libMobileGL.so (BuildId: c18ad8c4a37ba920181e8e4a40c555021f01fb5d)
09-23 02:25:34.696 30741 30741 F DEBUG   :       #03 pc 0000000000973eac  /data/app/~~GTtJpgg4160VWYt1KJ1Fww==/top.mobilegl.plugin.p7w1.trace-yro313nlE_p3MnRQTGbTyQ==/lib/arm64/libMobileGL.so (BuildId: c18ad8c4a37ba920181e8e4a40c555021f01fb5d)
09-23 02:25:34.696 30741 30741 F DEBUG   :       #04 pc 000000000088842c  /data/app/~~GTtJpgg4160VWYt1KJ1Fww==/top.mobilegl.plugin.p7w1.trace-yro313nlE_p3MnRQTGbTyQ==/lib/arm64/libMobileGL.so (BuildId: c18ad8c4a37ba920181e8e4a40c555021f01fb5d)
09-23 02:25:34.697 30741 30741 F DEBUG   :       #05 pc 000000000088e268  /data/app/~~GTtJpgg4160VWYt1KJ1Fww==/top.mobilegl.plugin.p7w1.trace-yro313nlE_p3MnRQTGbTyQ==/lib/arm64/libMobileGL.so (BuildId: c18ad8c4a37ba920181e8e4a40c555021f01fb5d)
09-23 02:25:34.697 30741 30741 F DEBUG   :       #06 pc 00000000009c6884  /data/app/~~GTtJpgg4160VWYt1KJ1Fww==/top.mobilegl.plugin.p7w1.trace-yro313nlE_p3MnRQTGbTyQ==/lib/arm64/libMobileGL.so (BuildId: c18ad8c4a37ba920181e8e4a40c555021f01fb5d)
09-23 02:25:34.697 30741 30741 F DEBUG   :       #07 pc 00000000009a30c8  /data/app/~~GTtJpgg4160VWYt1KJ1Fww==/top.mobilegl.plugin.p7w1.trace-yro313nlE_p3MnRQTGbTyQ==/lib/arm64/libMobileGL.so (BuildId: c18ad8c4a37ba920181e8e4a40c555021f01fb5d)
09-23 02:25:34.697 30741 30741 F DEBUG   :       #08 pc 00000000009a3d4c  /data/app/~~GTtJpgg4160VWYt1KJ1Fww==/top.mobilegl.plugin.p7w1.trace-yro313nlE_p3MnRQTGbTyQ==/lib/arm64/libMobileGL.so (BuildId: c18ad8c4a37ba920181e8e4a40c555021f01fb5d)
09-23 02:25:34.697 30741 30741 F DEBUG   :       #09 pc 00000000009c6d60  /data/app/~~GTtJpgg4160VWYt1KJ1Fww==/top.mobilegl.plugin.p7w1.trace-yro313nlE_p3MnRQTGbTyQ==/lib/arm64/libMobileGL.so (BuildId: c18ad8c4a37ba920181e8e4a40c555021f01fb5d)
09-23 02:25:34.697 30741 30741 F DEBUG   :       #10 pc 00000000009c9e50  /data/app/~~GTtJpgg4160VWYt1KJ1Fww==/top.mobilegl.plugin.p7w1.trace-yro313nlE_p3MnRQTGbTyQ==/lib/arm64/libMobileGL.so (BuildId: c18ad8c4a37ba920181e8e4a40c555021f01fb5d)
09-23 02:25:34.697 30741 30741 F DEBUG   :       #11 pc 00000000009c9814  /data/app/~~GTtJpgg4160VWYt1KJ1Fww==/top.mobilegl.plugin.p7w1.trace-yro313nlE_p3MnRQTGbTyQ==/lib/arm64/libMobileGL.so (BuildId: c18ad8c4a37ba920181e8e4a40c555021f01fb5d)
09-23 02:25:34.697 30741 30741 F DEBUG   :       #12 pc 00000000009cbb4c  /data/app/~~GTtJpgg4160VWYt1KJ1Fww==/top.mobilegl.plugin.p7w1.trace-yro313nlE_p3MnRQTGbTyQ==/lib/arm64/libMobileGL.so (BuildId: c18ad8c4a37ba920181e8e4a40c555021f01fb5d)
09-23 02:25:34.697 30741 30741 F DEBUG   :       #13 pc 0000000000082d74  /apex/com.android.runtime/lib64/bionic/libc.so (__pthread_start(void*)+184) (BuildId: 223a572c9f034c6a9337d8b3bedc75f3)
09-23 02:25:34.697 30741 30741 F DEBUG   :       #14 pc 00000000000751f0  /apex/com.android.runtime/lib64/bionic/libc.so (__start_thread+68) (BuildId: 223a572c9f034c6a9337d8b3bedc75f3)
09-23 02:25:34.736 30741 30741 I libc    : tombstoned_notify_completion, socket: 8
09-23 02:25:34.748  6687  7097 D DigestGenerator:  /apex/com.android.runtime/lib/bionic/libc.so (abort+) ()
09-23 02:25:34.748  6687  7097 D DigestGenerator:  XXlib/arm/libMobileGL.so ()
09-23 02:25:34.748  6687  7097 D DigestGenerator:  XXlib/arm/libMobileGL.so ()
09-23 02:25:34.748  6687  7097 D DigestGenerator:  XXlib/arm/libMobileGL.so ()
09-23 02:25:34.748  6687  7097 D DigestGenerator:  XXlib/arm/libMobileGL.so ()
09-23 02:25:34.748  6687  7097 D DigestGenerator:  XXlib/arm/libMobileGL.so ()
09-23 02:25:34.748  6687  7097 D DigestGenerator:  XXlib/arm/libMobileGL.so ()
09-23 02:25:34.748  6687  7097 D DigestGenerator:  XXlib/arm/libMobileGL.so ()
09-23 02:25:34.748  6687  7097 D DigestGenerator:  XXlib/arm/libMobileGL.so ()
09-23 02:25:34.748  6687  7097 D DigestGenerator:  XXlib/arm/libMobileGL.so ()
09-23 02:25:34.748  6687  7097 D DigestGenerator:  XXlib/arm/libMobileGL.so ()
09-23 02:25:34.748  6687  7097 D DigestGenerator:  XXlib/arm/libMobileGL.so ()
09-23 02:25:34.748  6687  7097 D DigestGenerator:  XXlib/arm/libMobileGL.so ()
09-23 02:25:34.748  6687  7097 D DigestGenerator:  /apex/com.android.runtime/lib/bionic/libc.so (__pthread_start(void*)+) ()
09-23 02:25:34.748  6687  7097 D DigestGenerator:  /apex/com.android.runtime/lib/bionic/libc.so (__start_thread+) ()
09-23 02:25:34.751  6687  7097 D MiSightJni: MiSight: Java_com_miui_misight_MiSight_nativeSendEvent enter called. '{"Stacktrace":"#02 pc 000000000099f4f0  \/data\/app\/~~GTtJpgg4160VWYt1KJ1Fww==\/top.mobilegl.plugin.p7w1.trace-yro313nlE_p3MnRQTGbTyQ==\/lib\/arm64\/libMobileGL.so (BuildId: c18ad8c4a37ba920181e8e4a40c555021f01fb5d)\n      #03 pc 0000000000973eac  \/data\/app\/~~GTtJpgg4160VWYt1KJ1Fww==\/top.mobilegl.plugin.p7w1.trace-yro313nlE_p3MnRQTGbTyQ==\/lib\/arm64\/libMobileGL.so (BuildId: c18ad8c4a37ba920181e8e4a40c555021f01fb5d)\n      #04 pc 000000000088842c  \/data\/app\/~~GTtJpgg4160VWYt1KJ1Fww==\/top.mobilegl.plugin.p7w1.trace-yro313nlE_p3MnRQTGbTyQ==\/lib\/arm64\/libMobileGL.so (BuildId: c18ad8c4a37ba920181e8e4a40c555021f01fb5d)\n      #05 pc 000000000088e268  \/data\/app\/~~GTtJpgg4160VWYt1KJ1Fww==\/top.mobilegl.plugin.p7w1.trace-yro313nlE_p3MnRQTGbTyQ==\/lib\/arm64\/libMobileGL.so (BuildId: c18ad8c4a37ba920181e8e4a40c555021f01fb5d)\n      #06 pc 00000000009c6884  \/data\/app\/~~GTtJpgg4160VWYt1KJ1Fww==\/top.mobilegl.plugin.p7w1.trace-yro31
09-23 02:25:34.752  6687  7097 D MiEvent : flatten EventId 901001003 -t 1790101534 -paraList {"CrashType":"100000000","CurrentTime":1790101534000,"Digest":"93cd9aa8a0a997df64f663cbca27e0e7","Keyword":"{\"vn\":\"26.09.d260f11-trace\",\"vc\":\"26090876\",\"isRoot\":false,\"count\":1,\"preInstalled\":false,\"unfold\":false,\"ram\":15,\"rom\":264}","PackageName":"top.mobilegl.plugin.p7w1.trace","Stacktrace":"#02 pc 000000000099f4f0  /data/app/~~GTtJpgg4160VWYt1KJ1Fww==/top.mobilegl.plugin.p7w1.trace-yro313nlE_p3MnRQTGbTyQ==/lib/arm64/libMobileGL.so (BuildId: c18ad8c4a37ba920181e8e4a40c555021f01fb5d)\n      #03 pc 0000000000973eac  /data/app/~~GTtJpgg4160VWYt1KJ1Fww==/top.mobilegl.plugin.p7w1.trace-yro313nlE_p3MnRQTGbTyQ==/lib/arm64/libMobileGL.so (BuildId: c18ad8c4a37ba920181e8e4a40c555021f01fb5d)\n      #04 pc 000000000088842c  /data/app/~~GTtJpgg4160VWYt1KJ1Fww==/top.mobilegl.plugin.p7w1.trace-yro313nlE_p3MnRQTGbTyQ==/lib/arm64/libMobileGL.so (BuildId: c18ad8c4a37ba920181e8e4a40c555021f01fb5d)\n      #05 pc 000000000088e268  /data/app/~~GTtJpgg4160VWYt
09-23 02:25:34.752  6687  7097 D MiEvent : report:EventId 901001003 -t 1790101534 -paraList {"CrashType":"100000000","CurrentTime":1790101534000,"Digest":"93cd9aa8a0a997df64f663cbca27e0e7","Keyword":"{\"vn\":\"26.09.d260f11-trace\",\"vc\":\"26090876\",\"isRoot\":false,\"count\":1,\"preInstalled\":false,\"unfold\":false,\"ram\":15,\"rom\":264}","PackageName":"top.mobilegl.plugin.p7w1.trace","Stacktrace":"#02 pc 000000000099f4f0  /data/app/~~GTtJpgg4160VWYt1KJ1Fww==/top.mobilegl.plugin.p7w1.trace-yro313nlE_p3MnRQTGbTyQ==/lib/arm64/libMobileGL.so (BuildId: c18ad8c4a37ba920181e8e4a40c555021f01fb5d)\n      #03 pc 0000000000973eac  /data/app/~~GTtJpgg4160VWYt1KJ1Fww==/top.mobilegl.plugin.p7w1.trace-yro313nlE_p3MnRQTGbTyQ==/lib/arm64/libMobileGL.so (BuildId: c18ad8c4a37ba920181e8e4a40c555021f01fb5d)\n      #04 pc 000000000088842c  /data/app/~~GTtJpgg4160VWYt1KJ1Fww==/top.mobilegl.plugin.p7w1.trace-yro313nlE_p3MnRQTGbTyQ==/lib/arm64/libMobileGL.so (BuildId: c18ad8c4a37ba920181e8e4a40c555021f01fb5d)\n      #05 pc 000000000088e268  /data/app/~~GTtJpgg4160VWYt1
09-23 02:25:34.761  4411  5837 D RecentsTaskLoader: reloadTasksData [TaskKey{id=288, stackId=0, baseIntent=Intent { act=top.mobilegl.plugin.TRACE_REPLAY flg=0x10000000 cmp=top.mobilegl.plugin.p7w1.trace/top.mobilegl.plugin.trace.TraceReplayActivity }, userId=0, lastActiveTime=1190017, windowingMode=1, isThumbnailBlur=false, isAccessLocked=false, isScreening=false, topActivity=null, mHashCode=9503360}, title=MobileGL, titleDescription=MobileGL, bounds=null, isLaunchTarget=false, isStackTask=true, isSystemApp=false, isDockable=true, baseActivity=null, isLocked=false, mNeedHide=false, hasMultipleTasks=false, cti1Key=, cti2Key=, cti1Task=, cti2Task=] 
09-23 02:25:34.833  3176  3422 I libc    : kill: send 9 to pid -30178
09-23 02:25:34.833  3176  3422 I libc    : debug pid reuse, real pid -30178
09-23 02:25:34.834  3176  3422 I libc    : kill: send 9 to pid -30178
09-23 02:25:34.834  3176  3422 I libc    : debug pid reuse, real pid -30178
09-23 02:25:34.861  2024  2024 W libc    : Access denied finding property "vendor.gpp.create_frc_extension"
09-23 02:25:34.862 30762 30762 D nativeloader: InitLlndkLibrariesProduct: libEGL.so:libGLESv1_CM.so:libGLESv2.so:libGLESv3.so:libRS.so:libandroid_net.so:libapexsupport.so:libavf.so:libbinder_ndk.so:libc.so:libcgrouprc.so:libclang_rt.asan-aarch64-android.so:libclang_rt.asan-arm-android.so:libclang_rt.hwasan-aarch64-android.so:libcom.android.tethering.connectivity_native.so:libdl.so:libft2.so:liblog.so:libm.so:libmediandk.so:libnativewindow.so:libneuralnetworks.so:libselinux.so:libsync.so:libvendorsupport.so:libvndksupport.so:libvulkan.so
09-23 02:25:34.890  3176  5460 W libc    : Access denied finding property "persist.vendor.duraspeed.support"
09-23 02:25:34.902  4411  4411 I WindowAnimParamsProvider: getClosingWindowAnimParams getClosingShortcutIcon task before=  [TaskKey{id=288, stackId=0, baseIntent=Intent { act=top.mobilegl.plugin.TRACE_REPLAY flg=0x10000000 cmp=top.mobilegl.plugin.p7w1.trace/top.mobilegl.plugin.trace.TraceReplayActivity }, userId=0, lastActiveTime=1190017, windowingMode=1, isThumbnailBlur=false, isAccessLocked=false, isScreening=false, topActivity=null, mHashCode=9503360}, title=MobileGL, titleDescription=MobileGL, bounds=null, isLaunchTarget=false, isStackTask=true, isSystemApp=false, isDockable=true, baseActivity=null, isLocked=false, mNeedHide=false, hasMultipleTasks=false, cti1Key=, cti2Key=, cti1Task=, cti2Task=] 
09-23 02:25:34.902  4411  4411 I WindowAnimParamsProvider: getClosingWindowAnimParams getClosingShortcutIcon task after=  [TaskKey{id=288, stackId=0, baseIntent=Intent { act=top.mobilegl.plugin.TRACE_REPLAY flg=0x10000000 cmp=top.mobilegl.plugin.p7w1.trace/top.mobilegl.plugin.trace.TraceReplayActivity }, userId=0, lastActiveTime=1190017, windowingMode=1, isThumbnailBlur=false, isAccessLocked=false, isScreening=false, topActivity=null, mHashCode=9503360}, title=MobileGL, titleDescription=MobileGL, bounds=null, isLaunchTarget=false, isStackTask=true, isSystemApp=false, isDockable=true, baseActivity=null, isLocked=false, mNeedHide=false, hasMultipleTasks=false, cti1Key=, cti2Key=, cti1Task=, cti2Task=] 
09-23 02:25:34.902  4411  4411 I WindowAnimParamsProvider: getUserIdFromRemoteTarget task before=  [TaskKey{id=288, stackId=0, baseIntent=Intent { act=top.mobilegl.plugin.TRACE_REPLAY flg=0x10000000 cmp=top.mobilegl.plugin.p7w1.trace/top.mobilegl.plugin.trace.TraceReplayActivity }, userId=0, lastActiveTime=1190017, windowingMode=1, isThumbnailBlur=false, isAccessLocked=false, isScreening=false, topActivity=null, mHashCode=9503360}, title=MobileGL, titleDescription=MobileGL, bounds=null, isLaunchTarget=false, isStackTask=true, isSystemApp=false, isDockable=true, baseActivity=null, isLocked=false, mNeedHide=false, hasMultipleTasks=false, cti1Key=, cti2Key=, cti1Task=, cti2Task=] 
09-23 02:25:34.902  4411  4411 I WindowAnimParamsProvider: getUserIdFromRemoteTarget task after=  [TaskKey{id=288, stackId=0, baseIntent=Intent { act=top.mobilegl.plugin.TRACE_REPLAY flg=0x10000000 cmp=top.mobilegl.plugin.p7w1.trace/top.mobilegl.plugin.trace.TraceReplayActivity }, userId=0, lastActiveTime=1190017, windowingMode=1, isThumbnailBlur=false, isAccessLocked=false, isScreening=false, topActivity=null, mHashCode=9503360}, title=MobileGL, titleDescription=MobileGL, bounds=null, isLaunchTarget=false, isStackTask=true, isSystemApp=false, isDockable=true, baseActivity=null, isLocked=false, mNeedHide=false, hasMultipleTasks=false, cti1Key=, cti2Key=, cti1Task=, cti2Task=] 
09-23 02:25:34.980 30817 30817 D nativeloader: InitLlndkLibrariesProduct: libEGL.so:libGLESv1_CM.so:libGLESv2.so:libGLESv3.so:libRS.so:libandroid_net.so:libapexsupport.so:libavf.so:libbinder_ndk.so:libc.so:libcgrouprc.so:libclang_rt.asan-aarch64-android.so:libclang_rt.asan-arm-android.so:libclang_rt.hwasan-aarch64-android.so:libcom.android.tethering.connectivity_native.so:libdl.so:libft2.so:liblog.so:libm.so:libmediandk.so:libnativewindow.so:libneuralnetworks.so:libselinux.so:libsync.so:libvendorsupport.so:libvndksupport.so:libvulkan.so
09-23 02:25:35.160  7990  8728 I libc    : kill: send 15 to pid 30881
09-23 02:25:35.160  7990  8728 I libc    : debug pid reuse, real pid 30881
09-23 02:25:35.515  4411  5837 D RecentsTaskLoader: reloadTasksData [TaskKey{id=288, stackId=0, baseIntent=Intent { act=top.mobilegl.plugin.TRACE_REPLAY flg=0x10000000 cmp=top.mobilegl.plugin.p7w1.trace/top.mobilegl.plugin.trace.TraceReplayActivity }, userId=0, lastActiveTime=1190017, windowingMode=1, isThumbnailBlur=false, isAccessLocked=false, isScreening=false, topActivity=null, mHashCode=9503360}, title=MobileGL, titleDescription=MobileGL, bounds=null, isLaunchTarget=false, isStackTask=true, isSystemApp=false, isDockable=true, baseActivity=null, isLocked=false, mNeedHide=false, hasMultipleTasks=false, cti1Key=, cti2Key=, cti1Task=, cti2Task=] 
09-23 02:25:35.536  3176  4362 W libc    : Access denied finding property "vendor.video.jpegopt.enable"
09-23 02:25:35.536  3176  4362 W libc    : Access denied finding property "vendor.video.jpegopt.enable"
trace-replay-ci.sh: app trace-replay files:
/data/user/0/top.mobilegl.plugin.p7w1.trace/files/trace-replay:
total 12
drwxrwxrwx 4 u0_a318 u0_a318 3452 2026-09-23 02:25 .
drwxrwxrwx 3 u0_a318 u0_a318 3452 2026-09-23 02:25 ..
drwxrwxrwx 2 u0_a318 u0_a318 3452 2026-09-23 02:25 input
drwxrwxrwx 2 u0_a318 u0_a318 3452 2026-09-23 02:25 output

/data/user/0/top.mobilegl.plugin.p7w1.trace/files/trace-replay/input:
total 92726
drwxrwxrwx 2 u0_a318 u0_a318     3452 2026-09-23 02:25 .
drwxrwxrwx 4 u0_a318 u0_a318     3452 2026-09-23 02:25 ..
-rw-r--r-- 1 u0_a318 u0_a318   705968 2026-09-23 02:25 golden.png
-rw-r--r-- 1 u0_a318 u0_a318 94141776 2026-09-23 02:25 trace.trace

/data/user/0/top.mobilegl.plugin.p7w1.trace/files/trace-replay/output:
total 66
drwxrwxrwx 2 u0_a318 u0_a318  3452 2026-09-23 02:25 .
drwxrwxrwx 4 u0_a318 u0_a318  3452 2026-09-23 02:25 ..
-rw------- 1 u0_a318 u0_a318  7393 2026-09-23 02:25 mobilegl.client.log
-rw------- 1 u0_a318 u0_a318 45163 2026-09-23 02:25 mobilegl.server.log
-rw------- 1 u0_a318 u0_a318   174 2026-09-23 02:25 retrace.log
archived repeat 1 to .trace-work\p7w1\E0a-inproc\minecraft-1.21.4-fabric-iris-iterationt-in-world-DirectVulkan\repeat-01
C:\Users\geekerwan\AndroidStudioProjects\FoldCraftLauncher\MobileGL-disagg\.trace-work\android-retrace-summary\mobilegl-android-retrace-overview.html
=== Android retrace: minecraft-1.21.4-fabric-iris-iterationt-nodsa-in-world / DirectVulkan (repeat 1/1) ===
C:\Users\geekerwan\AndroidStudioProjects\FoldCraftLauncher\MobileGL-disagg\.trace-work\android-retrace-fixture\minecraft-1.21.4-fabric-iris-iterationt-nodsa-in-world\trace.trace: 1 file pushed, 0 skipped. 20.3 MB/s (92544229 bytes in 4.355s)
C:\Users\geekerwan\AndroidStudioProjects\FoldCraftLauncher\MobileGL-disagg\tools\trace_replay\fixtures\minecraft-1.21.4-fabric-iris-iterationt-nodsa-in-world.0000115019.png: 1 file pushed, 0 skipped. 21.1 MB/s (800864 bytes in 0.036s)
Starting: Intent { act=top.mobilegl.plugin.TRACE_REPLAY cmp=top.mobilegl.plugin.p7w1.trace/top.mobilegl.plugin.trace.TraceReplayActivity (has extras) }
trace-replay-ci.sh: app process exited before result.json was created
trace-replay-ci.sh: retrace.log:
/opt/Java/jdk-21/bin/java
MGPipe: Fatal{UnmigratedVerb, "Magma:mipmap-shader-format-or-shape"}
apitrace: warning: caught signal 6
96115: error: caught an unhandled exception
trace-replay-ci.sh: tail of mobilegl.log:
[02:25:44] [Android mgl-srv-apply/INFO]:     VK_KHR_external_memory_fd (r.1)
[02:25:44] [Android mgl-srv-apply/INFO]:     VK_QCOM_render_pass_shader_resolve (r.4)
[02:25:44] [Android mgl-srv-apply/INFO]:     VK_KHR_maintenance1 (r.2)
[02:25:44] [Android mgl-srv-apply/INFO]:     VK_KHR_maintenance2 (r.1)
[02:25:44] [Android mgl-srv-apply/INFO]:     VK_KHR_maintenance3 (r.1)
[02:25:44] [Android mgl-srv-apply/INFO]:     VK_KHR_maintenance4 (r.2)
[02:25:44] [Android mgl-srv-apply/INFO]:     VK_KHR_maintenance5 (r.1)
[02:25:44] [Android mgl-srv-apply/INFO]:     VK_KHR_maintenance6 (r.1)
[02:25:44] [Android mgl-srv-apply/INFO]:     VK_KHR_separate_depth_stencil_layouts (r.1)
[02:25:44] [Android mgl-srv-apply/INFO]:     VK_EXT_image_robustness (r.1)
[02:25:44] [Android mgl-srv-apply/INFO]:     VK_EXT_calibrated_timestamps (r.2)
[02:25:44] [Android mgl-srv-apply/INFO]:     VK_KHR_buffer_device_address (r.1)
[02:25:44] [Android mgl-srv-apply/INFO]:     VK_EXT_extended_dynamic_state (r.1)
[02:25:44] [Android mgl-srv-apply/INFO]:     VK_EXT_queue_family_foreign (r.1)
[02:25:44] [Android mgl-srv-apply/INFO]:     VK_KHR_shader_quad_control (r.1)
[02:25:44] [Android mgl-srv-apply/INFO]:     VK_EXT_image_view_min_lod (r.1)
[02:25:44] [Android mgl-srv-apply/INFO]:     VK_ANDROID_external_format_resolve (r.1)
[02:25:44] [Android mgl-srv-apply/INFO]:     VK_QCOM_ycbcr_degamma (r.1)
[02:25:44] [Android mgl-srv-apply/INFO]:     VK_KHR_bind_memory2 (r.1)
[02:25:44] [Android mgl-srv-apply/INFO]:     VK_EXT_pipeline_protected_access (r.1)
[02:25:44] [Android mgl-srv-apply/INFO]:     VK_KHR_external_semaphore (r.1)
[02:25:44] [Android mgl-srv-apply/INFO]:     VK_KHR_shader_terminate_invocation (r.1)
[02:25:44] [Android mgl-srv-apply/INFO]:     VK_QCOM_fragment_density_map_offset (r.2)
[02:25:44] [Android mgl-srv-apply/INFO]:     VK_EXT_scalar_block_layout (r.1)
[02:25:44] [Android mgl-srv-apply/INFO]:     VK_KHR_map_memory2 (r.1)
[02:25:44] [Android mgl-srv-apply/INFO]:     VK_EXT_load_store_op_none (r.1)
[02:25:44] [Android mgl-srv-apply/INFO]:     VK_KHR_load_store_op_none (r.1)
[02:25:44] [Android mgl-srv-apply/INFO]:     VK_KHR_shader_maximal_reconvergence (r.1)
[02:25:44] [Android mgl-srv-apply/INFO]:     VK_KHR_sampler_ycbcr_conversion (r.14)
[02:25:44] [Android mgl-srv-apply/INFO]:     VK_EXT_vertex_attribute_divisor (r.3)
[02:25:44] [Android mgl-srv-apply/INFO]:     VK_KHR_variable_pointers (r.1)
[02:25:44] [Android mgl-srv-apply/INFO]:     VK_QCOM_multiview_per_view_viewports (r.1)
[02:25:44] [Android mgl-srv-apply/INFO]:     VK_KHR_ray_query (r.1)
[02:25:44] [Android mgl-srv-apply/INFO]:     VK_EXT_primitives_generated_query (r.1)
[02:25:44] [Android mgl-srv-apply/INFO]:     VK_KHR_push_descriptor (r.2)
[02:25:44] [Android mgl-srv-apply/INFO]:     VK_KHR_timeline_semaphore (r.2)
[02:25:44] [Android mgl-srv-apply/INFO]:     VK_EXT_device_memory_report (r.2)
[02:25:44] [Android mgl-srv-apply/INFO]:     VK_KHR_shader_subgroup_rotate (r.2)
[02:25:44] [Android mgl-srv-apply/INFO]:     VK_KHR_imageless_framebuffer (r.1)
[02:25:44] [Android mgl-srv-apply/INFO]:     VK_KHR_device_group (r.4)
[02:25:44] [Android mgl-srv-apply/INFO]:     VK_EXT_device_fault (r.2)
[02:25:44] [Android mgl-srv-apply/INFO]:     VK_KHR_relaxed_block_layout (r.1)
[02:25:44] [Android mgl-srv-apply/INFO]:     VK_KHR_shader_expect_assume (r.1)
[02:25:44] [Android mgl-srv-apply/INFO]:     VK_KHR_shader_atomic_int64 (r.1)
[02:25:44] [Android mgl-srv-apply/INFO]:     VK_KHR_external_fence (r.1)
[02:25:44] [Android mgl-srv-apply/INFO]:     VK_KHR_shader_non_semantic_info (r.1)
[02:25:44] [Android mgl-srv-apply/INFO]:     VK_EXT_shader_atomic_float (r.1)
[02:25:44] [Android mgl-srv-apply/INFO]:     VK_EXT_custom_border_color (r.12)
[02:25:44] [Android mgl-srv-apply/INFO]:     VK_EXT_host_query_reset (r.1)
[02:25:44] [Android mgl-srv-apply/INFO]:     VK_EXT_index_type_uint8 (r.1)
[02:25:44] [Android mgl-srv-apply/INFO]:     VK_KHR_multiview (r.1)
[02:25:44] [Android mgl-srv-apply/INFO]:     VK_KHR_storage_buffer_storage_class (r.1)
[02:25:44] [Android mgl-srv-apply/INFO]:     VK_EXT_fragment_density_map2 (r.1)
[02:25:44] [Android mgl-srv-apply/INFO]:     VK_QCOM_filter_cubic_weights (r.1)
[02:25:44] [Android mgl-srv-apply/INFO]:     VK_KHR_workgroup_memory_explicit_layout (r.1)
[02:25:44] [Android mgl-srv-apply/INFO]:     VK_QCOM_rotated_copy_commands (r.2)
[02:25:44] [Android mgl-srv-apply/INFO]:     VK_KHR_shader_subgroup_extended_types (r.1)
[02:25:44] [Android mgl-srv-apply/INFO]:     VK_EXT_external_memory_acquire_unmodified (r.1)
[02:25:44] [Android mgl-srv-apply/INFO]:     VK_EXT_private_data (r.1)
[02:25:44] [Android mgl-srv-apply/INFO]:     VK_EXT_descriptor_buffer (r.1)
[02:25:44] [Android mgl-srv-apply/INFO]:     VK_EXT_conditional_rendering (r.2)
[02:25:44] [Android mgl-srv-apply/INFO]:     VK_EXT_mutable_descriptor_type (r.1)
[02:25:44] [Android mgl-srv-apply/INFO]:     VK_EXT_pipeline_creation_cache_control (r.3)
[02:25:44] [Android mgl-srv-apply/INFO]:     VK_EXT_robustness2 (r.1)
[02:25:44] [Android mgl-srv-apply/INFO]:     VK_KHR_shader_clock (r.1)
[02:25:44] [Android mgl-srv-apply/INFO]:     VK_EXT_shader_module_identifier (r.1)
[02:25:44] [Android mgl-srv-apply/INFO]:     VK_KHR_vertex_attribute_divisor (r.1)
[02:25:44] [Android mgl-srv-apply/INFO]:     VK_EXT_global_priority_query (r.1)
[02:25:44] [Android mgl-srv-apply/INFO]:     VK_EXT_separate_stencil_usage (r.1)
[02:25:44] [Android mgl-srv-apply/INFO]:     VK_EXT_border_color_swizzle (r.1)
[02:25:44] [Android mgl-srv-apply/INFO]:     VK_EXT_vertex_input_dynamic_state (r.2)
[02:25:44] [Android mgl-srv-apply/INFO]:     VK_IMG_filter_cubic (r.1)
[02:25:44] [Android mgl-srv-apply/INFO]:     VK_EXT_filter_cubic (r.3)
[02:25:44] [Android mgl-srv-apply/INFO]:     VK_EXT_shader_subgroup_vote (r.1)
[02:25:44] [Android mgl-srv-apply/INFO]:     VK_EXT_device_address_binding_report (r.1)
[02:25:44] [Android mgl-srv-apply/INFO]:     VK_NV_optical_flow (r.1)
[02:25:44] [Android mgl-srv-apply/INFO]:     VK_QCOM_tile_properties (r.1)
[02:25:44] [Android mgl-srv-apply/INFO]:     VK_KHR_image_format_list (r.1)
[02:25:44] [Android mgl-srv-apply/INFO]:     VK_EXT_sampler_filter_minmax (r.2)
[02:25:44] [Android mgl-srv-apply/INFO]:     VK_KHR_16bit_storage (r.1)
[02:25:44] [Android mgl-srv-apply/INFO]:     VK_EXT_shader_viewport_index_layer (r.1)
[02:25:44] [Android mgl-srv-apply/INFO]:     VK_KHR_pipeline_executable_properties (r.1)
[02:25:44] [Android mgl-srv-apply/INFO]:     VK_EXT_shader_demote_to_helper_invocation (r.1)
[02:25:44] [Android mgl-srv-apply/INFO]:     VK_EXT_color_write_enable (r.1)
[02:25:44] [Android mgl-srv-apply/INFO]:     VK_KHR_dynamic_rendering_local_read (r.1)
[02:25:44] [Android mgl-srv-apply/INFO]:     VK_QCOM_render_pass_transform (r.4)
[02:25:44] [Android mgl-srv-apply/INFO]:     VK_KHR_create_renderpass2 (r.1)
[02:25:44] [Android mgl-srv-apply/INFO]:     VK_EXT_shader_image_atomic_int64 (r.1)
[02:25:44] [Android mgl-srv-apply/INFO]:     VK_KHR_acceleration_structure (r.13)
[02:25:44] [Android mgl-srv-apply/INFO]:     VK_EXT_depth_clip_control (r.1)
[02:25:44] [Android mgl-srv-apply/INFO]:     VK_EXT_transform_feedback (r.1)
[02:25:44] [Android mgl-srv-apply/INFO]:     VK_EXT_blend_operation_advanced (r.2)
[02:25:44] [Android mgl-srv-apply/INFO]:     VK_EXT_provoking_vertex (r.1)
[02:25:44] [Android mgl-srv-apply/INFO]:     VK_KHR_8bit_storage (r.1)
[02:25:44] [Android mgl-srv-apply/INFO]:     VK_QCOM_multiview_per_view_render_areas (r.1)
[02:25:44] [Android mgl-srv-apply/INFO]:     VK_EXT_inline_uniform_block (r.1)
[02:25:44] [Android mgl-srv-apply/INFO]:     VK_EXT_shader_subgroup_ballot (r.1)
[02:25:44] [Android mgl-srv-apply/INFO]:     VK_KHR_depth_stencil_resolve (r.1)
[02:25:44] [Android mgl-srv-apply/INFO]:     VK_KHR_shader_float_controls (r.4)
[02:25:44] [Android mgl-srv-apply/INFO]:     VK_EXT_texture_compression_astc_hdr (r.1)
[02:25:44] [Android mgl-srv-apply/INFO]:     VK_EXT_global_priority (r.2)
[02:25:44] [Android mgl-srv-apply/INFO]:     VK_EXT_4444_formats (r.1)
[02:25:44] [Android mgl-srv-apply/INFO]:     VK_KHR_shader_draw_parameters (r.1)
[02:25:44] [Android mgl-srv-apply/INFO]:     VK_KHR_vulkan_memory_model (r.3)
[02:25:44] [Android mgl-srv-apply/INFO]:     VK_EXT_descriptor_indexing (r.2)
[02:25:44] [Android mgl-srv-apply/INFO]:     VK_EXT_depth_clip_enable (r.1)
[02:25:44] [Android mgl-srv-apply/INFO]:     VK_KHR_synchronization2 (r.1)
[02:25:44] [Android mgl-srv-apply/INFO]:     VK_KHR_shader_integer_dot_product (r.1)
[02:25:44] [Android mgl-srv-apply/INFO]:     VK_EXT_line_rasterization (r.1)
[02:25:44] [Android mgl-srv-apply/INFO]:     VK_KHR_line_rasterization (r.1)
[02:25:44] [Android mgl-srv-apply/INFO]:     VK_QCOM_image_processing (r.1)
[02:25:44] [Android mgl-srv-apply/INFO]:     VK_KHR_shader_float_controls2 (r.1)
[02:25:44] [Android mgl-srv-apply/INFO]:     VK_KHR_fragment_shading_rate (r.2)
[02:25:44] [Android mgl-srv-apply/INFO]:     VK_KHR_descriptor_update_template (r.1)
[02:25:44] [Android mgl-srv-apply/INFO]:     VK_KHR_draw_indirect_count (r.1)
[02:25:44] [Android mgl-srv-apply/INFO]:     VK_KHR_driver_properties (r.1)
[02:25:44] [Android mgl-srv-apply/INFO]:     VK_KHR_ray_tracing_position_fetch (r.1)
[02:25:44] [Android mgl-srv-apply/INFO]:     VK_KHR_dynamic_rendering (r.1)
[02:25:44] [Android mgl-srv-apply/INFO]:     VK_KHR_zero_initialize_workgroup_memory (r.1)
[02:25:44] [Android mgl-srv-apply/INFO]:     VK_KHR_uniform_buffer_standard_layout (r.1)
[02:25:44] [Android mgl-srv-apply/INFO]:     VK_EXT_depth_clamp_zero_one (r.1)
[02:25:44] [Android mgl-srv-apply/INFO]:     VK_ANDROID_external_memory_android_hardware_buffer (r.5)
[02:25:44] [Android mgl-srv-apply/INFO]:     VK_EXT_image_2d_view_of_3d (r.1)
[02:25:44] [Android mgl-srv-apply/INFO]:     VK_EXT_extended_dynamic_state2 (r.1)
[02:25:44] [Android mgl-srv-apply/INFO]:     VK_KHR_dedicated_allocation (r.3)
[02:25:44] [Android mgl-srv-apply/INFO]:     VK_EXT_texel_buffer_alignment (r.1)
[02:25:44] [Android mgl-srv-apply/INFO]:     VK_EXT_primitive_topology_list_restart (r.1)
[02:25:44] [Android mgl-srv-apply/INFO]:     VK_EXT_rasterization_order_attachment_access (r.1)
[02:25:44] [Android mgl-srv-apply/INFO]:     VK_KHR_shader_subgroup_uniform_control_flow (r.1)
[02:25:44] [Android mgl-srv-apply/INFO]:     VK_EXT_tooling_info (r.1)
[02:25:44] [Android mgl-srv-apply/INFO]:     VK_KHR_format_feature_flags2 (r.2)
[02:25:44] [Android mgl-srv-apply/INFO]:     VK_KHR_global_priority (r.1)
[02:25:44] [Android mgl-srv-apply/INFO]:     VK_EXT_sample_locations (r.1)
[02:25:44] [Android mgl-srv-apply/INFO]:     VK_EXT_multi_draw (r.1)
[02:25:44] [Android mgl-srv-apply/INFO]:     VK_KHR_swapchain (r.70)
[02:25:44] [Android mgl-srv-apply/INFO]:     VK_KHR_sampler_mirror_clamp_to_edge (r.3)
[02:25:44] [Android mgl-srv-apply/INFO]:     VK_QCOM_image_processing2 (r.1)
[02:25:44] [Android mgl-srv-apply/INFO]:     VK_KHR_external_fence_fd (r.1)
[02:25:44] [Android mgl-srv-apply/INFO]: Required extension found: VK_KHR_swapchain
[02:25:44] [Android mgl-srv-apply/INFO]:     Picked physical device. (Reason: First suitable device)
[02:25:44] [Android mgl-srv-apply/INFO]: Picked physical device 0.
[02:25:44] [Android mgl-srv-apply/INFO]: Vulkan: multiViewport enabled; rasterizable viewports=16 (device limit 16, GL state width 16)
[02:25:44] [Android mgl-srv-apply/INFO]: Enabled optional device extension: VK_KHR_draw_indirect_count
[02:25:44] [Android mgl-srv-apply/INFO]: Enabled optional device extension: VK_KHR_shader_draw_parameters
[02:25:44] [Android mgl-srv-apply/INFO]: VK_KHR_image_format_list enabled: true
[02:25:44] [Android mgl-srv-apply/INFO]: VK_KHR_draw_indirect_count enabled: true
[02:25:44] [Android mgl-srv-apply/INFO]: Enabled optional device extension: VK_KHR_create_renderpass2
[02:25:44] [Android mgl-srv-apply/INFO]: Enabled optional device extension: VK_KHR_depth_stencil_resolve
[02:25:44] [Android mgl-srv-apply/INFO]: Vulkan: update-after-bind descriptor layouts enabled
[02:25:44] [Android mgl-srv-apply/INFO]: Enabled optional device extension: VK_KHR_index_type_uint8
[02:25:44] [Android mgl-srv-apply/INFO]: Enabled optional device extension: VK_EXT_primitive_topology_list_restart
[02:25:44] [Android mgl-srv-apply/INFO]: Enabled optional device extension: VK_EXT_custom_border_color (maxCustomBorderColorSamplers=4000)
[02:25:44] [Android mgl-srv-apply/INFO]: Enabled optional device extension: VK_EXT_subgroup_size_control (computeFullSubgroups)
[02:25:44] [Android mgl-srv-apply/INFO]: Enabled optional device extension: VK_EXT_transform_feedback
[02:25:44] [Android mgl-srv-apply/INFO]: Enabled optional device extension: VK_EXT_provoking_vertex (transformFeedbackPreservesProvokingVertex=false)
[02:25:44] [Android mgl-srv-apply/INFO]: Enabled optional device extension: VK_EXT_vertex_attribute_divisor
[02:25:44] [Android mgl-srv-apply/INFO]: Enabled optional device extension: VK_EXT_multi_draw (maxMultiDrawCount=1024)
[02:25:44] [Android mgl-srv-apply/INFO]: Device feature support: robustBufferAccess=true geometryShader=true independentBlend=true logicOp=true shaderClipDistance=true shaderCullDistance=true wideLines=true shaderInt64=true vertexStoresAtomics=true fragmentStoresAtomics=true storageImageExtendedFormats=true storageImageReadWithoutFormat=true storageImageWriteWithoutFormat=true drawIndirectFirstInstance=true multiDrawIndirect=true
[02:25:44] [Android mgl-srv-apply/INFO]: Device feature enabled: robustBufferAccess=true geometryShader=true independentBlend=true logicOp=true shaderClipDistance=true shaderCullDistance=true wideLines=true shaderInt64=true vertexStoresAtomics=true fragmentStoresAtomics=true storageImageExtendedFormats=true storageImageReadWithoutFormat=true storageImageWriteWithoutFormat=true drawIndirectFirstInstance=true multiDrawIndirect=true shaderDrawParameters=true
[02:25:44] [Android mgl-srv-apply/INFO]: Multi-draw dispatch tier: ext (VK_EXT_multi_draw=true, multiDrawIndirect=true, mode=auto)
[02:25:44] [Android mgl-srv-apply/INFO]: index type uint8 enabled: true
[02:25:44] [Android mgl-srv-apply/INFO]: Logical device created.
[02:25:44] [Android mgl-srv-apply/INFO]: Queues got successfully.
[02:25:44] [Android mgl-srv-apply/INFO]: Timer queries supported (timestampValidBits=48, timestampPeriod=52.083332 ns/tick)
[02:25:44] [Android mgl-srv-apply/INFO]: PRIMITIVES_GENERATED probe triangles: drawn=1 stream=0/1 pgq=0(0) stat=1(1)
[02:25:44] [Android mgl-srv-apply/INFO]: PRIMITIVES_GENERATED probe triangles+discard: drawn=1 stream=0/1 pgq=0(0) stat=0(1)
[02:25:44] [Android mgl-srv-apply/INFO]: PRIMITIVES_GENERATED probe patches+discard: drawn=1 stream=0/1 pgq=0(0) stat=0(1)
[02:25:44] [Android mgl-srv-apply/INFO]: PRIMITIVES_GENERATED for XFB-inactive draws will accumulate through a clipping-invocations pipeline-statistics pool
[02:25:44] [Android mgl-srv-apply/INFO]: Command pool created
[02:25:44] [Android mgl-srv-apply/INFO]: MaxFramesInFlight: configured request=3
[02:25:44] [Android mgl-srv-apply/INFO]: MaxFramesInFlight: using 3 (surface minImageCount=11, maxImageCount=64)
[02:25:44] [Android mgl-srv-apply/INFO]: CreateFrameContexts completed
[02:25:44] [Android mgl-srv-apply/INFO]: DirectVulkan: using 256 program descriptor bindings
[02:25:44] [Android mgl-srv-apply/INFO]: Got 5 surface formats:
[02:25:44] [Android mgl-srv-apply/INFO]: Picked surface format: [VK_FORMAT_R8G8B8A8_UNORM, VK_COLOR_SPACE_SRGB_NONLINEAR_KHR]
[02:25:44] [Android mgl-srv-apply/INFO]: Got 4 present modes:
[02:25:44] [Android mgl-srv-apply/INFO]: Picked present mode: VK_PRESENT_MODE_MAILBOX_KHR
[02:25:44] [Android mgl-srv-apply/INFO]: Set minImageCount = 11
[02:25:44] [Android mgl-srv-apply/INFO]: Swapchain currentTransform = VK_SURFACE_TRANSFORM_IDENTITY_BIT_KHR
[02:25:44] [Android mgl-srv-apply/INFO]: Swapchain imageUsage = 0x13 (supportedUsageFlags = 0x9f)
[02:25:44] [Android mgl-srv-apply/INFO]: Set swapchain preTransform = VK_SURFACE_TRANSFORM_IDENTITY_BIT_KHR
[02:25:44] [Android mgl-srv-apply/INFO]: Swapchain image views created
[02:25:44] [Android mgl-srv-apply/INFO]: Swapchain created, extent = 854x480, swapchain imageCount = 11
[02:25:44] [Android mgl-srv-apply/INFO]: DirectVulkan: suppressing depth writes on accumulation-blended pipelines (driver lacks cross-pipeline position invariance)
[02:25:44] [Android mgl-srv-apply/INFO]: Vulkan shader subgroup support: detected=true advertised=true size=64 stages=0x30 operations=0x2bf
[02:25:44] [Android mgl-srv-apply/INFO]: DirectVulkan: clamped GL_MAX_COMPUTE_SHADER_STORAGE_BLOCKS from 16777216 to 256
[02:25:44] [Android mgl-srv-apply/INFO]: DirectVulkan: clamped GL_MAX_COMBINED_SHADER_STORAGE_BLOCKS from 16777216 to 256
[02:25:44] [Android mgl-srv-apply/INFO]: DirectVulkan: clamped GL_MAX_COMPUTE_UNIFORM_BLOCKS from 16777216 to 256
[02:25:44] [Android mgl-srv-apply/INFO]: DirectVulkan: clamped GL_MAX_SHADER_STORAGE_BUFFER_BINDINGS from 16777216 to 256
[02:25:44] [Android mgl-srv-apply/INFO]: DirectVulkan: clamped GL_MAX_UNIFORM_BUFFER_BINDINGS from 16777216 to 256
[02:25:44] [Android mgl-srv-apply/INFO]: DirectVulkan: clamped GL_MAX_SHADER_STORAGE_BLOCK_SIZE from 2147483647 to 536870912
[02:25:44] [Android mgl-srv-apply/INFO]: Vulkan shader subgroup support: detected=true advertised=true size=64 stages=0x30 operations=0x2bf
[02:25:44] [Android mgl-srv-apply/INFO]: DirectVulkan: clamped GL_MAX_COMPUTE_SHADER_STORAGE_BLOCKS from 16777216 to 256
[02:25:44] [Android mgl-srv-apply/INFO]: DirectVulkan: clamped GL_MAX_COMBINED_SHADER_STORAGE_BLOCKS from 16777216 to 256
[02:25:44] [Android mgl-srv-apply/INFO]: DirectVulkan: clamped GL_MAX_COMPUTE_UNIFORM_BLOCKS from 16777216 to 256
[02:25:44] [Android mgl-srv-apply/INFO]: DirectVulkan: clamped GL_MAX_SHADER_STORAGE_BUFFER_BINDINGS from 16777216 to 256
[02:25:44] [Android mgl-srv-apply/INFO]: DirectVulkan: clamped GL_MAX_UNIFORM_BUFFER_BINDINGS from 16777216 to 256
[02:25:44] [Android mgl-srv-apply/INFO]: DirectVulkan: clamped GL_MAX_SHADER_STORAGE_BLOCK_SIZE from 2147483647 to 536870912
[02:25:45] [Android mgl-srv-apply/WARN]: GetOrCreatePipeline: patching vertex input location=6 format=88 -> 89 to match shader input type=35668 for program=6
[02:25:45] [Android mgl-srv-apply/FATAL]: MGPipe: Fatal{UnmigratedVerb, "Magma:mipmap-shader-format-or-shape"}
trace-replay-ci.sh: recent relevant logcat lines:
09-23 02:25:44.006 30368 31024 I MobileGL: [02:25:44] [Android mgl-srv-apply/INFO]:     VK_EXT_conditional_rendering (r.2)
09-23 02:25:44.006 30368 31024 I MobileGL: [02:25:44] [Android mgl-srv-apply/INFO]:     VK_EXT_mutable_descriptor_type (r.1)
09-23 02:25:44.006 30368 31024 I MobileGL: [02:25:44] [Android mgl-srv-apply/INFO]:     VK_EXT_pipeline_creation_cache_control (r.3)
09-23 02:25:44.006 30368 31024 I MobileGL: [02:25:44] [Android mgl-srv-apply/INFO]:     VK_EXT_robustness2 (r.1)
09-23 02:25:44.006 30368 31024 I MobileGL: [02:25:44] [Android mgl-srv-apply/INFO]:     VK_KHR_shader_clock (r.1)
09-23 02:25:44.006 30368 31024 I MobileGL: [02:25:44] [Android mgl-srv-apply/INFO]:     VK_EXT_shader_module_identifier (r.1)
09-23 02:25:44.006 30368 31024 I MobileGL: [02:25:44] [Android mgl-srv-apply/INFO]:     VK_KHR_vertex_attribute_divisor (r.1)
09-23 02:25:44.006 30368 31024 I MobileGL: [02:25:44] [Android mgl-srv-apply/INFO]:     VK_EXT_global_priority_query (r.1)
09-23 02:25:44.006 30368 31024 I MobileGL: [02:25:44] [Android mgl-srv-apply/INFO]:     VK_EXT_separate_stencil_usage (r.1)
09-23 02:25:44.006 30368 31024 I MobileGL: [02:25:44] [Android mgl-srv-apply/INFO]:     VK_EXT_border_color_swizzle (r.1)
09-23 02:25:44.006 30368 31024 I MobileGL: [02:25:44] [Android mgl-srv-apply/INFO]:     VK_EXT_vertex_input_dynamic_state (r.2)
09-23 02:25:44.006 30368 31024 I MobileGL: [02:25:44] [Android mgl-srv-apply/INFO]:     VK_IMG_filter_cubic (r.1)
09-23 02:25:44.006 30368 31024 I MobileGL: [02:25:44] [Android mgl-srv-apply/INFO]:     VK_EXT_filter_cubic (r.3)
09-23 02:25:44.006 30368 31024 I MobileGL: [02:25:44] [Android mgl-srv-apply/INFO]:     VK_EXT_shader_subgroup_vote (r.1)
09-23 02:25:44.006 30368 31024 I MobileGL: [02:25:44] [Android mgl-srv-apply/INFO]:     VK_EXT_device_address_binding_report (r.1)
09-23 02:25:44.006 30368 31024 I MobileGL: [02:25:44] [Android mgl-srv-apply/INFO]:     VK_NV_optical_flow (r.1)
09-23 02:25:44.006 30368 31024 I MobileGL: [02:25:44] [Android mgl-srv-apply/INFO]:     VK_QCOM_tile_properties (r.1)
09-23 02:25:44.006 30368 31024 I MobileGL: [02:25:44] [Android mgl-srv-apply/INFO]:     VK_KHR_image_format_list (r.1)
09-23 02:25:44.006 30368 31024 I MobileGL: [02:25:44] [Android mgl-srv-apply/INFO]:     VK_EXT_sampler_filter_minmax (r.2)
09-23 02:25:44.006 30368 31024 I MobileGL: [02:25:44] [Android mgl-srv-apply/INFO]:     VK_KHR_16bit_storage (r.1)
09-23 02:25:44.006 30368 31024 I MobileGL: [02:25:44] [Android mgl-srv-apply/INFO]:     VK_EXT_shader_viewport_index_layer (r.1)
09-23 02:25:44.006 30368 31024 I MobileGL: [02:25:44] [Android mgl-srv-apply/INFO]:     VK_KHR_pipeline_executable_properties (r.1)
09-23 02:25:44.006 30368 31024 I MobileGL: [02:25:44] [Android mgl-srv-apply/INFO]:     VK_EXT_shader_demote_to_helper_invocation (r.1)
09-23 02:25:44.006 30368 31024 I MobileGL: [02:25:44] [Android mgl-srv-apply/INFO]:     VK_EXT_color_write_enable (r.1)
09-23 02:25:44.006 30368 31024 I MobileGL: [02:25:44] [Android mgl-srv-apply/INFO]:     VK_KHR_dynamic_rendering_local_read (r.1)
09-23 02:25:44.006 30368 31024 I MobileGL: [02:25:44] [Android mgl-srv-apply/INFO]:     VK_QCOM_render_pass_transform (r.4)
09-23 02:25:44.006 30368 31024 I MobileGL: [02:25:44] [Android mgl-srv-apply/INFO]:     VK_KHR_create_renderpass2 (r.1)
09-23 02:25:44.006 30368 31024 I MobileGL: [02:25:44] [Android mgl-srv-apply/INFO]:     VK_EXT_shader_image_atomic_int64 (r.1)
09-23 02:25:44.006 30368 31024 I MobileGL: [02:25:44] [Android mgl-srv-apply/INFO]:     VK_KHR_acceleration_structure (r.13)
09-23 02:25:44.006 30368 31024 I MobileGL: [02:25:44] [Android mgl-srv-apply/INFO]:     VK_EXT_depth_clip_control (r.1)
09-23 02:25:44.006 30368 31024 I MobileGL: [02:25:44] [Android mgl-srv-apply/INFO]:     VK_EXT_transform_feedback (r.1)
09-23 02:25:44.006 30368 31024 I MobileGL: [02:25:44] [Android mgl-srv-apply/INFO]:     VK_EXT_blend_operation_advanced (r.2)
09-23 02:25:44.006 30368 31024 I MobileGL: [02:25:44] [Android mgl-srv-apply/INFO]:     VK_EXT_provoking_vertex (r.1)
09-23 02:25:44.006 30368 31024 I MobileGL: [02:25:44] [Android mgl-srv-apply/INFO]:     VK_KHR_8bit_storage (r.1)
09-23 02:25:44.006 30368 31024 I MobileGL: [02:25:44] [Android mgl-srv-apply/INFO]:     VK_QCOM_multiview_per_view_render_areas (r.1)
09-23 02:25:44.006 30368 31024 I MobileGL: [02:25:44] [Android mgl-srv-apply/INFO]:     VK_EXT_inline_uniform_block (r.1)
09-23 02:25:44.006 30368 31024 I MobileGL: [02:25:44] [Android mgl-srv-apply/INFO]:     VK_EXT_shader_subgroup_ballot (r.1)
09-23 02:25:44.006 30368 31024 I MobileGL: [02:25:44] [Android mgl-srv-apply/INFO]:     VK_KHR_depth_stencil_resolve (r.1)
09-23 02:25:44.006 30368 31024 I MobileGL: [02:25:44] [Android mgl-srv-apply/INFO]:     VK_KHR_shader_float_controls (r.4)
09-23 02:25:44.006 30368 31024 I MobileGL: [02:25:44] [Android mgl-srv-apply/INFO]:     VK_EXT_texture_compression_astc_hdr (r.1)
09-23 02:25:44.006 30368 31024 I MobileGL: [02:25:44] [Android mgl-srv-apply/INFO]:     VK_EXT_global_priority (r.2)
09-23 02:25:44.006 30368 31024 I MobileGL: [02:25:44] [Android mgl-srv-apply/INFO]:     VK_EXT_4444_formats (r.1)
09-23 02:25:44.006 30368 31024 I MobileGL: [02:25:44] [Android mgl-srv-apply/INFO]:     VK_KHR_shader_draw_parameters (r.1)
09-23 02:25:44.006 30368 31024 I MobileGL: [02:25:44] [Android mgl-srv-apply/INFO]:     VK_KHR_vulkan_memory_model (r.3)
09-23 02:25:44.006 30368 31024 I MobileGL: [02:25:44] [Android mgl-srv-apply/INFO]:     VK_EXT_descriptor_indexing (r.2)
09-23 02:25:44.006 30368 31024 I MobileGL: [02:25:44] [Android mgl-srv-apply/INFO]:     VK_EXT_depth_clip_enable (r.1)
09-23 02:25:44.006 30368 31024 I MobileGL: [02:25:44] [Android mgl-srv-apply/INFO]:     VK_KHR_synchronization2 (r.1)
09-23 02:25:44.006 30368 31024 I MobileGL: [02:25:44] [Android mgl-srv-apply/INFO]:     VK_KHR_shader_integer_dot_product (r.1)
09-23 02:25:44.006 30368 31024 I MobileGL: [02:25:44] [Android mgl-srv-apply/INFO]:     VK_EXT_line_rasterization (r.1)
09-23 02:25:44.006 30368 31024 I MobileGL: [02:25:44] [Android mgl-srv-apply/INFO]:     VK_KHR_line_rasterization (r.1)
09-23 02:25:44.006 30368 31024 I MobileGL: [02:25:44] [Android mgl-srv-apply/INFO]:     VK_QCOM_image_processing (r.1)
09-23 02:25:44.006 30368 31024 I MobileGL: [02:25:44] [Android mgl-srv-apply/INFO]:     VK_KHR_shader_float_controls2 (r.1)
09-23 02:25:44.006 30368 31024 I MobileGL: [02:25:44] [Android mgl-srv-apply/INFO]:     VK_KHR_fragment_shading_rate (r.2)
09-23 02:25:44.006 30368 31024 I MobileGL: [02:25:44] [Android mgl-srv-apply/INFO]:     VK_KHR_descriptor_update_template (r.1)
09-23 02:25:44.006 30368 31024 I MobileGL: [02:25:44] [Android mgl-srv-apply/INFO]:     VK_KHR_draw_indirect_count (r.1)
09-23 02:25:44.006 30368 31024 I MobileGL: [02:25:44] [Android mgl-srv-apply/INFO]:     VK_KHR_driver_properties (r.1)
09-23 02:25:44.006 30368 31024 I MobileGL: [02:25:44] [Android mgl-srv-apply/INFO]:     VK_KHR_ray_tracing_position_fetch (r.1)
09-23 02:25:44.006 30368 31024 I MobileGL: [02:25:44] [Android mgl-srv-apply/INFO]:     VK_KHR_dynamic_rendering (r.1)
09-23 02:25:44.006 30368 31024 I MobileGL: [02:25:44] [Android mgl-srv-apply/INFO]:     VK_KHR_zero_initialize_workgroup_memory (r.1)
09-23 02:25:44.006 30368 31024 I MobileGL: [02:25:44] [Android mgl-srv-apply/INFO]:     VK_KHR_uniform_buffer_standard_layout (r.1)
09-23 02:25:44.006 30368 31024 I MobileGL: [02:25:44] [Android mgl-srv-apply/INFO]:     VK_EXT_depth_clamp_zero_one (r.1)
09-23 02:25:44.006 30368 31024 I MobileGL: [02:25:44] [Android mgl-srv-apply/INFO]:     VK_ANDROID_external_memory_android_hardware_buffer (r.5)
09-23 02:25:44.006 30368 31024 I MobileGL: [02:25:44] [Android mgl-srv-apply/INFO]:     VK_EXT_image_2d_view_of_3d (r.1)
09-23 02:25:44.006 30368 31024 I MobileGL: [02:25:44] [Android mgl-srv-apply/INFO]:     VK_EXT_extended_dynamic_state2 (r.1)
09-23 02:25:44.006 30368 31024 I MobileGL: [02:25:44] [Android mgl-srv-apply/INFO]:     VK_KHR_dedicated_allocation (r.3)
09-23 02:25:44.006 30368 31024 I MobileGL: [02:25:44] [Android mgl-srv-apply/INFO]:     VK_EXT_texel_buffer_alignment (r.1)
09-23 02:25:44.006 30368 31024 I MobileGL: [02:25:44] [Android mgl-srv-apply/INFO]:     VK_EXT_primitive_topology_list_restart (r.1)
09-23 02:25:44.006 30368 31024 I MobileGL: [02:25:44] [Android mgl-srv-apply/INFO]:     VK_EXT_rasterization_order_attachment_access (r.1)
09-23 02:25:44.006 30368 31024 I MobileGL: [02:25:44] [Android mgl-srv-apply/INFO]:     VK_KHR_shader_subgroup_uniform_control_flow (r.1)
09-23 02:25:44.006 30368 31024 I MobileGL: [02:25:44] [Android mgl-srv-apply/INFO]:     VK_EXT_tooling_info (r.1)
09-23 02:25:44.006 30368 31024 I MobileGL: [02:25:44] [Android mgl-srv-apply/INFO]:     VK_KHR_format_feature_flags2 (r.2)
09-23 02:25:44.006 30368 31024 I MobileGL: [02:25:44] [Android mgl-srv-apply/INFO]:     VK_KHR_global_priority (r.1)
09-23 02:25:44.006 30368 31024 I MobileGL: [02:25:44] [Android mgl-srv-apply/INFO]:     VK_EXT_sample_locations (r.1)
09-23 02:25:44.006 30368 31024 I MobileGL: [02:25:44] [Android mgl-srv-apply/INFO]:     VK_EXT_multi_draw (r.1)
09-23 02:25:44.006 30368 31024 I MobileGL: [02:25:44] [Android mgl-srv-apply/INFO]:     VK_KHR_swapchain (r.70)
09-23 02:25:44.006 30368 31024 I MobileGL: [02:25:44] [Android mgl-srv-apply/INFO]:     VK_KHR_sampler_mirror_clamp_to_edge (r.3)
09-23 02:25:44.007 30368 31024 I MobileGL: [02:25:44] [Android mgl-srv-apply/INFO]:     VK_QCOM_image_processing2 (r.1)
09-23 02:25:44.007 30368 31024 I MobileGL: [02:25:44] [Android mgl-srv-apply/INFO]:     VK_KHR_external_fence_fd (r.1)
09-23 02:25:44.007 30368 31024 I MobileGL: [02:25:44] [Android mgl-srv-apply/INFO]: Required extension found: VK_KHR_swapchain
09-23 02:25:44.007 30368 31024 I MobileGL: [02:25:44] [Android mgl-srv-apply/INFO]:     Picked physical device. (Reason: First suitable device)
09-23 02:25:44.008 30368 31024 I MobileGL: [02:25:44] [Android mgl-srv-apply/INFO]: Picked physical device 0.
09-23 02:25:44.008 30368 31024 I MobileGL: [02:25:44] [Android mgl-srv-apply/INFO]: Vulkan: multiViewport enabled; rasterizable viewports=16 (device limit 16, GL state width 16)
09-23 02:25:44.008 30368 31024 I MobileGL: [02:25:44] [Android mgl-srv-apply/INFO]: Enabled optional device extension: VK_KHR_draw_indirect_count
09-23 02:25:44.008 30368 31024 I MobileGL: [02:25:44] [Android mgl-srv-apply/INFO]: Enabled optional device extension: VK_KHR_shader_draw_parameters
09-23 02:25:44.008 30368 31024 I MobileGL: [02:25:44] [Android mgl-srv-apply/INFO]: VK_KHR_image_format_list enabled: true
09-23 02:25:44.008 30368 31024 I MobileGL: [02:25:44] [Android mgl-srv-apply/INFO]: VK_KHR_draw_indirect_count enabled: true
09-23 02:25:44.008 30368 31024 I MobileGL: [02:25:44] [Android mgl-srv-apply/INFO]: Enabled optional device extension: VK_KHR_create_renderpass2
09-23 02:25:44.008 30368 31024 I MobileGL: [02:25:44] [Android mgl-srv-apply/INFO]: Enabled optional device extension: VK_KHR_depth_stencil_resolve
09-23 02:25:44.008 30368 31024 I MobileGL: [02:25:44] [Android mgl-srv-apply/INFO]: Vulkan: update-after-bind descriptor layouts enabled
09-23 02:25:44.008 30368 31024 I MobileGL: [02:25:44] [Android mgl-srv-apply/INFO]: Enabled optional device extension: VK_KHR_index_type_uint8
09-23 02:25:44.008 30368 31024 I MobileGL: [02:25:44] [Android mgl-srv-apply/INFO]: Enabled optional device extension: VK_EXT_primitive_topology_list_restart
09-23 02:25:44.008 30368 31024 I MobileGL: [02:25:44] [Android mgl-srv-apply/INFO]: Enabled optional device extension: VK_EXT_custom_border_color (maxCustomBorderColorSamplers=4000)
09-23 02:25:44.008 30368 31024 I MobileGL: [02:25:44] [Android mgl-srv-apply/INFO]: Enabled optional device extension: VK_EXT_subgroup_size_control (computeFullSubgroups)
09-23 02:25:44.008 30368 31024 I MobileGL: [02:25:44] [Android mgl-srv-apply/INFO]: Enabled optional device extension: VK_EXT_transform_feedback
09-23 02:25:44.008 30368 31024 I MobileGL: [02:25:44] [Android mgl-srv-apply/INFO]: Enabled optional device extension: VK_EXT_provoking_vertex (transformFeedbackPreservesProvokingVertex=false)
09-23 02:25:44.008 30368 31024 I MobileGL: [02:25:44] [Android mgl-srv-apply/INFO]: Enabled optional device extension: VK_EXT_vertex_attribute_divisor
09-23 02:25:44.008 30368 31024 I MobileGL: [02:25:44] [Android mgl-srv-apply/INFO]: Enabled optional device extension: VK_EXT_multi_draw (maxMultiDrawCount=1024)
09-23 02:25:44.008 30368 31024 I MobileGL: [02:25:44] [Android mgl-srv-apply/INFO]: Device feature support: robustBufferAccess=true geometryShader=true independentBlend=true logicOp=true shaderClipDistance=true shaderCullDistance=true wideLines=true shaderInt64=true vertexStoresAtomics=true fragmentStoresAtomics=true storageImageExtendedFormats=true storageImageReadWithoutFormat=true storageImageWriteWithoutFormat=true drawIndirectFirstInstance=true multiDrawIndirect=true
09-23 02:25:44.008 30368 31024 I MobileGL: [02:25:44] [Android mgl-srv-apply/INFO]: Device feature enabled: robustBufferAccess=true geometryShader=true independentBlend=true logicOp=true shaderClipDistance=true shaderCullDistance=true wideLines=true shaderInt64=true vertexStoresAtomics=true fragmentStoresAtomics=true storageImageExtendedFormats=true storageImageReadWithoutFormat=true storageImageWriteWithoutFormat=true drawIndirectFirstInstance=true multiDrawIndirect=true shaderDrawParameters=true
09-23 02:25:44.009 30368 31024 I MobileGL: [02:25:44] [Android mgl-srv-apply/INFO]: Multi-draw dispatch tier: ext (VK_EXT_multi_draw=true, multiDrawIndirect=true, mode=auto)
09-23 02:25:44.009 30368 31024 I MobileGL: [02:25:44] [Android mgl-srv-apply/INFO]: index type uint8 enabled: true
09-23 02:25:44.009 30368 31024 I MobileGL: [02:25:44] [Android mgl-srv-apply/INFO]: Logical device created.
09-23 02:25:44.009 30368 31024 I MobileGL: [02:25:44] [Android mgl-srv-apply/INFO]: Queues got successfully.
09-23 02:25:44.009 30368 31024 I MobileGL: [02:25:44] [Android mgl-srv-apply/INFO]: Timer queries supported (timestampValidBits=48, timestampPeriod=52.083332 ns/tick)
09-23 02:25:44.009 30368 31024 I MobileGL: [02:25:44] [Android mgl-srv-apply/INFO]: PRIMITIVES_GENERATED probe triangles: drawn=1 stream=0/1 pgq=0(0) stat=1(1)
09-23 02:25:44.009 30368 31024 I MobileGL: [02:25:44] [Android mgl-srv-apply/INFO]: PRIMITIVES_GENERATED probe triangles+discard: drawn=1 stream=0/1 pgq=0(0) stat=0(1)
09-23 02:25:44.009 30368 31024 I MobileGL: [02:25:44] [Android mgl-srv-apply/INFO]: PRIMITIVES_GENERATED probe patches+discard: drawn=1 stream=0/1 pgq=0(0) stat=0(1)
09-23 02:25:44.009 30368 31024 I MobileGL: [02:25:44] [Android mgl-srv-apply/INFO]: PRIMITIVES_GENERATED for XFB-inactive draws will accumulate through a clipping-invocations pipeline-statistics pool
09-23 02:25:44.009 30368 31024 I MobileGL: [02:25:44] [Android mgl-srv-apply/INFO]: Command pool created
09-23 02:25:44.009 30368 31024 I MobileGL: [02:25:44] [Android mgl-srv-apply/INFO]: MaxFramesInFlight: configured request=3
09-23 02:25:44.009 30368 31024 I MobileGL: [02:25:44] [Android mgl-srv-apply/INFO]: MaxFramesInFlight: using 3 (surface minImageCount=11, maxImageCount=64)
09-23 02:25:44.009 30368 31024 I MobileGL: [02:25:44] [Android mgl-srv-apply/INFO]: CreateFrameContexts completed
09-23 02:25:44.009 30368 31024 I MobileGL: [02:25:44] [Android mgl-srv-apply/INFO]: DirectVulkan: using 256 program descriptor bindings
09-23 02:25:44.011 30368 31024 I MobileGL: [02:25:44] [Android mgl-srv-apply/INFO]: Got 5 surface formats:
09-23 02:25:44.011 30368 31024 I MobileGL: [02:25:44] [Android mgl-srv-apply/INFO]: Picked surface format: [VK_FORMAT_R8G8B8A8_UNORM, VK_COLOR_SPACE_SRGB_NONLINEAR_KHR]
09-23 02:25:44.011 30368 31024 I MobileGL: [02:25:44] [Android mgl-srv-apply/INFO]: Got 4 present modes:
09-23 02:25:44.011 30368 31024 I MobileGL: [02:25:44] [Android mgl-srv-apply/INFO]: Picked present mode: VK_PRESENT_MODE_MAILBOX_KHR
09-23 02:25:44.011 30368 31024 I MobileGL: [02:25:44] [Android mgl-srv-apply/INFO]: Set minImageCount = 11
09-23 02:25:44.011 30368 31024 I MobileGL: [02:25:44] [Android mgl-srv-apply/INFO]: Swapchain currentTransform = VK_SURFACE_TRANSFORM_IDENTITY_BIT_KHR
09-23 02:25:44.011 30368 31024 I MobileGL: [02:25:44] [Android mgl-srv-apply/INFO]: Swapchain imageUsage = 0x13 (supportedUsageFlags = 0x9f)
09-23 02:25:44.011 30368 31024 I MobileGL: [02:25:44] [Android mgl-srv-apply/INFO]: Set swapchain preTransform = VK_SURFACE_TRANSFORM_IDENTITY_BIT_KHR
09-23 02:25:44.013 30368 31024 I MobileGL: [02:25:44] [Android mgl-srv-apply/INFO]: Swapchain image views created
09-23 02:25:44.016 30368 31024 I MobileGL: [02:25:44] [Android mgl-srv-apply/INFO]: Swapchain created, extent = 854x480, swapchain imageCount = 11
09-23 02:25:44.016 30368 31024 I MobileGL: [02:25:44] [Android mgl-srv-apply/INFO]: DirectVulkan: suppressing depth writes on accumulation-blended pipelines (driver lacks cross-pipeline position invariance)
09-23 02:25:44.016 30368 31024 I MobileGL: [02:25:44] [Android mgl-srv-apply/INFO]: Vulkan shader subgroup support: detected=true advertised=true size=64 stages=0x30 operations=0x2bf
09-23 02:25:44.016 30368 31024 I MobileGL: [02:25:44] [Android mgl-srv-apply/INFO]: DirectVulkan: clamped GL_MAX_COMPUTE_SHADER_STORAGE_BLOCKS from 16777216 to 256
09-23 02:25:44.016 30368 31024 I MobileGL: [02:25:44] [Android mgl-srv-apply/INFO]: DirectVulkan: clamped GL_MAX_COMBINED_SHADER_STORAGE_BLOCKS from 16777216 to 256
09-23 02:25:44.016 30368 31024 I MobileGL: [02:25:44] [Android mgl-srv-apply/INFO]: DirectVulkan: clamped GL_MAX_COMPUTE_UNIFORM_BLOCKS from 16777216 to 256
09-23 02:25:44.016 30368 31024 I MobileGL: [02:25:44] [Android mgl-srv-apply/INFO]: DirectVulkan: clamped GL_MAX_SHADER_STORAGE_BUFFER_BINDINGS from 16777216 to 256
09-23 02:25:44.017 30368 31024 I MobileGL: [02:25:44] [Android mgl-srv-apply/INFO]: DirectVulkan: clamped GL_MAX_UNIFORM_BUFFER_BINDINGS from 16777216 to 256
09-23 02:25:44.017 30368 31024 I MobileGL: [02:25:44] [Android mgl-srv-apply/INFO]: DirectVulkan: clamped GL_MAX_SHADER_STORAGE_BLOCK_SIZE from 2147483647 to 536870912
09-23 02:25:44.018 30368 31024 I MobileGL: [02:25:44] [Android mgl-srv-apply/INFO]: Vulkan shader subgroup support: detected=true advertised=true size=64 stages=0x30 operations=0x2bf
09-23 02:25:44.018 30368 31024 I MobileGL: [02:25:44] [Android mgl-srv-apply/INFO]: DirectVulkan: clamped GL_MAX_COMPUTE_SHADER_STORAGE_BLOCKS from 16777216 to 256
09-23 02:25:44.018 30368 31024 I MobileGL: [02:25:44] [Android mgl-srv-apply/INFO]: DirectVulkan: clamped GL_MAX_COMBINED_SHADER_STORAGE_BLOCKS from 16777216 to 256
09-23 02:25:44.018 30368 31024 I MobileGL: [02:25:44] [Android mgl-srv-apply/INFO]: DirectVulkan: clamped GL_MAX_COMPUTE_UNIFORM_BLOCKS from 16777216 to 256
09-23 02:25:44.018 30368 31024 I MobileGL: [02:25:44] [Android mgl-srv-apply/INFO]: DirectVulkan: clamped GL_MAX_SHADER_STORAGE_BUFFER_BINDINGS from 16777216 to 256
09-23 02:25:44.018 30368 31024 I MobileGL: [02:25:44] [Android mgl-srv-apply/INFO]: DirectVulkan: clamped GL_MAX_UNIFORM_BUFFER_BINDINGS from 16777216 to 256
09-23 02:25:44.018 30368 31024 I MobileGL: [02:25:44] [Android mgl-srv-apply/INFO]: DirectVulkan: clamped GL_MAX_SHADER_STORAGE_BLOCK_SIZE from 2147483647 to 536870912
09-23 02:25:44.020 30368 31023 I MobileGL: [02:25:44] [Android MobileGLTraceRe/INFO]: MG_Remote client: CapsMirror generation 4 adopted (backend=1, callMask=0x3fff00000470)
09-23 02:25:44.020 30368 31023 I MobileGL: [02:25:44] [Android MobileGLTraceRe/INFO]: MG_Remote client: format capabilities filled from caps mirror generation 4
09-23 02:25:44.020 30368 31023 I MobileGL: [02:25:44] [Android MobileGLTraceRe/INFO]: MG_Remote client: CapsMirror generation 5 adopted (backend=1, callMask=0x3fff00000470)
09-23 02:25:44.020 30368 31023 I MobileGL: [02:25:44] [Android MobileGLTraceRe/INFO]: MG_Remote client: format capabilities filled from caps mirror generation 5
09-23 02:25:44.025 30368 31023 W MobileGL: [02:25:44] [Android MobileGLTraceRe/WARN]: Stub function: glDebugMessageControl(...)
09-23 02:25:45.594 30368 31024 W MobileGL: [02:25:45] [Android mgl-srv-apply/WARN]: GetOrCreatePipeline: patching vertex input location=6 format=88 -> 89 to match shader input type=35668 for program=6
09-23 02:25:45.614 30368 31024 F MobileGL: [02:25:45] [Android mgl-srv-apply/FATAL]: MGPipe: Fatal{UnmigratedVerb, "Magma:mipmap-shader-format-or-shape"}
09-23 02:25:45.614 30368 31024 I libc    : handling signal: 6
09-23 02:25:45.614 30368 31024 F libc    : Fatal signal 6 (SIGABRT), code -1 (SI_QUEUE) in tid 31024 (mgl-srv-apply), pid 30368 (ugin.p7w1.trace)
09-23 02:25:45.614 30368 31024 I libc    : debuggerd_dispatch_pseudothread start. crashing tid: 31024
09-23 02:25:45.638 30368 31024 I libc    : crash_dump pid: 31062
09-23 02:25:45.666 31062 31062 W libc    : Access denied finding property "persist.vendor.track.malloc.enable"
09-23 02:25:45.666 31062 31062 W libc    : Access denied finding property "persist.vendor.fd.monitor.enable"
09-23 02:25:45.933 31063 31063 F DEBUG   :       #00 pc 000000000007184c  /apex/com.android.runtime/lib64/bionic/libc.so (abort+160) (BuildId: 223a572c9f034c6a9337d8b3bedc75f3)
09-23 02:25:45.933 31063 31063 F DEBUG   :       #01 pc 000000000099f620  /data/app/~~GTtJpgg4160VWYt1KJ1Fww==/top.mobilegl.plugin.p7w1.trace-yro313nlE_p3MnRQTGbTyQ==/lib/arm64/libMobileGL.so (BuildId: c18ad8c4a37ba920181e8e4a40c555021f01fb5d)
09-23 02:25:45.933 31063 31063 F DEBUG   :       #02 pc 000000000099f4f0  /data/app/~~GTtJpgg4160VWYt1KJ1Fww==/top.mobilegl.plugin.p7w1.trace-yro313nlE_p3MnRQTGbTyQ==/lib/arm64/libMobileGL.so (BuildId: c18ad8c4a37ba920181e8e4a40c555021f01fb5d)
09-23 02:25:45.933 31063 31063 F DEBUG   :       #03 pc 0000000000973eac  /data/app/~~GTtJpgg4160VWYt1KJ1Fww==/top.mobilegl.plugin.p7w1.trace-yro313nlE_p3MnRQTGbTyQ==/lib/arm64/libMobileGL.so (BuildId: c18ad8c4a37ba920181e8e4a40c555021f01fb5d)
09-23 02:25:45.933 31063 31063 F DEBUG   :       #04 pc 000000000088842c  /data/app/~~GTtJpgg4160VWYt1KJ1Fww==/top.mobilegl.plugin.p7w1.trace-yro313nlE_p3MnRQTGbTyQ==/lib/arm64/libMobileGL.so (BuildId: c18ad8c4a37ba920181e8e4a40c555021f01fb5d)
09-23 02:25:45.933 31063 31063 F DEBUG   :       #05 pc 000000000088e268  /data/app/~~GTtJpgg4160VWYt1KJ1Fww==/top.mobilegl.plugin.p7w1.trace-yro313nlE_p3MnRQTGbTyQ==/lib/arm64/libMobileGL.so (BuildId: c18ad8c4a37ba920181e8e4a40c555021f01fb5d)
09-23 02:25:45.933 31063 31063 F DEBUG   :       #06 pc 00000000009c6884  /data/app/~~GTtJpgg4160VWYt1KJ1Fww==/top.mobilegl.plugin.p7w1.trace-yro313nlE_p3MnRQTGbTyQ==/lib/arm64/libMobileGL.so (BuildId: c18ad8c4a37ba920181e8e4a40c555021f01fb5d)
09-23 02:25:45.933 31063 31063 F DEBUG   :       #07 pc 00000000009a30c8  /data/app/~~GTtJpgg4160VWYt1KJ1Fww==/top.mobilegl.plugin.p7w1.trace-yro313nlE_p3MnRQTGbTyQ==/lib/arm64/libMobileGL.so (BuildId: c18ad8c4a37ba920181e8e4a40c555021f01fb5d)
09-23 02:25:45.933 31063 31063 F DEBUG   :       #08 pc 00000000009a3d4c  /data/app/~~GTtJpgg4160VWYt1KJ1Fww==/top.mobilegl.plugin.p7w1.trace-yro313nlE_p3MnRQTGbTyQ==/lib/arm64/libMobileGL.so (BuildId: c18ad8c4a37ba920181e8e4a40c555021f01fb5d)
09-23 02:25:45.934 31063 31063 F DEBUG   :       #09 pc 00000000009c6d60  /data/app/~~GTtJpgg4160VWYt1KJ1Fww==/top.mobilegl.plugin.p7w1.trace-yro313nlE_p3MnRQTGbTyQ==/lib/arm64/libMobileGL.so (BuildId: c18ad8c4a37ba920181e8e4a40c555021f01fb5d)
09-23 02:25:45.934 31063 31063 F DEBUG   :       #10 pc 00000000009c9e50  /data/app/~~GTtJpgg4160VWYt1KJ1Fww==/top.mobilegl.plugin.p7w1.trace-yro313nlE_p3MnRQTGbTyQ==/lib/arm64/libMobileGL.so (BuildId: c18ad8c4a37ba920181e8e4a40c555021f01fb5d)
09-23 02:25:45.934 31063 31063 F DEBUG   :       #11 pc 00000000009c9814  /data/app/~~GTtJpgg4160VWYt1KJ1Fww==/top.mobilegl.plugin.p7w1.trace-yro313nlE_p3MnRQTGbTyQ==/lib/arm64/libMobileGL.so (BuildId: c18ad8c4a37ba920181e8e4a40c555021f01fb5d)
09-23 02:25:45.934 31063 31063 F DEBUG   :       #12 pc 00000000009cbb4c  /data/app/~~GTtJpgg4160VWYt1KJ1Fww==/top.mobilegl.plugin.p7w1.trace-yro313nlE_p3MnRQTGbTyQ==/lib/arm64/libMobileGL.so (BuildId: c18ad8c4a37ba920181e8e4a40c555021f01fb5d)
09-23 02:25:45.934 31063 31063 F DEBUG   :       #13 pc 0000000000082d74  /apex/com.android.runtime/lib64/bionic/libc.so (__pthread_start(void*)+184) (BuildId: 223a572c9f034c6a9337d8b3bedc75f3)
09-23 02:25:45.934 31063 31063 F DEBUG   :       #14 pc 00000000000751f0  /apex/com.android.runtime/lib64/bionic/libc.so (__start_thread+68) (BuildId: 223a572c9f034c6a9337d8b3bedc75f3)
09-23 02:25:45.974 31063 31063 I libc    : tombstoned_notify_completion, socket: 8
09-23 02:25:45.987  6687  7097 D DigestGenerator:  /apex/com.android.runtime/lib/bionic/libc.so (abort+) ()
09-23 02:25:45.987  6687  7097 D DigestGenerator:  XXlib/arm/libMobileGL.so ()
09-23 02:25:45.987  6687  7097 D DigestGenerator:  XXlib/arm/libMobileGL.so ()
09-23 02:25:45.987  6687  7097 D DigestGenerator:  XXlib/arm/libMobileGL.so ()
09-23 02:25:45.987  6687  7097 D DigestGenerator:  XXlib/arm/libMobileGL.so ()
09-23 02:25:45.987  6687  7097 D DigestGenerator:  XXlib/arm/libMobileGL.so ()
09-23 02:25:45.987  6687  7097 D DigestGenerator:  XXlib/arm/libMobileGL.so ()
09-23 02:25:45.987  6687  7097 D DigestGenerator:  XXlib/arm/libMobileGL.so ()
09-23 02:25:45.987  6687  7097 D DigestGenerator:  XXlib/arm/libMobileGL.so ()
09-23 02:25:45.987  6687  7097 D DigestGenerator:  XXlib/arm/libMobileGL.so ()
09-23 02:25:45.987  6687  7097 D DigestGenerator:  XXlib/arm/libMobileGL.so ()
09-23 02:25:45.987  6687  7097 D DigestGenerator:  XXlib/arm/libMobileGL.so ()
09-23 02:25:45.987  6687  7097 D DigestGenerator:  XXlib/arm/libMobileGL.so ()
09-23 02:25:45.987  6687  7097 D DigestGenerator:  /apex/com.android.runtime/lib/bionic/libc.so (__pthread_start(void*)+) ()
09-23 02:25:45.987  6687  7097 D DigestGenerator:  /apex/com.android.runtime/lib/bionic/libc.so (__start_thread+) ()
09-23 02:25:45.989  6687  7097 D MiSightJni: MiSight: Java_com_miui_misight_MiSight_nativeSendEvent enter called. '{"Stacktrace":"#02 pc 000000000099f4f0  \/data\/app\/~~GTtJpgg4160VWYt1KJ1Fww==\/top.mobilegl.plugin.p7w1.trace-yro313nlE_p3MnRQTGbTyQ==\/lib\/arm64\/libMobileGL.so (BuildId: c18ad8c4a37ba920181e8e4a40c555021f01fb5d)\n      #03 pc 0000000000973eac  \/data\/app\/~~GTtJpgg4160VWYt1KJ1Fww==\/top.mobilegl.plugin.p7w1.trace-yro313nlE_p3MnRQTGbTyQ==\/lib\/arm64\/libMobileGL.so (BuildId: c18ad8c4a37ba920181e8e4a40c555021f01fb5d)\n      #04 pc 000000000088842c  \/data\/app\/~~GTtJpgg4160VWYt1KJ1Fww==\/top.mobilegl.plugin.p7w1.trace-yro313nlE_p3MnRQTGbTyQ==\/lib\/arm64\/libMobileGL.so (BuildId: c18ad8c4a37ba920181e8e4a40c555021f01fb5d)\n      #05 pc 000000000088e268  \/data\/app\/~~GTtJpgg4160VWYt1KJ1Fww==\/top.mobilegl.plugin.p7w1.trace-yro313nlE_p3MnRQTGbTyQ==\/lib\/arm64\/libMobileGL.so (BuildId: c18ad8c4a37ba920181e8e4a40c555021f01fb5d)\n      #06 pc 00000000009c6884  \/data\/app\/~~GTtJpgg4160VWYt1KJ1Fww==\/top.mobilegl.plugin.p7w1.trace-yro31
09-23 02:25:45.989  6687  7097 D MiEvent : flatten EventId 901001003 -t 1790101545 -paraList {"CrashType":"100000000","CurrentTime":1790101545000,"Digest":"93cd9aa8a0a997df64f663cbca27e0e7","Keyword":"{\"vn\":\"26.09.d260f11-trace\",\"vc\":\"26090876\",\"isRoot\":false,\"count\":1,\"preInstalled\":false,\"unfold\":false,\"ram\":15,\"rom\":264}","PackageName":"top.mobilegl.plugin.p7w1.trace","Stacktrace":"#02 pc 000000000099f4f0  /data/app/~~GTtJpgg4160VWYt1KJ1Fww==/top.mobilegl.plugin.p7w1.trace-yro313nlE_p3MnRQTGbTyQ==/lib/arm64/libMobileGL.so (BuildId: c18ad8c4a37ba920181e8e4a40c555021f01fb5d)\n      #03 pc 0000000000973eac  /data/app/~~GTtJpgg4160VWYt1KJ1Fww==/top.mobilegl.plugin.p7w1.trace-yro313nlE_p3MnRQTGbTyQ==/lib/arm64/libMobileGL.so (BuildId: c18ad8c4a37ba920181e8e4a40c555021f01fb5d)\n      #04 pc 000000000088842c  /data/app/~~GTtJpgg4160VWYt1KJ1Fww==/top.mobilegl.plugin.p7w1.trace-yro313nlE_p3MnRQTGbTyQ==/lib/arm64/libMobileGL.so (BuildId: c18ad8c4a37ba920181e8e4a40c555021f01fb5d)\n      #05 pc 000000000088e268  /data/app/~~GTtJpgg4160VWYt
09-23 02:25:45.989  6687  7097 D MiEvent : report:EventId 901001003 -t 1790101545 -paraList {"CrashType":"100000000","CurrentTime":1790101545000,"Digest":"93cd9aa8a0a997df64f663cbca27e0e7","Keyword":"{\"vn\":\"26.09.d260f11-trace\",\"vc\":\"26090876\",\"isRoot\":false,\"count\":1,\"preInstalled\":false,\"unfold\":false,\"ram\":15,\"rom\":264}","PackageName":"top.mobilegl.plugin.p7w1.trace","Stacktrace":"#02 pc 000000000099f4f0  /data/app/~~GTtJpgg4160VWYt1KJ1Fww==/top.mobilegl.plugin.p7w1.trace-yro313nlE_p3MnRQTGbTyQ==/lib/arm64/libMobileGL.so (BuildId: c18ad8c4a37ba920181e8e4a40c555021f01fb5d)\n      #03 pc 0000000000973eac  /data/app/~~GTtJpgg4160VWYt1KJ1Fww==/top.mobilegl.plugin.p7w1.trace-yro313nlE_p3MnRQTGbTyQ==/lib/arm64/libMobileGL.so (BuildId: c18ad8c4a37ba920181e8e4a40c555021f01fb5d)\n      #04 pc 000000000088842c  /data/app/~~GTtJpgg4160VWYt1KJ1Fww==/top.mobilegl.plugin.p7w1.trace-yro313nlE_p3MnRQTGbTyQ==/lib/arm64/libMobileGL.so (BuildId: c18ad8c4a37ba920181e8e4a40c555021f01fb5d)\n      #05 pc 000000000088e268  /data/app/~~GTtJpgg4160VWYt1
09-23 02:25:45.990  4411  5837 D RecentsTaskLoader: reloadTasksData [TaskKey{id=289, stackId=0, baseIntent=Intent { act=top.mobilegl.plugin.TRACE_REPLAY flg=0x10000000 cmp=top.mobilegl.plugin.p7w1.trace/top.mobilegl.plugin.trace.TraceReplayActivity }, userId=0, lastActiveTime=1201247, windowingMode=1, isThumbnailBlur=false, isAccessLocked=false, isScreening=false, topActivity=null, mHashCode=9533151}, title=MobileGL, titleDescription=MobileGL, bounds=null, isLaunchTarget=false, isStackTask=true, isSystemApp=false, isDockable=true, baseActivity=null, isLocked=false, mNeedHide=false, hasMultipleTasks=false, cti1Key=, cti2Key=, cti1Task=, cti2Task=] 
09-23 02:25:46.073  3176  3422 I libc    : kill: send 9 to pid -30368
09-23 02:25:46.073  3176  3422 I libc    : debug pid reuse, real pid -30368
09-23 02:25:46.073  3176  3422 I libc    : kill: send 9 to pid -30368
09-23 02:25:46.073  3176  3422 I libc    : debug pid reuse, real pid -30368
09-23 02:25:46.097  2024  2024 W libc    : Access denied finding property "vendor.gpp.create_frc_extension"
09-23 02:25:46.131  4411  4411 I WindowAnimParamsProvider: getClosingWindowAnimParams getClosingShortcutIcon task before=  [TaskKey{id=289, stackId=0, baseIntent=Intent { act=top.mobilegl.plugin.TRACE_REPLAY flg=0x10000000 cmp=top.mobilegl.plugin.p7w1.trace/top.mobilegl.plugin.trace.TraceReplayActivity }, userId=0, lastActiveTime=1201247, windowingMode=1, isThumbnailBlur=false, isAccessLocked=false, isScreening=false, topActivity=null, mHashCode=9533151}, title=MobileGL, titleDescription=MobileGL, bounds=null, isLaunchTarget=false, isStackTask=true, isSystemApp=false, isDockable=true, baseActivity=null, isLocked=false, mNeedHide=false, hasMultipleTasks=false, cti1Key=, cti2Key=, cti1Task=, cti2Task=] 
09-23 02:25:46.131  4411  4411 I WindowAnimParamsProvider: getClosingWindowAnimParams getClosingShortcutIcon task after=  [TaskKey{id=289, stackId=0, baseIntent=Intent { act=top.mobilegl.plugin.TRACE_REPLAY flg=0x10000000 cmp=top.mobilegl.plugin.p7w1.trace/top.mobilegl.plugin.trace.TraceReplayActivity }, userId=0, lastActiveTime=1201247, windowingMode=1, isThumbnailBlur=false, isAccessLocked=false, isScreening=false, topActivity=null, mHashCode=9533151}, title=MobileGL, titleDescription=MobileGL, bounds=null, isLaunchTarget=false, isStackTask=true, isSystemApp=false, isDockable=true, baseActivity=null, isLocked=false, mNeedHide=false, hasMultipleTasks=false, cti1Key=, cti2Key=, cti1Task=, cti2Task=] 
09-23 02:25:46.131  4411  4411 I WindowAnimParamsProvider: getUserIdFromRemoteTarget task before=  [TaskKey{id=289, stackId=0, baseIntent=Intent { act=top.mobilegl.plugin.TRACE_REPLAY flg=0x10000000 cmp=top.mobilegl.plugin.p7w1.trace/top.mobilegl.plugin.trace.TraceReplayActivity }, userId=0, lastActiveTime=1201247, windowingMode=1, isThumbnailBlur=false, isAccessLocked=false, isScreening=false, topActivity=null, mHashCode=9533151}, title=MobileGL, titleDescription=MobileGL, bounds=null, isLaunchTarget=false, isStackTask=true, isSystemApp=false, isDockable=true, baseActivity=null, isLocked=false, mNeedHide=false, hasMultipleTasks=false, cti1Key=, cti2Key=, cti1Task=, cti2Task=] 
09-23 02:25:46.131  4411  4411 I WindowAnimParamsProvider: getUserIdFromRemoteTarget task after=  [TaskKey{id=289, stackId=0, baseIntent=Intent { act=top.mobilegl.plugin.TRACE_REPLAY flg=0x10000000 cmp=top.mobilegl.plugin.p7w1.trace/top.mobilegl.plugin.trace.TraceReplayActivity }, userId=0, lastActiveTime=1201247, windowingMode=1, isThumbnailBlur=false, isAccessLocked=false, isScreening=false, topActivity=null, mHashCode=9533151}, title=MobileGL, titleDescription=MobileGL, bounds=null, isLaunchTarget=false, isStackTask=true, isSystemApp=false, isDockable=true, baseActivity=null, isLocked=false, mNeedHide=false, hasMultipleTasks=false, cti1Key=, cti2Key=, cti1Task=, cti2Task=] 
09-23 02:25:46.528  7990  8728 I libc    : kill: send 15 to pid 31095
09-23 02:25:46.528  7990  8728 I libc    : debug pid reuse, real pid 31095
09-23 02:25:46.746  4411  5837 D RecentsTaskLoader: reloadTasksData [TaskKey{id=289, stackId=0, baseIntent=Intent { act=top.mobilegl.plugin.TRACE_REPLAY flg=0x10000000 cmp=top.mobilegl.plugin.p7w1.trace/top.mobilegl.plugin.trace.TraceReplayActivity }, userId=0, lastActiveTime=1201247, windowingMode=1, isThumbnailBlur=false, isAccessLocked=false, isScreening=false, topActivity=null, mHashCode=9533151}, title=MobileGL, titleDescription=MobileGL, bounds=null, isLaunchTarget=false, isStackTask=true, isSystemApp=false, isDockable=true, baseActivity=null, isLocked=false, mNeedHide=false, hasMultipleTasks=false, cti1Key=, cti2Key=, cti1Task=, cti2Task=] 
09-23 02:25:46.766  3176  4362 W libc    : Access denied finding property "vendor.video.jpegopt.enable"
09-23 02:25:46.766  3176  4362 W libc    : Access denied finding property "vendor.video.jpegopt.enable"
trace-replay-ci.sh: app trace-replay files:
/data/user/0/top.mobilegl.plugin.p7w1.trace/files/trace-replay:
total 12
drwxrwxrwx 4 u0_a318 u0_a318 3452 2026-09-23 02:25 .
drwxrwxrwx 3 u0_a318 u0_a318 3452 2026-09-23 02:25 ..
drwxrwxrwx 2 u0_a318 u0_a318 3452 2026-09-23 02:25 input
drwxrwxrwx 2 u0_a318 u0_a318 3452 2026-09-23 02:25 output

/data/user/0/top.mobilegl.plugin.p7w1.trace/files/trace-replay/input:
total 91258
drwxrwxrwx 2 u0_a318 u0_a318     3452 2026-09-23 02:25 .
drwxrwxrwx 4 u0_a318 u0_a318     3452 2026-09-23 02:25 ..
-rw-r--r-- 1 u0_a318 u0_a318   800864 2026-09-23 02:25 golden.png
-rw-r--r-- 1 u0_a318 u0_a318 92544229 2026-09-23 02:25 trace.trace

/data/user/0/top.mobilegl.plugin.p7w1.trace/files/trace-replay/output:
total 66
drwxrwxrwx 2 u0_a318 u0_a318  3452 2026-09-23 02:25 .
drwxrwxrwx 4 u0_a318 u0_a318  3452 2026-09-23 02:25 ..
-rw------- 1 u0_a318 u0_a318  7393 2026-09-23 02:25 mobilegl.client.log
-rw------- 1 u0_a318 u0_a318 45163 2026-09-23 02:25 mobilegl.server.log
-rw------- 1 u0_a318 u0_a318   174 2026-09-23 02:25 retrace.log
archived repeat 1 to .trace-work\p7w1\E0a-inproc\minecraft-1.21.4-fabric-iris-iterationt-nodsa-in-world-DirectVulkan\repeat-01
C:\Users\geekerwan\AndroidStudioProjects\FoldCraftLauncher\MobileGL-disagg\.trace-work\android-retrace-summary\mobilegl-android-retrace-overview.html
=== Android retrace: minecraft-1.21.4-fabric-iris-photon-v1.1-in-world / DirectVulkan (repeat 1/1) ===
C:\Users\geekerwan\AndroidStudioProjects\FoldCraftLauncher\MobileGL-disagg\.trace-work\android-retrace-fixture\minecraft-1.21.4-fabric-iris-photon-v1.1-in-world\trace.trace: 1 file pushed, 0 skipped. 29.0 MB/s (23119092 bytes in 0.760s)
C:\Users\geekerwan\AndroidStudioProjects\FoldCraftLauncher\MobileGL-disagg\tools\trace_replay\fixtures\minecraft-1.21.4-fabric-iris-photon-v1.1-in-world.0000159866.png: 1 file pushed, 0 skipped. 9.2 MB/s (753968 bytes in 0.078s)
Starting: Intent { act=top.mobilegl.plugin.TRACE_REPLAY cmp=top.mobilegl.plugin.p7w1.trace/top.mobilegl.plugin.trace.TraceReplayActivity (has extras) }
{
  "passed": true,
  "statusCode": 0,
  "message": "retrace completed; ssim=0.999026, ssimThreshold=0.990000, mismatchPixels=391258, matchedGoldenPath=/data/user/0/top.mobilegl.plugin.p7w1.trace/files/trace-replay/input/golden.png",
  "tracePath": "/data/user/0/top.mobilegl.plugin.p7w1.trace/files/trace-replay/input/trace.trace",
  "goldenPath": "/data/user/0/top.mobilegl.plugin.p7w1.trace/files/trace-replay/input/golden.png",
  "alternateGoldenPaths": [],
  "matchedGoldenPath": "/data/user/0/top.mobilegl.plugin.p7w1.trace/files/trace-replay/input/golden.png",
  "actualPath": "/data/user/0/top.mobilegl.plugin.p7w1.trace/files/trace-replay/output/actual.png",
  "diffPath": "/data/user/0/top.mobilegl.plugin.p7w1.trace/files/trace-replay/output/minecraft-1.21.4-fabric-iris-photon-v1.1-in-world-diff.png",
  "backend": "DirectVulkan",
  "angleVariant": "",
  "targetFrame": -1,
  "targetCall": 159866,
  "width": 854,
  "height": 480,
  "cropX": 0,
  "cropY": 0,
  "cropWidth": 0,
  "cropHeight": 0,
  "ssim": 0.999026329,
  "ssimThreshold": 0.990000000,
  "useAngle": false,
  "usePbuffer": true,
  "avoidAngleLlvmpipeSamplerMipmapMinFilter": false,
  "avoidAngleLlvmpipeExplicitLodBias": false,
  "fixIterationRPSubgroupScratch": false,
  "deriveNumSubgroups": false,
  "iterationRPFixBarrier": false,
  "holdMs": 0,
  "mismatchPixels": 391258
}
Android retrace: real inproc transport, strict role state and zero Fatal records confirmed
archived repeat 1 to .trace-work\p7w1\E0a-inproc\minecraft-1.21.4-fabric-iris-photon-v1.1-in-world-DirectVulkan\repeat-01
C:\Users\geekerwan\AndroidStudioProjects\FoldCraftLauncher\MobileGL-disagg\.trace-work\android-retrace-summary\mobilegl-android-retrace-overview.html
=== Android retrace: minecraft-1.21.4-fabric-iris-photon-v1.3b-in-world / DirectVulkan (repeat 1/1) ===
C:\Users\geekerwan\AndroidStudioProjects\FoldCraftLauncher\MobileGL-disagg\.trace-work\android-retrace-fixture\minecraft-1.21.4-fabric-iris-photon-v1.3b-in-world\trace.trace: 1 file pushed, 0 skipped. 26.4 MB/s (23928828 bytes in 0.866s)
C:\Users\geekerwan\AndroidStudioProjects\FoldCraftLauncher\MobileGL-disagg\tools\trace_replay\fixtures\minecraft-1.21.4-fabric-iris-photon-v1.3b-in-world.0000172128.png: 1 file pushed, 0 skipped. 13.7 MB/s (741063 bytes in 0.051s)
Starting: Intent { act=top.mobilegl.plugin.TRACE_REPLAY cmp=top.mobilegl.plugin.p7w1.trace/top.mobilegl.plugin.trace.TraceReplayActivity (has extras) }
{
  "passed": false,
  "statusCode": 6,
  "message": "retrace completed; ssim=0.008865, ssimThreshold=0.990000, mismatchPixels=403024, matchedGoldenPath=/data/user/0/top.mobilegl.plugin.p7w1.trace/files/trace-replay/input/golden.png",
  "tracePath": "/data/user/0/top.mobilegl.plugin.p7w1.trace/files/trace-replay/input/trace.trace",
  "goldenPath": "/data/user/0/top.mobilegl.plugin.p7w1.trace/files/trace-replay/input/golden.png",
  "alternateGoldenPaths": [],
  "matchedGoldenPath": "/data/user/0/top.mobilegl.plugin.p7w1.trace/files/trace-replay/input/golden.png",
  "actualPath": "/data/user/0/top.mobilegl.plugin.p7w1.trace/files/trace-replay/output/actual.png",
  "diffPath": "/data/user/0/top.mobilegl.plugin.p7w1.trace/files/trace-replay/output/minecraft-1.21.4-fabric-iris-photon-v1.3b-in-world-diff.png",
  "backend": "DirectVulkan",
  "angleVariant": "",
  "targetFrame": -1,
  "targetCall": 172128,
  "width": 854,
  "height": 480,
  "cropX": 0,
  "cropY": 0,
  "cropWidth": 0,
  "cropHeight": 0,
  "ssim": 0.008864795,
  "ssimThreshold": 0.990000000,
  "useAngle": false,
  "usePbuffer": true,
  "avoidAngleLlvmpipeSamplerMipmapMinFilter": false,
  "avoidAngleLlvmpipeExplicitLodBias": false,
  "fixIterationRPSubgroupScratch": false,
  "deriveNumSubgroups": false,
  "iterationRPFixBarrier": false,
  "holdMs": 0,
  "mismatchPixels": 403024
}
trace-replay-ci.sh: tail of retrace.log:
/opt/Java/jdk-21/bin/java
trace-replay-ci.sh: tail of mobilegl.log:
[02:26:09] [Android mgl-srv-apply/FATAL]: vkCreateGraphicsPipelines
[02:26:09] [Android mgl-srv-apply/FATAL]: Vulkan error VK_ERROR_UNKNOWN (-13) at /home/swung/w7/pipe/MobileGL/MG_Backend/DirectVulkan/Renderer/PipelineFactory.cpp:660
[02:26:09] [Android mgl-srv-apply/ERROR]: PipelineFactory::GetOrCreatePipeline: creation failed for hash=0x47a16a32c2bb7496 programHash=0x733247df7346812c; not caching the failure
[02:26:09] [Android mgl-srv-apply/FATAL]: PipelineFactory::CreatePipeline failed: result=VK_ERROR_UNKNOWN (-13) programHash=0xfd859c3c16240e5a vertexInputHash=0xd1a244ac968d20da stageCount=2 topology=VK_PRIMITIVE_TOPOLOGY_TRIANGLE_LIST(3) colorAttachmentCount=2 samples=VK_SAMPLE_COUNT_1_BIT(1) subpass=0
[02:26:09] [Android mgl-srv-apply/FATAL]: PipelineFactory::CreatePipeline state: cullMode=VK_CULL_MODE_BACK_BIT(0x2) frontFace=1 depthTest=0 depthWrite=0 depthCompare=VK_COMPARE_OP_LESS_OR_EQUAL(3) depthBias=0 rasterizerDiscard=0 stencilTest=0 logicOpEnable=0 logicOp=VK_LOGIC_OP_COPY(3)
[02:26:09] [Android mgl-srv-apply/FATAL]: PipelineFactory::CreatePipeline vertex input: bindingCount=2 attributeCount=2
[02:26:09] [Android mgl-srv-apply/INFO]: PipelineFactory::CreatePipeline spirv[0]: stage=0x1 words=5208 bytes=20832 hash=0xebf1c9b5309a34da
[02:26:09] [Android mgl-srv-apply/INFO]: PipelineFactory::CreatePipeline spirv[1]: stage=0x10 words=54861 bytes=219444 hash=0x7494802520217e0c
[02:26:09] [Android mgl-srv-apply/INFO]: PipelineFactory::CreatePipeline stage[0]: stage=0x1 module=0xb40000760f8a4570 entry=main specialization=0
[02:26:09] [Android mgl-srv-apply/INFO]: PipelineFactory::CreatePipeline stage[1]: stage=0x10 module=0xb40000760f8b2670 entry=main specialization=0
[02:26:09] [Android mgl-srv-apply/FATAL]: PipelineFactory::CreatePipeline colorAttachment[0]: blend=0 colorWriteMask=0xf srcColor=6 dstColor=7 colorOp=0 srcAlpha=1 dstAlpha=0 alphaOp=0
[02:26:09] [Android mgl-srv-apply/FATAL]: PipelineFactory::CreatePipeline colorAttachment[1]: blend=0 colorWriteMask=0xf srcColor=6 dstColor=7 colorOp=0 srcAlpha=1 dstAlpha=0 alphaOp=0
[02:26:09] [Android mgl-srv-apply/FATAL]: vkCreateGraphicsPipelines
[02:26:09] [Android mgl-srv-apply/FATAL]: Vulkan error VK_ERROR_UNKNOWN (-13) at /home/swung/w7/pipe/MobileGL/MG_Backend/DirectVulkan/Renderer/PipelineFactory.cpp:660
[02:26:09] [Android mgl-srv-apply/ERROR]: PipelineFactory::GetOrCreatePipeline: creation failed for hash=0xde08a5475113979e programHash=0xfd859c3c16240e5a; not caching the failure
[02:26:09] [Android mgl-srv-apply/FATAL]: PipelineFactory::CreatePipeline failed: result=VK_ERROR_UNKNOWN (-13) programHash=0xf25a0f918681264f vertexInputHash=0xc03ef2c81b7bb12e stageCount=2 topology=VK_PRIMITIVE_TOPOLOGY_TRIANGLE_LIST(3) colorAttachmentCount=2 samples=VK_SAMPLE_COUNT_1_BIT(1) subpass=0
[02:26:09] [Android mgl-srv-apply/FATAL]: PipelineFactory::CreatePipeline state: cullMode=VK_CULL_MODE_BACK_BIT(0x2) frontFace=1 depthTest=1 depthWrite=1 depthCompare=VK_COMPARE_OP_LESS_OR_EQUAL(3) depthBias=0 rasterizerDiscard=0 stencilTest=0 logicOpEnable=0 logicOp=VK_LOGIC_OP_COPY(3)
[02:26:09] [Android mgl-srv-apply/FATAL]: PipelineFactory::CreatePipeline vertex input: bindingCount=7 attributeCount=7
[02:26:09] [Android mgl-srv-apply/INFO]: PipelineFactory::CreatePipeline spirv[0]: stage=0x1 words=7392 bytes=29568 hash=0xd75fb889f88f52de
[02:26:09] [Android mgl-srv-apply/INFO]: PipelineFactory::CreatePipeline spirv[1]: stage=0x10 words=41701 bytes=166804 hash=0x146fbc0bffc96087
[02:26:09] [Android mgl-srv-apply/INFO]: PipelineFactory::CreatePipeline stage[0]: stage=0x1 module=0xb40000760f8a50b0 entry=main specialization=0
[02:26:09] [Android mgl-srv-apply/INFO]: PipelineFactory::CreatePipeline stage[1]: stage=0x10 module=0xb40000760f8c92f0 entry=main specialization=0
[02:26:09] [Android mgl-srv-apply/FATAL]: PipelineFactory::CreatePipeline colorAttachment[0]: blend=0 colorWriteMask=0xf srcColor=6 dstColor=7 colorOp=0 srcAlpha=1 dstAlpha=7 alphaOp=0
[02:26:09] [Android mgl-srv-apply/FATAL]: PipelineFactory::CreatePipeline colorAttachment[1]: blend=1 colorWriteMask=0xf srcColor=1 dstColor=7 colorOp=0 srcAlpha=1 dstAlpha=7 alphaOp=0
[02:26:09] [Android mgl-srv-apply/FATAL]: vkCreateGraphicsPipelines
[02:26:09] [Android mgl-srv-apply/FATAL]: Vulkan error VK_ERROR_UNKNOWN (-13) at /home/swung/w7/pipe/MobileGL/MG_Backend/DirectVulkan/Renderer/PipelineFactory.cpp:660
[02:26:09] [Android mgl-srv-apply/ERROR]: PipelineFactory::GetOrCreatePipeline: creation failed for hash=0x25de06c7889fd673 programHash=0xf25a0f918681264f; not caching the failure
[02:26:09] [Android mgl-srv-apply/FATAL]: PipelineFactory::CreatePipeline failed: result=VK_ERROR_UNKNOWN (-13) programHash=0xf25a0f918681264f vertexInputHash=0xc03ef2c81b7bb12e stageCount=2 topology=VK_PRIMITIVE_TOPOLOGY_TRIANGLE_LIST(3) colorAttachmentCount=2 samples=VK_SAMPLE_COUNT_1_BIT(1) subpass=0
[02:26:09] [Android mgl-srv-apply/FATAL]: PipelineFactory::CreatePipeline state: cullMode=VK_CULL_MODE_BACK_BIT(0x2) frontFace=1 depthTest=1 depthWrite=1 depthCompare=VK_COMPARE_OP_LESS_OR_EQUAL(3) depthBias=0 rasterizerDiscard=0 stencilTest=0 logicOpEnable=0 logicOp=VK_LOGIC_OP_COPY(3)
[02:26:09] [Android mgl-srv-apply/FATAL]: PipelineFactory::CreatePipeline vertex input: bindingCount=7 attributeCount=7
[02:26:09] [Android mgl-srv-apply/INFO]: PipelineFactory::CreatePipeline spirv[0]: stage=0x1 words=7392 bytes=29568 hash=0xd75fb889f88f52de
[02:26:09] [Android mgl-srv-apply/INFO]: PipelineFactory::CreatePipeline spirv[1]: stage=0x10 words=41701 bytes=166804 hash=0x146fbc0bffc96087
[02:26:09] [Android mgl-srv-apply/INFO]: PipelineFactory::CreatePipeline stage[0]: stage=0x1 module=0xb40000760f8a50b0 entry=main specialization=0
[02:26:09] [Android mgl-srv-apply/INFO]: PipelineFactory::CreatePipeline stage[1]: stage=0x10 module=0xb40000760f8c92f0 entry=main specialization=0
[02:26:09] [Android mgl-srv-apply/FATAL]: PipelineFactory::CreatePipeline colorAttachment[0]: blend=0 colorWriteMask=0xf srcColor=6 dstColor=7 colorOp=0 srcAlpha=1 dstAlpha=7 alphaOp=0
[02:26:09] [Android mgl-srv-apply/FATAL]: PipelineFactory::CreatePipeline colorAttachment[1]: blend=1 colorWriteMask=0xf srcColor=1 dstColor=7 colorOp=0 srcAlpha=1 dstAlpha=7 alphaOp=0
[02:26:09] [Android mgl-srv-apply/FATAL]: vkCreateGraphicsPipelines
[02:26:09] [Android mgl-srv-apply/FATAL]: Vulkan error VK_ERROR_UNKNOWN (-13) at /home/swung/w7/pipe/MobileGL/MG_Backend/DirectVulkan/Renderer/PipelineFactory.cpp:660
[02:26:09] [Android mgl-srv-apply/ERROR]: PipelineFactory::GetOrCreatePipeline: creation failed for hash=0x25de06c7889fd673 programHash=0xf25a0f918681264f; not caching the failure
[02:26:09] [Android mgl-srv-apply/FATAL]: PipelineFactory::CreatePipeline failed: result=VK_ERROR_UNKNOWN (-13) programHash=0xf25a0f918681264f vertexInputHash=0xc03ef2c81b7bb12e stageCount=2 topology=VK_PRIMITIVE_TOPOLOGY_TRIANGLE_LIST(3) colorAttachmentCount=2 samples=VK_SAMPLE_COUNT_1_BIT(1) subpass=0
[02:26:09] [Android mgl-srv-apply/FATAL]: PipelineFactory::CreatePipeline state: cullMode=VK_CULL_MODE_BACK_BIT(0x2) frontFace=1 depthTest=1 depthWrite=1 depthCompare=VK_COMPARE_OP_LESS_OR_EQUAL(3) depthBias=0 rasterizerDiscard=0 stencilTest=0 logicOpEnable=0 logicOp=VK_LOGIC_OP_COPY(3)
[02:26:09] [Android mgl-srv-apply/FATAL]: PipelineFactory::CreatePipeline vertex input: bindingCount=7 attributeCount=7
[02:26:09] [Android mgl-srv-apply/INFO]: PipelineFactory::CreatePipeline spirv[0]: stage=0x1 words=7392 bytes=29568 hash=0xd75fb889f88f52de
[02:26:09] [Android mgl-srv-apply/INFO]: PipelineFactory::CreatePipeline spirv[1]: stage=0x10 words=41701 bytes=166804 hash=0x146fbc0bffc96087
[02:26:09] [Android mgl-srv-apply/INFO]: PipelineFactory::CreatePipeline stage[0]: stage=0x1 module=0xb40000760f8a50b0 entry=main specialization=0
[02:26:09] [Android mgl-srv-apply/INFO]: PipelineFactory::CreatePipeline stage[1]: stage=0x10 module=0xb40000760f8c92f0 entry=main specialization=0
[02:26:09] [Android mgl-srv-apply/FATAL]: PipelineFactory::CreatePipeline colorAttachment[0]: blend=0 colorWriteMask=0xf srcColor=6 dstColor=7 colorOp=0 srcAlpha=1 dstAlpha=7 alphaOp=0
[02:26:09] [Android mgl-srv-apply/FATAL]: PipelineFactory::CreatePipeline colorAttachment[1]: blend=1 colorWriteMask=0xf srcColor=1 dstColor=7 colorOp=0 srcAlpha=1 dstAlpha=7 alphaOp=0
[02:26:09] [Android mgl-srv-apply/FATAL]: vkCreateGraphicsPipelines
[02:26:09] [Android mgl-srv-apply/FATAL]: Vulkan error VK_ERROR_UNKNOWN (-13) at /home/swung/w7/pipe/MobileGL/MG_Backend/DirectVulkan/Renderer/PipelineFactory.cpp:660
[02:26:09] [Android mgl-srv-apply/ERROR]: PipelineFactory::GetOrCreatePipeline: creation failed for hash=0x25de06c7889fd673 programHash=0xf25a0f918681264f; not caching the failure
[02:26:09] [Android mgl-srv-apply/FATAL]: PipelineFactory::CreatePipeline failed: result=VK_ERROR_UNKNOWN (-13) programHash=0xecb48583183184c4 vertexInputHash=0x309855aba5295fb1 stageCount=2 topology=VK_PRIMITIVE_TOPOLOGY_TRIANGLE_LIST(3) colorAttachmentCount=1 samples=VK_SAMPLE_COUNT_1_BIT(1) subpass=0
[02:26:09] [Android mgl-srv-apply/FATAL]: PipelineFactory::CreatePipeline state: cullMode=VK_CULL_MODE_BACK_BIT(0x2) frontFace=1 depthTest=1 depthWrite=1 depthCompare=VK_COMPARE_OP_LESS_OR_EQUAL(3) depthBias=0 rasterizerDiscard=0 stencilTest=0 logicOpEnable=0 logicOp=VK_LOGIC_OP_COPY(3)
[02:26:09] [Android mgl-srv-apply/FATAL]: PipelineFactory::CreatePipeline vertex input: bindingCount=6 attributeCount=6
[02:26:09] [Android mgl-srv-apply/INFO]: PipelineFactory::CreatePipeline spirv[0]: stage=0x1 words=5326 bytes=21304 hash=0xc7f8e37029f4b758
[02:26:09] [Android mgl-srv-apply/INFO]: PipelineFactory::CreatePipeline spirv[1]: stage=0x10 words=32856 bytes=131424 hash=0x4e67f88470e25619
[02:26:09] [Android mgl-srv-apply/INFO]: PipelineFactory::CreatePipeline stage[0]: stage=0x1 module=0xb40000760f88e790 entry=main specialization=0
[02:26:09] [Android mgl-srv-apply/INFO]: PipelineFactory::CreatePipeline stage[1]: stage=0x10 module=0xb40000760f8aa2d0 entry=main specialization=0
[02:26:09] [Android mgl-srv-apply/FATAL]: PipelineFactory::CreatePipeline colorAttachment[0]: blend=1 colorWriteMask=0xf srcColor=1 dstColor=7 colorOp=0 srcAlpha=1 dstAlpha=7 alphaOp=0
[02:26:09] [Android mgl-srv-apply/FATAL]: vkCreateGraphicsPipelines
[02:26:09] [Android mgl-srv-apply/FATAL]: Vulkan error VK_ERROR_UNKNOWN (-13) at /home/swung/w7/pipe/MobileGL/MG_Backend/DirectVulkan/Renderer/PipelineFactory.cpp:660
[02:26:09] [Android mgl-srv-apply/ERROR]: PipelineFactory::GetOrCreatePipeline: creation failed for hash=0xdb63bb26ab155e96 programHash=0xecb48583183184c4; not caching the failure
[02:26:09] [Android mgl-srv-apply/FATAL]: PipelineFactory::CreatePipeline failed: result=VK_ERROR_UNKNOWN (-13) programHash=0xecb48583183184c4 vertexInputHash=0x309855aba5295fb1 stageCount=2 topology=VK_PRIMITIVE_TOPOLOGY_TRIANGLE_LIST(3) colorAttachmentCount=1 samples=VK_SAMPLE_COUNT_1_BIT(1) subpass=0
[02:26:09] [Android mgl-srv-apply/FATAL]: PipelineFactory::CreatePipeline state: cullMode=VK_CULL_MODE_BACK_BIT(0x2) frontFace=1 depthTest=1 depthWrite=1 depthCompare=VK_COMPARE_OP_LESS_OR_EQUAL(3) depthBias=0 rasterizerDiscard=0 stencilTest=0 logicOpEnable=0 logicOp=VK_LOGIC_OP_COPY(3)
[02:26:09] [Android mgl-srv-apply/FATAL]: PipelineFactory::CreatePipeline vertex input: bindingCount=6 attributeCount=6
[02:26:09] [Android mgl-srv-apply/INFO]: PipelineFactory::CreatePipeline spirv[0]: stage=0x1 words=5326 bytes=21304 hash=0xc7f8e37029f4b758
[02:26:09] [Android mgl-srv-apply/INFO]: PipelineFactory::CreatePipeline spirv[1]: stage=0x10 words=32856 bytes=131424 hash=0x4e67f88470e25619
[02:26:09] [Android mgl-srv-apply/INFO]: PipelineFactory::CreatePipeline stage[0]: stage=0x1 module=0xb40000760f88e790 entry=main specialization=0
[02:26:09] [Android mgl-srv-apply/INFO]: PipelineFactory::CreatePipeline stage[1]: stage=0x10 module=0xb40000760f8aa2d0 entry=main specialization=0
[02:26:09] [Android mgl-srv-apply/FATAL]: PipelineFactory::CreatePipeline colorAttachment[0]: blend=1 colorWriteMask=0xf srcColor=1 dstColor=7 colorOp=0 srcAlpha=1 dstAlpha=7 alphaOp=0
[02:26:09] [Android mgl-srv-apply/FATAL]: vkCreateGraphicsPipelines
[02:26:09] [Android mgl-srv-apply/FATAL]: Vulkan error VK_ERROR_UNKNOWN (-13) at /home/swung/w7/pipe/MobileGL/MG_Backend/DirectVulkan/Renderer/PipelineFactory.cpp:660
[02:26:09] [Android mgl-srv-apply/ERROR]: PipelineFactory::GetOrCreatePipeline: creation failed for hash=0xdb63bb26ab155e96 programHash=0xecb48583183184c4; not caching the failure
[02:26:09] [Android mgl-srv-apply/FATAL]: PipelineFactory::CreatePipeline failed: result=VK_ERROR_UNKNOWN (-13) programHash=0xf20fd89618dd0dc5 vertexInputHash=0xd1a244ac968d20da stageCount=2 topology=VK_PRIMITIVE_TOPOLOGY_TRIANGLE_LIST(3) colorAttachmentCount=2 samples=VK_SAMPLE_COUNT_1_BIT(1) subpass=0
[02:26:09] [Android mgl-srv-apply/FATAL]: PipelineFactory::CreatePipeline state: cullMode=VK_CULL_MODE_BACK_BIT(0x2) frontFace=1 depthTest=0 depthWrite=0 depthCompare=VK_COMPARE_OP_LESS_OR_EQUAL(3) depthBias=0 rasterizerDiscard=0 stencilTest=0 logicOpEnable=0 logicOp=VK_LOGIC_OP_COPY(3)
[02:26:09] [Android mgl-srv-apply/FATAL]: PipelineFactory::CreatePipeline vertex input: bindingCount=2 attributeCount=2
[02:26:09] [Android mgl-srv-apply/INFO]: PipelineFactory::CreatePipeline spirv[0]: stage=0x1 words=3515 bytes=14060 hash=0x8b26b076eac6df4e
[02:26:09] [Android mgl-srv-apply/INFO]: PipelineFactory::CreatePipeline spirv[1]: stage=0x10 words=9338 bytes=37352 hash=0xc68df9e35c0ddbd9
[02:26:09] [Android mgl-srv-apply/INFO]: PipelineFactory::CreatePipeline stage[0]: stage=0x1 module=0xb40000760f8873b0 entry=main specialization=0
[02:26:09] [Android mgl-srv-apply/INFO]: PipelineFactory::CreatePipeline stage[1]: stage=0x10 module=0xb40000760f886cf0 entry=main specialization=0
[02:26:09] [Android mgl-srv-apply/FATAL]: PipelineFactory::CreatePipeline colorAttachment[0]: blend=0 colorWriteMask=0xf srcColor=6 dstColor=7 colorOp=0 srcAlpha=1 dstAlpha=0 alphaOp=0
[02:26:09] [Android mgl-srv-apply/FATAL]: PipelineFactory::CreatePipeline colorAttachment[1]: blend=0 colorWriteMask=0xf srcColor=6 dstColor=7 colorOp=0 srcAlpha=1 dstAlpha=0 alphaOp=0
[02:26:09] [Android mgl-srv-apply/FATAL]: vkCreateGraphicsPipelines
[02:26:09] [Android mgl-srv-apply/FATAL]: Vulkan error VK_ERROR_UNKNOWN (-13) at /home/swung/w7/pipe/MobileGL/MG_Backend/DirectVulkan/Renderer/PipelineFactory.cpp:660
[02:26:09] [Android mgl-srv-apply/ERROR]: PipelineFactory::GetOrCreatePipeline: creation failed for hash=0x95f1a5bcf0b599ec programHash=0xf20fd89618dd0dc5; not caching the failure
[02:26:09] [Android mgl-srv-apply/FATAL]: PipelineFactory::CreatePipeline failed: result=VK_ERROR_UNKNOWN (-13) programHash=0x7f5d6d38463579e2 vertexInputHash=0xd1a244ac968d20da stageCount=2 topology=VK_PRIMITIVE_TOPOLOGY_TRIANGLE_LIST(3) colorAttachmentCount=1 samples=VK_SAMPLE_COUNT_1_BIT(1) subpass=0
[02:26:09] [Android mgl-srv-apply/FATAL]: PipelineFactory::CreatePipeline state: cullMode=VK_CULL_MODE_BACK_BIT(0x2) frontFace=1 depthTest=0 depthWrite=0 depthCompare=VK_COMPARE_OP_LESS_OR_EQUAL(3) depthBias=0 rasterizerDiscard=0 stencilTest=0 logicOpEnable=0 logicOp=VK_LOGIC_OP_COPY(3)
[02:26:09] [Android mgl-srv-apply/FATAL]: PipelineFactory::CreatePipeline vertex input: bindingCount=2 attributeCount=2
[02:26:09] [Android mgl-srv-apply/INFO]: PipelineFactory::CreatePipeline spirv[0]: stage=0x1 words=3576 bytes=14304 hash=0x5458d29e69686747
[02:26:09] [Android mgl-srv-apply/INFO]: PipelineFactory::CreatePipeline spirv[1]: stage=0x10 words=7709 bytes=30836 hash=0x96c50928c0b94a07
[02:26:09] [Android mgl-srv-apply/INFO]: PipelineFactory::CreatePipeline stage[0]: stage=0x1 module=0xb40000760f899710 entry=main specialization=0
[02:26:09] [Android mgl-srv-apply/INFO]: PipelineFactory::CreatePipeline stage[1]: stage=0x10 module=0xb40000760f897430 entry=main specialization=0
[02:26:09] [Android mgl-srv-apply/FATAL]: PipelineFactory::CreatePipeline colorAttachment[0]: blend=0 colorWriteMask=0xf srcColor=6 dstColor=7 colorOp=0 srcAlpha=1 dstAlpha=0 alphaOp=0
[02:26:09] [Android mgl-srv-apply/FATAL]: vkCreateGraphicsPipelines
[02:26:09] [Android mgl-srv-apply/FATAL]: Vulkan error VK_ERROR_UNKNOWN (-13) at /home/swung/w7/pipe/MobileGL/MG_Backend/DirectVulkan/Renderer/PipelineFactory.cpp:660
[02:26:09] [Android mgl-srv-apply/ERROR]: PipelineFactory::GetOrCreatePipeline: creation failed for hash=0x47cc308120fc7d17 programHash=0x7f5d6d38463579e2; not caching the failure
[02:26:09] [Android mgl-srv-apply/FATAL]: PipelineFactory::CreatePipeline failed: result=VK_ERROR_UNKNOWN (-13) programHash=0x733247df7346812c vertexInputHash=0xd1a244ac968d20da stageCount=2 topology=VK_PRIMITIVE_TOPOLOGY_TRIANGLE_LIST(3) colorAttachmentCount=1 samples=VK_SAMPLE_COUNT_1_BIT(1) subpass=0
[02:26:09] [Android mgl-srv-apply/FATAL]: PipelineFactory::CreatePipeline state: cullMode=VK_CULL_MODE_BACK_BIT(0x2) frontFace=1 depthTest=0 depthWrite=0 depthCompare=VK_COMPARE_OP_LESS_OR_EQUAL(3) depthBias=0 rasterizerDiscard=0 stencilTest=0 logicOpEnable=0 logicOp=VK_LOGIC_OP_COPY(3)
[02:26:09] [Android mgl-srv-apply/FATAL]: PipelineFactory::CreatePipeline vertex input: bindingCount=2 attributeCount=2
[02:26:09] [Android mgl-srv-apply/INFO]: PipelineFactory::CreatePipeline spirv[0]: stage=0x1 words=14390 bytes=57560 hash=0xbe0284b61fc1ce83
[02:26:09] [Android mgl-srv-apply/INFO]: PipelineFactory::CreatePipeline spirv[1]: stage=0x10 words=41374 bytes=165496 hash=0x4fb01f676f2f4152
[02:26:09] [Android mgl-srv-apply/INFO]: PipelineFactory::CreatePipeline stage[0]: stage=0x1 module=0xb40000760f88d590 entry=main specialization=0
[02:26:09] [Android mgl-srv-apply/INFO]: PipelineFactory::CreatePipeline stage[1]: stage=0x10 module=0xb40000760f8b1c50 entry=main specialization=0
[02:26:09] [Android mgl-srv-apply/FATAL]: PipelineFactory::CreatePipeline colorAttachment[0]: blend=0 colorWriteMask=0xf srcColor=6 dstColor=7 colorOp=0 srcAlpha=1 dstAlpha=0 alphaOp=0
[02:26:09] [Android mgl-srv-apply/FATAL]: vkCreateGraphicsPipelines
[02:26:09] [Android mgl-srv-apply/FATAL]: Vulkan error VK_ERROR_UNKNOWN (-13) at /home/swung/w7/pipe/MobileGL/MG_Backend/DirectVulkan/Renderer/PipelineFactory.cpp:660
[02:26:09] [Android mgl-srv-apply/ERROR]: PipelineFactory::GetOrCreatePipeline: creation failed for hash=0x47a16a32c2bb7496 programHash=0x733247df7346812c; not caching the failure
[02:26:09] [Android mgl-srv-apply/FATAL]: PipelineFactory::CreatePipeline failed: result=VK_ERROR_UNKNOWN (-13) programHash=0xfd859c3c16240e5a vertexInputHash=0xd1a244ac968d20da stageCount=2 topology=VK_PRIMITIVE_TOPOLOGY_TRIANGLE_LIST(3) colorAttachmentCount=2 samples=VK_SAMPLE_COUNT_1_BIT(1) subpass=0
[02:26:09] [Android mgl-srv-apply/FATAL]: PipelineFactory::CreatePipeline state: cullMode=VK_CULL_MODE_BACK_BIT(0x2) frontFace=1 depthTest=0 depthWrite=0 depthCompare=VK_COMPARE_OP_LESS_OR_EQUAL(3) depthBias=0 rasterizerDiscard=0 stencilTest=0 logicOpEnable=0 logicOp=VK_LOGIC_OP_COPY(3)
[02:26:09] [Android mgl-srv-apply/FATAL]: PipelineFactory::CreatePipeline vertex input: bindingCount=2 attributeCount=2
[02:26:09] [Android mgl-srv-apply/INFO]: PipelineFactory::CreatePipeline spirv[0]: stage=0x1 words=5208 bytes=20832 hash=0xebf1c9b5309a34da
[02:26:09] [Android mgl-srv-apply/INFO]: PipelineFactory::CreatePipeline spirv[1]: stage=0x10 words=54861 bytes=219444 hash=0x7494802520217e0c
[02:26:09] [Android mgl-srv-apply/INFO]: PipelineFactory::CreatePipeline stage[0]: stage=0x1 module=0xb40000760f8a4570 entry=main specialization=0
[02:26:09] [Android mgl-srv-apply/INFO]: PipelineFactory::CreatePipeline stage[1]: stage=0x10 module=0xb40000760f8b2670 entry=main specialization=0
[02:26:09] [Android mgl-srv-apply/FATAL]: PipelineFactory::CreatePipeline colorAttachment[0]: blend=0 colorWriteMask=0xf srcColor=6 dstColor=7 colorOp=0 srcAlpha=1 dstAlpha=0 alphaOp=0
[02:26:09] [Android mgl-srv-apply/FATAL]: PipelineFactory::CreatePipeline colorAttachment[1]: blend=0 colorWriteMask=0xf srcColor=6 dstColor=7 colorOp=0 srcAlpha=1 dstAlpha=0 alphaOp=0
[02:26:09] [Android mgl-srv-apply/FATAL]: vkCreateGraphicsPipelines
[02:26:09] [Android mgl-srv-apply/FATAL]: Vulkan error VK_ERROR_UNKNOWN (-13) at /home/swung/w7/pipe/MobileGL/MG_Backend/DirectVulkan/Renderer/PipelineFactory.cpp:660
[02:26:09] [Android mgl-srv-apply/ERROR]: PipelineFactory::GetOrCreatePipeline: creation failed for hash=0xde08a5475113979e programHash=0xfd859c3c16240e5a; not caching the failure
[02:26:09] [Android mgl-srv-apply/FATAL]: PipelineFactory::CreatePipeline failed: result=VK_ERROR_UNKNOWN (-13) programHash=0xf25a0f918681264f vertexInputHash=0xc03ef2c81b7bb12e stageCount=2 topology=VK_PRIMITIVE_TOPOLOGY_TRIANGLE_LIST(3) colorAttachmentCount=2 samples=VK_SAMPLE_COUNT_1_BIT(1) subpass=0
[02:26:09] [Android mgl-srv-apply/FATAL]: PipelineFactory::CreatePipeline state: cullMode=VK_CULL_MODE_BACK_BIT(0x2) frontFace=1 depthTest=1 depthWrite=1 depthCompare=VK_COMPARE_OP_LESS_OR_EQUAL(3) depthBias=0 rasterizerDiscard=0 stencilTest=0 logicOpEnable=0 logicOp=VK_LOGIC_OP_COPY(3)
[02:26:09] [Android mgl-srv-apply/FATAL]: PipelineFactory::CreatePipeline vertex input: bindingCount=7 attributeCount=7
[02:26:09] [Android mgl-srv-apply/INFO]: PipelineFactory::CreatePipeline spirv[0]: stage=0x1 words=7392 bytes=29568 hash=0xd75fb889f88f52de
[02:26:09] [Android mgl-srv-apply/INFO]: PipelineFactory::CreatePipeline spirv[1]: stage=0x10 words=41701 bytes=166804 hash=0x146fbc0bffc96087
[02:26:09] [Android mgl-srv-apply/INFO]: PipelineFactory::CreatePipeline stage[0]: stage=0x1 module=0xb40000760f8a50b0 entry=main specialization=0
[02:26:09] [Android mgl-srv-apply/INFO]: PipelineFactory::CreatePipeline stage[1]: stage=0x10 module=0xb40000760f8c92f0 entry=main specialization=0
[02:26:09] [Android mgl-srv-apply/FATAL]: PipelineFactory::CreatePipeline colorAttachment[0]: blend=0 colorWriteMask=0xf srcColor=6 dstColor=7 colorOp=0 srcAlpha=1 dstAlpha=7 alphaOp=0
[02:26:09] [Android mgl-srv-apply/FATAL]: PipelineFactory::CreatePipeline colorAttachment[1]: blend=1 colorWriteMask=0xf srcColor=1 dstColor=7 colorOp=0 srcAlpha=1 dstAlpha=7 alphaOp=0
[02:26:09] [Android mgl-srv-apply/FATAL]: vkCreateGraphicsPipelines
[02:26:09] [Android mgl-srv-apply/FATAL]: Vulkan error VK_ERROR_UNKNOWN (-13) at /home/swung/w7/pipe/MobileGL/MG_Backend/DirectVulkan/Renderer/PipelineFactory.cpp:660
[02:26:09] [Android mgl-srv-apply/ERROR]: PipelineFactory::GetOrCreatePipeline: creation failed for hash=0x25de06c7889fd673 programHash=0xf25a0f918681264f; not caching the failure
[02:26:09] [Android mgl-srv-apply/FATAL]: PipelineFactory::CreatePipeline failed: result=VK_ERROR_UNKNOWN (-13) programHash=0xf25a0f918681264f vertexInputHash=0xc03ef2c81b7bb12e stageCount=2 topology=VK_PRIMITIVE_TOPOLOGY_TRIANGLE_LIST(3) colorAttachmentCount=2 samples=VK_SAMPLE_COUNT_1_BIT(1) subpass=0
[02:26:09] [Android mgl-srv-apply/FATAL]: PipelineFactory::CreatePipeline state: cullMode=VK_CULL_MODE_BACK_BIT(0x2) frontFace=1 depthTest=1 depthWrite=1 depthCompare=VK_COMPARE_OP_LESS_OR_EQUAL(3) depthBias=0 rasterizerDiscard=0 stencilTest=0 logicOpEnable=0 logicOp=VK_LOGIC_OP_COPY(3)
[02:26:09] [Android mgl-srv-apply/FATAL]: PipelineFactory::CreatePipeline vertex input: bindingCount=7 attributeCount=7
[02:26:09] [Android mgl-srv-apply/INFO]: PipelineFactory::CreatePipeline spirv[0]: stage=0x1 words=7392 bytes=29568 hash=0xd75fb889f88f52de
[02:26:09] [Android mgl-srv-apply/INFO]: PipelineFactory::CreatePipeline spirv[1]: stage=0x10 words=41701 bytes=166804 hash=0x146fbc0bffc96087
[02:26:09] [Android mgl-srv-apply/INFO]: PipelineFactory::CreatePipeline stage[0]: stage=0x1 module=0xb40000760f8a50b0 entry=main specialization=0
[02:26:09] [Android mgl-srv-apply/INFO]: PipelineFactory::CreatePipeline stage[1]: stage=0x10 module=0xb40000760f8c92f0 entry=main specialization=0
[02:26:09] [Android mgl-srv-apply/FATAL]: PipelineFactory::CreatePipeline colorAttachment[0]: blend=0 colorWriteMask=0xf srcColor=6 dstColor=7 colorOp=0 srcAlpha=1 dstAlpha=7 alphaOp=0
[02:26:09] [Android mgl-srv-apply/FATAL]: PipelineFactory::CreatePipeline colorAttachment[1]: blend=1 colorWriteMask=0xf srcColor=1 dstColor=7 colorOp=0 srcAlpha=1 dstAlpha=7 alphaOp=0
[02:26:09] [Android mgl-srv-apply/FATAL]: vkCreateGraphicsPipelines
[02:26:09] [Android mgl-srv-apply/FATAL]: Vulkan error VK_ERROR_UNKNOWN (-13) at /home/swung/w7/pipe/MobileGL/MG_Backend/DirectVulkan/Renderer/PipelineFactory.cpp:660
[02:26:09] [Android mgl-srv-apply/ERROR]: PipelineFactory::GetOrCreatePipeline: creation failed for hash=0x25de06c7889fd673 programHash=0xf25a0f918681264f; not caching the failure
[02:26:09] [Android mgl-srv-apply/FATAL]: PipelineFactory::CreatePipeline failed: result=VK_ERROR_UNKNOWN (-13) programHash=0xf25a0f918681264f vertexInputHash=0xc03ef2c81b7bb12e stageCount=2 topology=VK_PRIMITIVE_TOPOLOGY_TRIANGLE_LIST(3) colorAttachmentCount=2 samples=VK_SAMPLE_COUNT_1_BIT(1) subpass=0
[02:26:09] [Android mgl-srv-apply/FATAL]: PipelineFactory::CreatePipeline state: cullMode=VK_CULL_MODE_BACK_BIT(0x2) frontFace=1 depthTest=1 depthWrite=1 depthCompare=VK_COMPARE_OP_LESS_OR_EQUAL(3) depthBias=0 rasterizerDiscard=0 stencilTest=0 logicOpEnable=0 logicOp=VK_LOGIC_OP_COPY(3)
[02:26:09] [Android mgl-srv-apply/FATAL]: PipelineFactory::CreatePipeline vertex input: bindingCount=7 attributeCount=7
[02:26:09] [Android mgl-srv-apply/INFO]: PipelineFactory::CreatePipeline spirv[0]: stage=0x1 words=7392 bytes=29568 hash=0xd75fb889f88f52de
[02:26:09] [Android mgl-srv-apply/INFO]: PipelineFactory::CreatePipeline spirv[1]: stage=0x10 words=41701 bytes=166804 hash=0x146fbc0bffc96087
[02:26:09] [Android mgl-srv-apply/INFO]: PipelineFactory::CreatePipeline stage[0]: stage=0x1 module=0xb40000760f8a50b0 entry=main specialization=0
[02:26:09] [Android mgl-srv-apply/INFO]: PipelineFactory::CreatePipeline stage[1]: stage=0x10 module=0xb40000760f8c92f0 entry=main specialization=0
[02:26:09] [Android mgl-srv-apply/FATAL]: PipelineFactory::CreatePipeline colorAttachment[0]: blend=0 colorWriteMask=0xf srcColor=6 dstColor=7 colorOp=0 srcAlpha=1 dstAlpha=7 alphaOp=0
[02:26:09] [Android mgl-srv-apply/FATAL]: PipelineFactory::CreatePipeline colorAttachment[1]: blend=1 colorWriteMask=0xf srcColor=1 dstColor=7 colorOp=0 srcAlpha=1 dstAlpha=7 alphaOp=0
[02:26:09] [Android mgl-srv-apply/FATAL]: vkCreateGraphicsPipelines
[02:26:09] [Android mgl-srv-apply/FATAL]: Vulkan error VK_ERROR_UNKNOWN (-13) at /home/swung/w7/pipe/MobileGL/MG_Backend/DirectVulkan/Renderer/PipelineFactory.cpp:660
[02:26:09] [Android mgl-srv-apply/ERROR]: PipelineFactory::GetOrCreatePipeline: creation failed for hash=0x25de06c7889fd673 programHash=0xf25a0f918681264f; not caching the failure
[02:26:09] [Android mgl-srv-apply/FATAL]: PipelineFactory::CreatePipeline failed: result=VK_ERROR_UNKNOWN (-13) programHash=0xecb48583183184c4 vertexInputHash=0x309855aba5295fb1 stageCount=2 topology=VK_PRIMITIVE_TOPOLOGY_TRIANGLE_LIST(3) colorAttachmentCount=1 samples=VK_SAMPLE_COUNT_1_BIT(1) subpass=0
[02:26:09] [Android mgl-srv-apply/FATAL]: PipelineFactory::CreatePipeline state: cullMode=VK_CULL_MODE_BACK_BIT(0x2) frontFace=1 depthTest=1 depthWrite=1 depthCompare=VK_COMPARE_OP_LESS_OR_EQUAL(3) depthBias=0 rasterizerDiscard=0 stencilTest=0 logicOpEnable=0 logicOp=VK_LOGIC_OP_COPY(3)
[02:26:09] [Android mgl-srv-apply/FATAL]: PipelineFactory::CreatePipeline vertex input: bindingCount=6 attributeCount=6
[02:26:09] [Android mgl-srv-apply/INFO]: PipelineFactory::CreatePipeline spirv[0]: stage=0x1 words=5326 bytes=21304 hash=0xc7f8e37029f4b758
[02:26:09] [Android mgl-srv-apply/INFO]: PipelineFactory::CreatePipeline spirv[1]: stage=0x10 words=32856 bytes=131424 hash=0x4e67f88470e25619
[02:26:09] [Android mgl-srv-apply/INFO]: PipelineFactory::CreatePipeline stage[0]: stage=0x1 module=0xb40000760f88e790 entry=main specialization=0
[02:26:09] [Android mgl-srv-apply/INFO]: PipelineFactory::CreatePipeline stage[1]: stage=0x10 module=0xb40000760f8aa2d0 entry=main specialization=0
[02:26:09] [Android mgl-srv-apply/FATAL]: PipelineFactory::CreatePipeline colorAttachment[0]: blend=1 colorWriteMask=0xf srcColor=1 dstColor=7 colorOp=0 srcAlpha=1 dstAlpha=7 alphaOp=0
[02:26:09] [Android mgl-srv-apply/FATAL]: vkCreateGraphicsPipelines
[02:26:09] [Android mgl-srv-apply/FATAL]: Vulkan error VK_ERROR_UNKNOWN (-13) at /home/swung/w7/pipe/MobileGL/MG_Backend/DirectVulkan/Renderer/PipelineFactory.cpp:660
[02:26:09] [Android mgl-srv-apply/ERROR]: PipelineFactory::GetOrCreatePipeline: creation failed for hash=0xdb63bb26ab155e96 programHash=0xecb48583183184c4; not caching the failure
[02:26:09] [Android mgl-srv-apply/FATAL]: PipelineFactory::CreatePipeline failed: result=VK_ERROR_UNKNOWN (-13) programHash=0xecb48583183184c4 vertexInputHash=0x309855aba5295fb1 stageCount=2 topology=VK_PRIMITIVE_TOPOLOGY_TRIANGLE_LIST(3) colorAttachmentCount=1 samples=VK_SAMPLE_COUNT_1_BIT(1) subpass=0
[02:26:09] [Android mgl-srv-apply/FATAL]: PipelineFactory::CreatePipeline state: cullMode=VK_CULL_MODE_BACK_BIT(0x2) frontFace=1 depthTest=1 depthWrite=1 depthCompare=VK_COMPARE_OP_LESS_OR_EQUAL(3) depthBias=0 rasterizerDiscard=0 stencilTest=0 logicOpEnable=0 logicOp=VK_LOGIC_OP_COPY(3)
[02:26:09] [Android mgl-srv-apply/FATAL]: PipelineFactory::CreatePipeline vertex input: bindingCount=6 attributeCount=6
[02:26:09] [Android mgl-srv-apply/INFO]: PipelineFactory::CreatePipeline spirv[0]: stage=0x1 words=5326 bytes=21304 hash=0xc7f8e37029f4b758
[02:26:09] [Android mgl-srv-apply/INFO]: PipelineFactory::CreatePipeline spirv[1]: stage=0x10 words=32856 bytes=131424 hash=0x4e67f88470e25619
[02:26:09] [Android mgl-srv-apply/INFO]: PipelineFactory::CreatePipeline stage[0]: stage=0x1 module=0xb40000760f88e790 entry=main specialization=0
[02:26:09] [Android mgl-srv-apply/INFO]: PipelineFactory::CreatePipeline stage[1]: stage=0x10 module=0xb40000760f8aa2d0 entry=main specialization=0
[02:26:09] [Android mgl-srv-apply/FATAL]: PipelineFactory::CreatePipeline colorAttachment[0]: blend=1 colorWriteMask=0xf srcColor=1 dstColor=7 colorOp=0 srcAlpha=1 dstAlpha=7 alphaOp=0
[02:26:09] [Android mgl-srv-apply/FATAL]: vkCreateGraphicsPipelines
[02:26:09] [Android mgl-srv-apply/FATAL]: Vulkan error VK_ERROR_UNKNOWN (-13) at /home/swung/w7/pipe/MobileGL/MG_Backend/DirectVulkan/Renderer/PipelineFactory.cpp:660
[02:26:09] [Android mgl-srv-apply/ERROR]: PipelineFactory::GetOrCreatePipeline: creation failed for hash=0xdb63bb26ab155e96 programHash=0xecb48583183184c4; not caching the failure
[02:26:09] [Android mgl-srv-apply/FATAL]: PipelineFactory::CreatePipeline failed: result=VK_ERROR_UNKNOWN (-13) programHash=0xf20fd89618dd0dc5 vertexInputHash=0xd1a244ac968d20da stageCount=2 topology=VK_PRIMITIVE_TOPOLOGY_TRIANGLE_LIST(3) colorAttachmentCount=2 samples=VK_SAMPLE_COUNT_1_BIT(1) subpass=0
[02:26:09] [Android mgl-srv-apply/FATAL]: PipelineFactory::CreatePipeline state: cullMode=VK_CULL_MODE_BACK_BIT(0x2) frontFace=1 depthTest=0 depthWrite=0 depthCompare=VK_COMPARE_OP_LESS_OR_EQUAL(3) depthBias=0 rasterizerDiscard=0 stencilTest=0 logicOpEnable=0 logicOp=VK_LOGIC_OP_COPY(3)
[02:26:09] [Android mgl-srv-apply/FATAL]: PipelineFactory::CreatePipeline vertex input: bindingCount=2 attributeCount=2
[02:26:09] [Android mgl-srv-apply/INFO]: PipelineFactory::CreatePipeline spirv[0]: stage=0x1 words=3515 bytes=14060 hash=0x8b26b076eac6df4e
[02:26:09] [Android mgl-srv-apply/INFO]: PipelineFactory::CreatePipeline spirv[1]: stage=0x10 words=9338 bytes=37352 hash=0xc68df9e35c0ddbd9
[02:26:09] [Android mgl-srv-apply/INFO]: PipelineFactory::CreatePipeline stage[0]: stage=0x1 module=0xb40000760f8873b0 entry=main specialization=0
[02:26:09] [Android mgl-srv-apply/INFO]: PipelineFactory::CreatePipeline stage[1]: stage=0x10 module=0xb40000760f886cf0 entry=main specialization=0
[02:26:09] [Android mgl-srv-apply/FATAL]: PipelineFactory::CreatePipeline colorAttachment[0]: blend=0 colorWriteMask=0xf srcColor=6 dstColor=7 colorOp=0 srcAlpha=1 dstAlpha=0 alphaOp=0
[02:26:09] [Android mgl-srv-apply/FATAL]: PipelineFactory::CreatePipeline colorAttachment[1]: blend=0 colorWriteMask=0xf srcColor=6 dstColor=7 colorOp=0 srcAlpha=1 dstAlpha=0 alphaOp=0
[02:26:09] [Android mgl-srv-apply/FATAL]: vkCreateGraphicsPipelines
[02:26:09] [Android mgl-srv-apply/FATAL]: Vulkan error VK_ERROR_UNKNOWN (-13) at /home/swung/w7/pipe/MobileGL/MG_Backend/DirectVulkan/Renderer/PipelineFactory.cpp:660
[02:26:09] [Android mgl-srv-apply/ERROR]: PipelineFactory::GetOrCreatePipeline: creation failed for hash=0x95f1a5bcf0b599ec programHash=0xf20fd89618dd0dc5; not caching the failure
[02:26:09] [Android mgl-srv-apply/FATAL]: PipelineFactory::CreatePipeline failed: result=VK_ERROR_UNKNOWN (-13) programHash=0x7f5d6d38463579e2 vertexInputHash=0xd1a244ac968d20da stageCount=2 topology=VK_PRIMITIVE_TOPOLOGY_TRIANGLE_LIST(3) colorAttachmentCount=1 samples=VK_SAMPLE_COUNT_1_BIT(1) subpass=0
[02:26:09] [Android mgl-srv-apply/FATAL]: PipelineFactory::CreatePipeline state: cullMode=VK_CULL_MODE_BACK_BIT(0x2) frontFace=1 depthTest=0 depthWrite=0 depthCompare=VK_COMPARE_OP_LESS_OR_EQUAL(3) depthBias=0 rasterizerDiscard=0 stencilTest=0 logicOpEnable=0 logicOp=VK_LOGIC_OP_COPY(3)
[02:26:09] [Android mgl-srv-apply/FATAL]: PipelineFactory::CreatePipeline vertex input: bindingCount=2 attributeCount=2
[02:26:09] [Android mgl-srv-apply/INFO]: PipelineFactory::CreatePipeline spirv[0]: stage=0x1 words=3576 bytes=14304 hash=0x5458d29e69686747
[02:26:09] [Android mgl-srv-apply/INFO]: PipelineFactory::CreatePipeline spirv[1]: stage=0x10 words=7709 bytes=30836 hash=0x96c50928c0b94a07
[02:26:09] [Android mgl-srv-apply/INFO]: PipelineFactory::CreatePipeline stage[0]: stage=0x1 module=0xb40000760f899710 entry=main specialization=0
[02:26:09] [Android mgl-srv-apply/INFO]: PipelineFactory::CreatePipeline stage[1]: stage=0x10 module=0xb40000760f897430 entry=main specialization=0
[02:26:09] [Android mgl-srv-apply/FATAL]: PipelineFactory::CreatePipeline colorAttachment[0]: blend=0 colorWriteMask=0xf srcColor=6 dstColor=7 colorOp=0 srcAlpha=1 dstAlpha=0 alphaOp=0
[02:26:09] [Android mgl-srv-apply/FATAL]: vkCreateGraphicsPipelines
[02:26:09] [Android mgl-srv-apply/FATAL]: Vulkan error VK_ERROR_UNKNOWN (-13) at /home/swung/w7/pipe/MobileGL/MG_Backend/DirectVulkan/Renderer/PipelineFactory.cpp:660
[02:26:09] [Android mgl-srv-apply/ERROR]: PipelineFactory::GetOrCreatePipeline: creation failed for hash=0x47cc308120fc7d17 programHash=0x7f5d6d38463579e2; not caching the failure
trace replay failed: {'passed': False, 'statusCode': 6, 'message': 'retrace completed; ssim=0.008865, ssimThreshold=0.990000, mismatchPixels=403024, matchedGoldenPath=/data/user/0/top.mobilegl.plugin.p7w1.trace/files/trace-replay/input/golden.png', 'tracePath': '/data/user/0/top.mobilegl.plugin.p7w1.trace/files/trace-replay/input/trace.trace', 'goldenPath': '/data/user/0/top.mobilegl.plugin.p7w1.trace/files/trace-replay/input/golden.png', 'alternateGoldenPaths': [], 'matchedGoldenPath': '/data/user/0/top.mobilegl.plugin.p7w1.trace/files/trace-replay/input/golden.png', 'actualPath': '/data/user/0/top.mobilegl.plugin.p7w1.trace/files/trace-replay/output/actual.png', 'diffPath': '/data/user/0/top.mobilegl.plugin.p7w1.trace/files/trace-replay/output/minecraft-1.21.4-fabric-iris-photon-v1.3b-in-world-diff.png', 'backend': 'DirectVulkan', 'angleVariant': '', 'targetFrame': -1, 'targetCall': 172128, 'width': 854, 'height': 480, 'cropX': 0, 'cropY': 0, 'cropWidth': 0, 'cropHeight': 0, 'ssim': 0.008864795, 'ssimThreshold': 0.99, 'useAngle': False, 'usePbuffer': True, 'avoidAngleLlvmpipeSamplerMipmapMinFilter': False, 'avoidAngleLlvmpipeExplicitLodBias': False, 'fixIterationRPSubgroupScratch': False, 'deriveNumSubgroups': False, 'iterationRPFixBarrier': False, 'holdMs': 0, 'mismatchPixels': 403024}
archived repeat 1 to .trace-work\p7w1\E0a-inproc\minecraft-1.21.4-fabric-iris-photon-v1.3b-in-world-DirectVulkan\repeat-01
C:\Users\geekerwan\AndroidStudioProjects\FoldCraftLauncher\MobileGL-disagg\.trace-work\android-retrace-summary\mobilegl-android-retrace-overview.html
=== Android retrace: minecraft-1.21.4-fabric-iris-derivative-main-d24.4.14-in-world / DirectVulkan (repeat 1/1) ===
C:\Users\geekerwan\AndroidStudioProjects\FoldCraftLauncher\MobileGL-disagg\.trace-work\android-retrace-fixture\minecraft-1.21.4-fabric-iris-derivative-main-d24.4.14-in-world\trace.trace: 1 file pushed, 0 skipped. 27.7 MB/s (30008874 bytes in 1.033s)
C:\Users\geekerwan\AndroidStudioProjects\FoldCraftLauncher\MobileGL-disagg\tools\trace_replay\fixtures\minecraft-1.21.4-fabric-iris-derivative-main-d24.4.14-in-world.0000145353.png: 1 file pushed, 0 skipped. 33.0 MB/s (713152 bytes in 0.021s)
C:\Users\geekerwan\AndroidStudioProjects\FoldCraftLauncher\MobileGL-disagg\tools\trace_replay\fixtures\minecraft-1.21.4-fabric-iris-derivative-main-d24.4.14-in-world.0000145353-android-angle.png: 1 file pushed, 0 skipped. 12.6 MB/s (750528 bytes in 0.057s)
Starting: Intent { act=top.mobilegl.plugin.TRACE_REPLAY cmp=top.mobilegl.plugin.p7w1.trace/top.mobilegl.plugin.trace.TraceReplayActivity (has extras) }
{
  "passed": true,
  "statusCode": 0,
  "message": "retrace completed; ssim=0.996792, ssimThreshold=0.990000, mismatchPixels=397116, matchedGoldenPath=/data/user/0/top.mobilegl.plugin.p7w1.trace/files/trace-replay/input/golden.png",
  "tracePath": "/data/user/0/top.mobilegl.plugin.p7w1.trace/files/trace-replay/input/trace.trace",
  "goldenPath": "/data/user/0/top.mobilegl.plugin.p7w1.trace/files/trace-replay/input/golden.png",
  "alternateGoldenPaths": ["/data/user/0/top.mobilegl.plugin.p7w1.trace/files/trace-replay/input/alternate-golden.png"],
  "matchedGoldenPath": "/data/user/0/top.mobilegl.plugin.p7w1.trace/files/trace-replay/input/golden.png",
  "actualPath": "/data/user/0/top.mobilegl.plugin.p7w1.trace/files/trace-replay/output/actual.png",
  "diffPath": "/data/user/0/top.mobilegl.plugin.p7w1.trace/files/trace-replay/output/minecraft-1.21.4-fabric-iris-derivative-main-d24.4.14-in-world-diff.png",
  "backend": "DirectVulkan",
  "angleVariant": "",
  "targetFrame": -1,
  "targetCall": 145353,
  "width": 854,
  "height": 480,
  "cropX": 0,
  "cropY": 0,
  "cropWidth": 0,
  "cropHeight": 0,
  "ssim": 0.996791534,
  "ssimThreshold": 0.990000000,
  "useAngle": false,
  "usePbuffer": true,
  "avoidAngleLlvmpipeSamplerMipmapMinFilter": false,
  "avoidAngleLlvmpipeExplicitLodBias": false,
  "fixIterationRPSubgroupScratch": false,
  "deriveNumSubgroups": false,
  "iterationRPFixBarrier": false,
  "holdMs": 0,
  "mismatchPixels": 397116
}
Android retrace: real inproc transport, strict role state and zero Fatal records confirmed
archived repeat 1 to .trace-work\p7w1\E0a-inproc\minecraft-1.21.4-fabric-iris-derivative-main-d24.4.14-in-world-DirectVulkan\repeat-01
C:\Users\geekerwan\AndroidStudioProjects\FoldCraftLauncher\MobileGL-disagg\.trace-work\android-retrace-summary\mobilegl-android-retrace-overview.html
=== Android retrace: minecraft-1.21.1-neoforge-create-indirect-in-world / DirectVulkan (repeat 1/1) ===
C:\Users\geekerwan\AndroidStudioProjects\FoldCraftLauncher\MobileGL-disagg\.trace-work\android-retrace-fixture\minecraft-1.21.1-neoforge-create-indirect-in-world\trace.trace: 1 file pushed, 0 skipped. 15.4 MB/s (7392453 bytes in 0.456s)
C:\Users\geekerwan\AndroidStudioProjects\FoldCraftLauncher\MobileGL-disagg\tools\trace_replay\fixtures\minecraft-1.21.1-neoforge-create-indirect-in-world.0000504631.png: 1 file pushed, 0 skipped. 189.8 MB/s (280527 bytes in 0.001s)
Starting: Intent { act=top.mobilegl.plugin.TRACE_REPLAY cmp=top.mobilegl.plugin.p7w1.trace/top.mobilegl.plugin.trace.TraceReplayActivity (has extras) }
trace-replay-ci.sh: app process exited before result.json was created
trace-replay-ci.sh: retrace.log:
/opt/Java/jdk-21/bin/java
apitrace: warning: caught signal 11
196859: error: caught an unhandled exception
trace-replay-ci.sh: tail of mobilegl.log:
[02:26:24] [Android mgl-srv-apply/INFO]:     VK_KHR_calibrated_timestamps (r.1)
[02:26:24] [Android mgl-srv-apply/INFO]:     VK_KHR_external_memory_fd (r.1)
[02:26:24] [Android mgl-srv-apply/INFO]:     VK_QCOM_render_pass_shader_resolve (r.4)
[02:26:24] [Android mgl-srv-apply/INFO]:     VK_KHR_maintenance1 (r.2)
[02:26:24] [Android mgl-srv-apply/INFO]:     VK_KHR_maintenance2 (r.1)
[02:26:24] [Android mgl-srv-apply/INFO]:     VK_KHR_maintenance3 (r.1)
[02:26:24] [Android mgl-srv-apply/INFO]:     VK_KHR_maintenance4 (r.2)
[02:26:24] [Android mgl-srv-apply/INFO]:     VK_KHR_maintenance5 (r.1)
[02:26:24] [Android mgl-srv-apply/INFO]:     VK_KHR_maintenance6 (r.1)
[02:26:24] [Android mgl-srv-apply/INFO]:     VK_KHR_separate_depth_stencil_layouts (r.1)
[02:26:24] [Android mgl-srv-apply/INFO]:     VK_EXT_image_robustness (r.1)
[02:26:24] [Android mgl-srv-apply/INFO]:     VK_EXT_calibrated_timestamps (r.2)
[02:26:24] [Android mgl-srv-apply/INFO]:     VK_KHR_buffer_device_address (r.1)
[02:26:24] [Android mgl-srv-apply/INFO]:     VK_EXT_extended_dynamic_state (r.1)
[02:26:24] [Android mgl-srv-apply/INFO]:     VK_EXT_queue_family_foreign (r.1)
[02:26:24] [Android mgl-srv-apply/INFO]:     VK_KHR_shader_quad_control (r.1)
[02:26:24] [Android mgl-srv-apply/INFO]:     VK_EXT_image_view_min_lod (r.1)
[02:26:24] [Android mgl-srv-apply/INFO]:     VK_ANDROID_external_format_resolve (r.1)
[02:26:24] [Android mgl-srv-apply/INFO]:     VK_QCOM_ycbcr_degamma (r.1)
[02:26:24] [Android mgl-srv-apply/INFO]:     VK_KHR_bind_memory2 (r.1)
[02:26:24] [Android mgl-srv-apply/INFO]:     VK_EXT_pipeline_protected_access (r.1)
[02:26:24] [Android mgl-srv-apply/INFO]:     VK_KHR_external_semaphore (r.1)
[02:26:24] [Android mgl-srv-apply/INFO]:     VK_KHR_shader_terminate_invocation (r.1)
[02:26:24] [Android mgl-srv-apply/INFO]:     VK_QCOM_fragment_density_map_offset (r.2)
[02:26:24] [Android mgl-srv-apply/INFO]:     VK_EXT_scalar_block_layout (r.1)
[02:26:24] [Android mgl-srv-apply/INFO]:     VK_KHR_map_memory2 (r.1)
[02:26:24] [Android mgl-srv-apply/INFO]:     VK_EXT_load_store_op_none (r.1)
[02:26:24] [Android mgl-srv-apply/INFO]:     VK_KHR_load_store_op_none (r.1)
[02:26:24] [Android mgl-srv-apply/INFO]:     VK_KHR_shader_maximal_reconvergence (r.1)
[02:26:24] [Android mgl-srv-apply/INFO]:     VK_KHR_sampler_ycbcr_conversion (r.14)
[02:26:24] [Android mgl-srv-apply/INFO]:     VK_EXT_vertex_attribute_divisor (r.3)
[02:26:24] [Android mgl-srv-apply/INFO]:     VK_KHR_variable_pointers (r.1)
[02:26:24] [Android mgl-srv-apply/INFO]:     VK_QCOM_multiview_per_view_viewports (r.1)
[02:26:24] [Android mgl-srv-apply/INFO]:     VK_KHR_ray_query (r.1)
[02:26:24] [Android mgl-srv-apply/INFO]:     VK_EXT_primitives_generated_query (r.1)
[02:26:24] [Android mgl-srv-apply/INFO]:     VK_KHR_push_descriptor (r.2)
[02:26:24] [Android mgl-srv-apply/INFO]:     VK_KHR_timeline_semaphore (r.2)
[02:26:24] [Android mgl-srv-apply/INFO]:     VK_EXT_device_memory_report (r.2)
[02:26:24] [Android mgl-srv-apply/INFO]:     VK_KHR_shader_subgroup_rotate (r.2)
[02:26:24] [Android mgl-srv-apply/INFO]:     VK_KHR_imageless_framebuffer (r.1)
[02:26:24] [Android mgl-srv-apply/INFO]:     VK_KHR_device_group (r.4)
[02:26:24] [Android mgl-srv-apply/INFO]:     VK_EXT_device_fault (r.2)
[02:26:24] [Android mgl-srv-apply/INFO]:     VK_KHR_relaxed_block_layout (r.1)
[02:26:24] [Android mgl-srv-apply/INFO]:     VK_KHR_shader_expect_assume (r.1)
[02:26:24] [Android mgl-srv-apply/INFO]:     VK_KHR_shader_atomic_int64 (r.1)
[02:26:24] [Android mgl-srv-apply/INFO]:     VK_KHR_external_fence (r.1)
[02:26:24] [Android mgl-srv-apply/INFO]:     VK_KHR_shader_non_semantic_info (r.1)
[02:26:24] [Android mgl-srv-apply/INFO]:     VK_EXT_shader_atomic_float (r.1)
[02:26:24] [Android mgl-srv-apply/INFO]:     VK_EXT_custom_border_color (r.12)
[02:26:24] [Android mgl-srv-apply/INFO]:     VK_EXT_host_query_reset (r.1)
[02:26:24] [Android mgl-srv-apply/INFO]:     VK_EXT_index_type_uint8 (r.1)
[02:26:24] [Android mgl-srv-apply/INFO]:     VK_KHR_multiview (r.1)
[02:26:24] [Android mgl-srv-apply/INFO]:     VK_KHR_storage_buffer_storage_class (r.1)
[02:26:24] [Android mgl-srv-apply/INFO]:     VK_EXT_fragment_density_map2 (r.1)
[02:26:24] [Android mgl-srv-apply/INFO]:     VK_QCOM_filter_cubic_weights (r.1)
[02:26:24] [Android mgl-srv-apply/INFO]:     VK_KHR_workgroup_memory_explicit_layout (r.1)
[02:26:24] [Android mgl-srv-apply/INFO]:     VK_QCOM_rotated_copy_commands (r.2)
[02:26:24] [Android mgl-srv-apply/INFO]:     VK_KHR_shader_subgroup_extended_types (r.1)
[02:26:24] [Android mgl-srv-apply/INFO]:     VK_EXT_external_memory_acquire_unmodified (r.1)
[02:26:24] [Android mgl-srv-apply/INFO]:     VK_EXT_private_data (r.1)
[02:26:24] [Android mgl-srv-apply/INFO]:     VK_EXT_descriptor_buffer (r.1)
[02:26:24] [Android mgl-srv-apply/INFO]:     VK_EXT_conditional_rendering (r.2)
[02:26:24] [Android mgl-srv-apply/INFO]:     VK_EXT_mutable_descriptor_type (r.1)
[02:26:24] [Android mgl-srv-apply/INFO]:     VK_EXT_pipeline_creation_cache_control (r.3)
[02:26:24] [Android mgl-srv-apply/INFO]:     VK_EXT_robustness2 (r.1)
[02:26:24] [Android mgl-srv-apply/INFO]:     VK_KHR_shader_clock (r.1)
[02:26:24] [Android mgl-srv-apply/INFO]:     VK_EXT_shader_module_identifier (r.1)
[02:26:24] [Android mgl-srv-apply/INFO]:     VK_KHR_vertex_attribute_divisor (r.1)
[02:26:24] [Android mgl-srv-apply/INFO]:     VK_EXT_global_priority_query (r.1)
[02:26:24] [Android mgl-srv-apply/INFO]:     VK_EXT_separate_stencil_usage (r.1)
[02:26:24] [Android mgl-srv-apply/INFO]:     VK_EXT_border_color_swizzle (r.1)
[02:26:24] [Android mgl-srv-apply/INFO]:     VK_EXT_vertex_input_dynamic_state (r.2)
[02:26:24] [Android mgl-srv-apply/INFO]:     VK_IMG_filter_cubic (r.1)
[02:26:24] [Android mgl-srv-apply/INFO]:     VK_EXT_filter_cubic (r.3)
[02:26:24] [Android mgl-srv-apply/INFO]:     VK_EXT_shader_subgroup_vote (r.1)
[02:26:24] [Android mgl-srv-apply/INFO]:     VK_EXT_device_address_binding_report (r.1)
[02:26:24] [Android mgl-srv-apply/INFO]:     VK_NV_optical_flow (r.1)
[02:26:24] [Android mgl-srv-apply/INFO]:     VK_QCOM_tile_properties (r.1)
[02:26:24] [Android mgl-srv-apply/INFO]:     VK_KHR_image_format_list (r.1)
[02:26:24] [Android mgl-srv-apply/INFO]:     VK_EXT_sampler_filter_minmax (r.2)
[02:26:24] [Android mgl-srv-apply/INFO]:     VK_KHR_16bit_storage (r.1)
[02:26:24] [Android mgl-srv-apply/INFO]:     VK_EXT_shader_viewport_index_layer (r.1)
[02:26:24] [Android mgl-srv-apply/INFO]:     VK_KHR_pipeline_executable_properties (r.1)
[02:26:24] [Android mgl-srv-apply/INFO]:     VK_EXT_shader_demote_to_helper_invocation (r.1)
[02:26:24] [Android mgl-srv-apply/INFO]:     VK_EXT_color_write_enable (r.1)
[02:26:24] [Android mgl-srv-apply/INFO]:     VK_KHR_dynamic_rendering_local_read (r.1)
[02:26:24] [Android mgl-srv-apply/INFO]:     VK_QCOM_render_pass_transform (r.4)
[02:26:24] [Android mgl-srv-apply/INFO]:     VK_KHR_create_renderpass2 (r.1)
[02:26:24] [Android mgl-srv-apply/INFO]:     VK_EXT_shader_image_atomic_int64 (r.1)
[02:26:24] [Android mgl-srv-apply/INFO]:     VK_KHR_acceleration_structure (r.13)
[02:26:24] [Android mgl-srv-apply/INFO]:     VK_EXT_depth_clip_control (r.1)
[02:26:24] [Android mgl-srv-apply/INFO]:     VK_EXT_transform_feedback (r.1)
[02:26:24] [Android mgl-srv-apply/INFO]:     VK_EXT_blend_operation_advanced (r.2)
[02:26:24] [Android mgl-srv-apply/INFO]:     VK_EXT_provoking_vertex (r.1)
[02:26:24] [Android mgl-srv-apply/INFO]:     VK_KHR_8bit_storage (r.1)
[02:26:24] [Android mgl-srv-apply/INFO]:     VK_QCOM_multiview_per_view_render_areas (r.1)
[02:26:24] [Android mgl-srv-apply/INFO]:     VK_EXT_inline_uniform_block (r.1)
[02:26:24] [Android mgl-srv-apply/INFO]:     VK_EXT_shader_subgroup_ballot (r.1)
[02:26:24] [Android mgl-srv-apply/INFO]:     VK_KHR_depth_stencil_resolve (r.1)
[02:26:24] [Android mgl-srv-apply/INFO]:     VK_KHR_shader_float_controls (r.4)
[02:26:24] [Android mgl-srv-apply/INFO]:     VK_EXT_texture_compression_astc_hdr (r.1)
[02:26:24] [Android mgl-srv-apply/INFO]:     VK_EXT_global_priority (r.2)
[02:26:24] [Android mgl-srv-apply/INFO]:     VK_EXT_4444_formats (r.1)
[02:26:24] [Android mgl-srv-apply/INFO]:     VK_KHR_shader_draw_parameters (r.1)
[02:26:24] [Android mgl-srv-apply/INFO]:     VK_KHR_vulkan_memory_model (r.3)
[02:26:24] [Android mgl-srv-apply/INFO]:     VK_EXT_descriptor_indexing (r.2)
[02:26:24] [Android mgl-srv-apply/INFO]:     VK_EXT_depth_clip_enable (r.1)
[02:26:24] [Android mgl-srv-apply/INFO]:     VK_KHR_synchronization2 (r.1)
[02:26:24] [Android mgl-srv-apply/INFO]:     VK_KHR_shader_integer_dot_product (r.1)
[02:26:24] [Android mgl-srv-apply/INFO]:     VK_EXT_line_rasterization (r.1)
[02:26:24] [Android mgl-srv-apply/INFO]:     VK_KHR_line_rasterization (r.1)
[02:26:24] [Android mgl-srv-apply/INFO]:     VK_QCOM_image_processing (r.1)
[02:26:24] [Android mgl-srv-apply/INFO]:     VK_KHR_shader_float_controls2 (r.1)
[02:26:24] [Android mgl-srv-apply/INFO]:     VK_KHR_fragment_shading_rate (r.2)
[02:26:24] [Android mgl-srv-apply/INFO]:     VK_KHR_descriptor_update_template (r.1)
[02:26:24] [Android mgl-srv-apply/INFO]:     VK_KHR_draw_indirect_count (r.1)
[02:26:24] [Android mgl-srv-apply/INFO]:     VK_KHR_driver_properties (r.1)
[02:26:24] [Android mgl-srv-apply/INFO]:     VK_KHR_ray_tracing_position_fetch (r.1)
[02:26:24] [Android mgl-srv-apply/INFO]:     VK_KHR_dynamic_rendering (r.1)
[02:26:24] [Android mgl-srv-apply/INFO]:     VK_KHR_zero_initialize_workgroup_memory (r.1)
[02:26:24] [Android mgl-srv-apply/INFO]:     VK_KHR_uniform_buffer_standard_layout (r.1)
[02:26:24] [Android mgl-srv-apply/INFO]:     VK_EXT_depth_clamp_zero_one (r.1)
[02:26:24] [Android mgl-srv-apply/INFO]:     VK_ANDROID_external_memory_android_hardware_buffer (r.5)
[02:26:24] [Android mgl-srv-apply/INFO]:     VK_EXT_image_2d_view_of_3d (r.1)
[02:26:24] [Android mgl-srv-apply/INFO]:     VK_EXT_extended_dynamic_state2 (r.1)
[02:26:24] [Android mgl-srv-apply/INFO]:     VK_KHR_dedicated_allocation (r.3)
[02:26:24] [Android mgl-srv-apply/INFO]:     VK_EXT_texel_buffer_alignment (r.1)
[02:26:24] [Android mgl-srv-apply/INFO]:     VK_EXT_primitive_topology_list_restart (r.1)
[02:26:24] [Android mgl-srv-apply/INFO]:     VK_EXT_rasterization_order_attachment_access (r.1)
[02:26:24] [Android mgl-srv-apply/INFO]:     VK_KHR_shader_subgroup_uniform_control_flow (r.1)
[02:26:24] [Android mgl-srv-apply/INFO]:     VK_EXT_tooling_info (r.1)
[02:26:24] [Android mgl-srv-apply/INFO]:     VK_KHR_format_feature_flags2 (r.2)
[02:26:24] [Android mgl-srv-apply/INFO]:     VK_KHR_global_priority (r.1)
[02:26:24] [Android mgl-srv-apply/INFO]:     VK_EXT_sample_locations (r.1)
[02:26:24] [Android mgl-srv-apply/INFO]:     VK_EXT_multi_draw (r.1)
[02:26:24] [Android mgl-srv-apply/INFO]:     VK_KHR_swapchain (r.70)
[02:26:24] [Android mgl-srv-apply/INFO]:     VK_KHR_sampler_mirror_clamp_to_edge (r.3)
[02:26:24] [Android mgl-srv-apply/INFO]:     VK_QCOM_image_processing2 (r.1)
[02:26:24] [Android mgl-srv-apply/INFO]:     VK_KHR_external_fence_fd (r.1)
[02:26:24] [Android mgl-srv-apply/INFO]: Required extension found: VK_KHR_swapchain
[02:26:24] [Android mgl-srv-apply/INFO]:     Picked physical device. (Reason: First suitable device)
[02:26:24] [Android mgl-srv-apply/INFO]: Picked physical device 0.
[02:26:24] [Android mgl-srv-apply/INFO]: Vulkan: multiViewport enabled; rasterizable viewports=16 (device limit 16, GL state width 16)
[02:26:24] [Android mgl-srv-apply/INFO]: Enabled optional device extension: VK_KHR_draw_indirect_count
[02:26:24] [Android mgl-srv-apply/INFO]: Enabled optional device extension: VK_KHR_shader_draw_parameters
[02:26:24] [Android mgl-srv-apply/INFO]: VK_KHR_image_format_list enabled: true
[02:26:24] [Android mgl-srv-apply/INFO]: VK_KHR_draw_indirect_count enabled: true
[02:26:24] [Android mgl-srv-apply/INFO]: Enabled optional device extension: VK_KHR_create_renderpass2
[02:26:24] [Android mgl-srv-apply/INFO]: Enabled optional device extension: VK_KHR_depth_stencil_resolve
[02:26:24] [Android mgl-srv-apply/INFO]: Vulkan: update-after-bind descriptor layouts enabled
[02:26:24] [Android mgl-srv-apply/INFO]: Enabled optional device extension: VK_KHR_index_type_uint8
[02:26:24] [Android mgl-srv-apply/INFO]: Enabled optional device extension: VK_EXT_primitive_topology_list_restart
[02:26:24] [Android mgl-srv-apply/INFO]: Enabled optional device extension: VK_EXT_custom_border_color (maxCustomBorderColorSamplers=4000)
[02:26:24] [Android mgl-srv-apply/INFO]: Enabled optional device extension: VK_EXT_subgroup_size_control (computeFullSubgroups)
[02:26:24] [Android mgl-srv-apply/INFO]: Enabled optional device extension: VK_EXT_transform_feedback
[02:26:24] [Android mgl-srv-apply/INFO]: Enabled optional device extension: VK_EXT_provoking_vertex (transformFeedbackPreservesProvokingVertex=false)
[02:26:24] [Android mgl-srv-apply/INFO]: Enabled optional device extension: VK_EXT_vertex_attribute_divisor
[02:26:24] [Android mgl-srv-apply/INFO]: Enabled optional device extension: VK_EXT_multi_draw (maxMultiDrawCount=1024)
[02:26:24] [Android mgl-srv-apply/INFO]: Device feature support: robustBufferAccess=true geometryShader=true independentBlend=true logicOp=true shaderClipDistance=true shaderCullDistance=true wideLines=true shaderInt64=true vertexStoresAtomics=true fragmentStoresAtomics=true storageImageExtendedFormats=true storageImageReadWithoutFormat=true storageImageWriteWithoutFormat=true drawIndirectFirstInstance=true multiDrawIndirect=true
[02:26:24] [Android mgl-srv-apply/INFO]: Device feature enabled: robustBufferAccess=true geometryShader=true independentBlend=true logicOp=true shaderClipDistance=true shaderCullDistance=true wideLines=true shaderInt64=true vertexStoresAtomics=true fragmentStoresAtomics=true storageImageExtendedFormats=true storageImageReadWithoutFormat=true storageImageWriteWithoutFormat=true drawIndirectFirstInstance=true multiDrawIndirect=true shaderDrawParameters=true
[02:26:24] [Android mgl-srv-apply/INFO]: Multi-draw dispatch tier: ext (VK_EXT_multi_draw=true, multiDrawIndirect=true, mode=auto)
[02:26:24] [Android mgl-srv-apply/INFO]: index type uint8 enabled: true
[02:26:24] [Android mgl-srv-apply/INFO]: Logical device created.
[02:26:24] [Android mgl-srv-apply/INFO]: Queues got successfully.
[02:26:24] [Android mgl-srv-apply/INFO]: Timer queries supported (timestampValidBits=48, timestampPeriod=52.083332 ns/tick)
[02:26:24] [Android mgl-srv-apply/INFO]: PRIMITIVES_GENERATED probe triangles: drawn=1 stream=0/1 pgq=0(0) stat=1(1)
[02:26:24] [Android mgl-srv-apply/INFO]: PRIMITIVES_GENERATED probe triangles+discard: drawn=1 stream=0/1 pgq=0(0) stat=0(1)
[02:26:24] [Android mgl-srv-apply/INFO]: PRIMITIVES_GENERATED probe patches+discard: drawn=1 stream=0/1 pgq=0(0) stat=0(1)
[02:26:24] [Android mgl-srv-apply/INFO]: PRIMITIVES_GENERATED for XFB-inactive draws will accumulate through a clipping-invocations pipeline-statistics pool
[02:26:24] [Android mgl-srv-apply/INFO]: Command pool created
[02:26:24] [Android mgl-srv-apply/INFO]: MaxFramesInFlight: configured request=3
[02:26:24] [Android mgl-srv-apply/INFO]: MaxFramesInFlight: using 3 (surface minImageCount=11, maxImageCount=64)
[02:26:24] [Android mgl-srv-apply/INFO]: CreateFrameContexts completed
[02:26:24] [Android mgl-srv-apply/INFO]: DirectVulkan: using 256 program descriptor bindings
[02:26:24] [Android mgl-srv-apply/INFO]: Got 5 surface formats:
[02:26:24] [Android mgl-srv-apply/INFO]: Picked surface format: [VK_FORMAT_R8G8B8A8_UNORM, VK_COLOR_SPACE_SRGB_NONLINEAR_KHR]
[02:26:24] [Android mgl-srv-apply/INFO]: Got 4 present modes:
[02:26:24] [Android mgl-srv-apply/INFO]: Picked present mode: VK_PRESENT_MODE_MAILBOX_KHR
[02:26:24] [Android mgl-srv-apply/INFO]: Set minImageCount = 11
[02:26:24] [Android mgl-srv-apply/INFO]: Swapchain currentTransform = VK_SURFACE_TRANSFORM_IDENTITY_BIT_KHR
[02:26:24] [Android mgl-srv-apply/INFO]: Swapchain imageUsage = 0x13 (supportedUsageFlags = 0x9f)
[02:26:24] [Android mgl-srv-apply/INFO]: Set swapchain preTransform = VK_SURFACE_TRANSFORM_IDENTITY_BIT_KHR
[02:26:24] [Android mgl-srv-apply/INFO]: Swapchain image views created
[02:26:24] [Android mgl-srv-apply/INFO]: Swapchain created, extent = 854x480, swapchain imageCount = 11
[02:26:24] [Android mgl-srv-apply/INFO]: DirectVulkan: suppressing depth writes on accumulation-blended pipelines (driver lacks cross-pipeline position invariance)
[02:26:24] [Android mgl-srv-apply/INFO]: Vulkan shader subgroup support: detected=true advertised=true size=64 stages=0x30 operations=0x2bf
[02:26:24] [Android mgl-srv-apply/INFO]: DirectVulkan: clamped GL_MAX_COMPUTE_SHADER_STORAGE_BLOCKS from 16777216 to 256
[02:26:24] [Android mgl-srv-apply/INFO]: DirectVulkan: clamped GL_MAX_COMBINED_SHADER_STORAGE_BLOCKS from 16777216 to 256
[02:26:24] [Android mgl-srv-apply/INFO]: DirectVulkan: clamped GL_MAX_COMPUTE_UNIFORM_BLOCKS from 16777216 to 256
[02:26:24] [Android mgl-srv-apply/INFO]: DirectVulkan: clamped GL_MAX_SHADER_STORAGE_BUFFER_BINDINGS from 16777216 to 256
[02:26:24] [Android mgl-srv-apply/INFO]: DirectVulkan: clamped GL_MAX_UNIFORM_BUFFER_BINDINGS from 16777216 to 256
[02:26:24] [Android mgl-srv-apply/INFO]: DirectVulkan: clamped GL_MAX_SHADER_STORAGE_BLOCK_SIZE from 2147483647 to 536870912
[02:26:24] [Android mgl-srv-apply/INFO]: Vulkan shader subgroup support: detected=true advertised=true size=64 stages=0x30 operations=0x2bf
[02:26:24] [Android mgl-srv-apply/INFO]: DirectVulkan: clamped GL_MAX_COMPUTE_SHADER_STORAGE_BLOCKS from 16777216 to 256
[02:26:24] [Android mgl-srv-apply/INFO]: DirectVulkan: clamped GL_MAX_COMBINED_SHADER_STORAGE_BLOCKS from 16777216 to 256
[02:26:24] [Android mgl-srv-apply/INFO]: DirectVulkan: clamped GL_MAX_COMPUTE_UNIFORM_BLOCKS from 16777216 to 256
[02:26:24] [Android mgl-srv-apply/INFO]: DirectVulkan: clamped GL_MAX_SHADER_STORAGE_BUFFER_BINDINGS from 16777216 to 256
[02:26:24] [Android mgl-srv-apply/INFO]: DirectVulkan: clamped GL_MAX_UNIFORM_BUFFER_BINDINGS from 16777216 to 256
[02:26:24] [Android mgl-srv-apply/INFO]: DirectVulkan: clamped GL_MAX_SHADER_STORAGE_BLOCK_SIZE from 2147483647 to 536870912
[02:26:25] [Android mgl-srv-apply/WARN]: GetOrCreatePipeline: patching vertex input location=3 format=82 -> 80 to match shader input type=35664 for program=15
trace-replay-ci.sh: recent relevant logcat lines:
09-23 02:26:24.765 31242 31817 I MobileGL: [02:26:24] [Android mgl-srv-apply/INFO]:     VK_EXT_device_fault (r.2)
09-23 02:26:24.765 31242 31817 I MobileGL: [02:26:24] [Android mgl-srv-apply/INFO]:     VK_KHR_relaxed_block_layout (r.1)
09-23 02:26:24.765 31242 31817 I MobileGL: [02:26:24] [Android mgl-srv-apply/INFO]:     VK_KHR_shader_expect_assume (r.1)
09-23 02:26:24.765 31242 31817 I MobileGL: [02:26:24] [Android mgl-srv-apply/INFO]:     VK_KHR_shader_atomic_int64 (r.1)
09-23 02:26:24.765 31242 31817 I MobileGL: [02:26:24] [Android mgl-srv-apply/INFO]:     VK_KHR_external_fence (r.1)
09-23 02:26:24.765 31242 31817 I MobileGL: [02:26:24] [Android mgl-srv-apply/INFO]:     VK_KHR_shader_non_semantic_info (r.1)
09-23 02:26:24.765 31242 31817 I MobileGL: [02:26:24] [Android mgl-srv-apply/INFO]:     VK_EXT_shader_atomic_float (r.1)
09-23 02:26:24.765 31242 31817 I MobileGL: [02:26:24] [Android mgl-srv-apply/INFO]:     VK_EXT_custom_border_color (r.12)
09-23 02:26:24.765 31242 31817 I MobileGL: [02:26:24] [Android mgl-srv-apply/INFO]:     VK_EXT_host_query_reset (r.1)
09-23 02:26:24.765 31242 31817 I MobileGL: [02:26:24] [Android mgl-srv-apply/INFO]:     VK_EXT_index_type_uint8 (r.1)
09-23 02:26:24.765 31242 31817 I MobileGL: [02:26:24] [Android mgl-srv-apply/INFO]:     VK_KHR_multiview (r.1)
09-23 02:26:24.765 31242 31817 I MobileGL: [02:26:24] [Android mgl-srv-apply/INFO]:     VK_KHR_storage_buffer_storage_class (r.1)
09-23 02:26:24.765 31242 31817 I MobileGL: [02:26:24] [Android mgl-srv-apply/INFO]:     VK_EXT_fragment_density_map2 (r.1)
09-23 02:26:24.765 31242 31817 I MobileGL: [02:26:24] [Android mgl-srv-apply/INFO]:     VK_QCOM_filter_cubic_weights (r.1)
09-23 02:26:24.765 31242 31817 I MobileGL: [02:26:24] [Android mgl-srv-apply/INFO]:     VK_KHR_workgroup_memory_explicit_layout (r.1)
09-23 02:26:24.765 31242 31817 I MobileGL: [02:26:24] [Android mgl-srv-apply/INFO]:     VK_QCOM_rotated_copy_commands (r.2)
09-23 02:26:24.765 31242 31817 I MobileGL: [02:26:24] [Android mgl-srv-apply/INFO]:     VK_KHR_shader_subgroup_extended_types (r.1)
09-23 02:26:24.765 31242 31817 I MobileGL: [02:26:24] [Android mgl-srv-apply/INFO]:     VK_EXT_external_memory_acquire_unmodified (r.1)
09-23 02:26:24.765 31242 31817 I MobileGL: [02:26:24] [Android mgl-srv-apply/INFO]:     VK_EXT_private_data (r.1)
09-23 02:26:24.765 31242 31817 I MobileGL: [02:26:24] [Android mgl-srv-apply/INFO]:     VK_EXT_descriptor_buffer (r.1)
09-23 02:26:24.765 31242 31817 I MobileGL: [02:26:24] [Android mgl-srv-apply/INFO]:     VK_EXT_conditional_rendering (r.2)
09-23 02:26:24.765 31242 31817 I MobileGL: [02:26:24] [Android mgl-srv-apply/INFO]:     VK_EXT_mutable_descriptor_type (r.1)
09-23 02:26:24.765 31242 31817 I MobileGL: [02:26:24] [Android mgl-srv-apply/INFO]:     VK_EXT_pipeline_creation_cache_control (r.3)
09-23 02:26:24.765 31242 31817 I MobileGL: [02:26:24] [Android mgl-srv-apply/INFO]:     VK_EXT_robustness2 (r.1)
09-23 02:26:24.765 31242 31817 I MobileGL: [02:26:24] [Android mgl-srv-apply/INFO]:     VK_KHR_shader_clock (r.1)
09-23 02:26:24.765 31242 31817 I MobileGL: [02:26:24] [Android mgl-srv-apply/INFO]:     VK_EXT_shader_module_identifier (r.1)
09-23 02:26:24.765 31242 31817 I MobileGL: [02:26:24] [Android mgl-srv-apply/INFO]:     VK_KHR_vertex_attribute_divisor (r.1)
09-23 02:26:24.765 31242 31817 I MobileGL: [02:26:24] [Android mgl-srv-apply/INFO]:     VK_EXT_global_priority_query (r.1)
09-23 02:26:24.766 31242 31817 I MobileGL: [02:26:24] [Android mgl-srv-apply/INFO]:     VK_EXT_separate_stencil_usage (r.1)
09-23 02:26:24.766 31242 31817 I MobileGL: [02:26:24] [Android mgl-srv-apply/INFO]:     VK_EXT_border_color_swizzle (r.1)
09-23 02:26:24.766 31242 31817 I MobileGL: [02:26:24] [Android mgl-srv-apply/INFO]:     VK_EXT_vertex_input_dynamic_state (r.2)
09-23 02:26:24.766 31242 31817 I MobileGL: [02:26:24] [Android mgl-srv-apply/INFO]:     VK_IMG_filter_cubic (r.1)
09-23 02:26:24.766 31242 31817 I MobileGL: [02:26:24] [Android mgl-srv-apply/INFO]:     VK_EXT_filter_cubic (r.3)
09-23 02:26:24.766 31242 31817 I MobileGL: [02:26:24] [Android mgl-srv-apply/INFO]:     VK_EXT_shader_subgroup_vote (r.1)
09-23 02:26:24.766 31242 31817 I MobileGL: [02:26:24] [Android mgl-srv-apply/INFO]:     VK_EXT_device_address_binding_report (r.1)
09-23 02:26:24.766 31242 31817 I MobileGL: [02:26:24] [Android mgl-srv-apply/INFO]:     VK_NV_optical_flow (r.1)
09-23 02:26:24.766 31242 31817 I MobileGL: [02:26:24] [Android mgl-srv-apply/INFO]:     VK_QCOM_tile_properties (r.1)
09-23 02:26:24.766 31242 31817 I MobileGL: [02:26:24] [Android mgl-srv-apply/INFO]:     VK_KHR_image_format_list (r.1)
09-23 02:26:24.766 31242 31817 I MobileGL: [02:26:24] [Android mgl-srv-apply/INFO]:     VK_EXT_sampler_filter_minmax (r.2)
09-23 02:26:24.766 31242 31817 I MobileGL: [02:26:24] [Android mgl-srv-apply/INFO]:     VK_KHR_16bit_storage (r.1)
09-23 02:26:24.766 31242 31817 I MobileGL: [02:26:24] [Android mgl-srv-apply/INFO]:     VK_EXT_shader_viewport_index_layer (r.1)
09-23 02:26:24.766 31242 31817 I MobileGL: [02:26:24] [Android mgl-srv-apply/INFO]:     VK_KHR_pipeline_executable_properties (r.1)
09-23 02:26:24.766 31242 31817 I MobileGL: [02:26:24] [Android mgl-srv-apply/INFO]:     VK_EXT_shader_demote_to_helper_invocation (r.1)
09-23 02:26:24.766 31242 31817 I MobileGL: [02:26:24] [Android mgl-srv-apply/INFO]:     VK_EXT_color_write_enable (r.1)
09-23 02:26:24.766 31242 31817 I MobileGL: [02:26:24] [Android mgl-srv-apply/INFO]:     VK_KHR_dynamic_rendering_local_read (r.1)
09-23 02:26:24.766 31242 31817 I MobileGL: [02:26:24] [Android mgl-srv-apply/INFO]:     VK_QCOM_render_pass_transform (r.4)
09-23 02:26:24.766 31242 31817 I MobileGL: [02:26:24] [Android mgl-srv-apply/INFO]:     VK_KHR_create_renderpass2 (r.1)
09-23 02:26:24.766 31242 31817 I MobileGL: [02:26:24] [Android mgl-srv-apply/INFO]:     VK_EXT_shader_image_atomic_int64 (r.1)
09-23 02:26:24.766 31242 31817 I MobileGL: [02:26:24] [Android mgl-srv-apply/INFO]:     VK_KHR_acceleration_structure (r.13)
09-23 02:26:24.766 31242 31817 I MobileGL: [02:26:24] [Android mgl-srv-apply/INFO]:     VK_EXT_depth_clip_control (r.1)
09-23 02:26:24.766 31242 31817 I MobileGL: [02:26:24] [Android mgl-srv-apply/INFO]:     VK_EXT_transform_feedback (r.1)
09-23 02:26:24.766 31242 31817 I MobileGL: [02:26:24] [Android mgl-srv-apply/INFO]:     VK_EXT_blend_operation_advanced (r.2)
09-23 02:26:24.766 31242 31817 I MobileGL: [02:26:24] [Android mgl-srv-apply/INFO]:     VK_EXT_provoking_vertex (r.1)
09-23 02:26:24.766 31242 31817 I MobileGL: [02:26:24] [Android mgl-srv-apply/INFO]:     VK_KHR_8bit_storage (r.1)
09-23 02:26:24.766 31242 31817 I MobileGL: [02:26:24] [Android mgl-srv-apply/INFO]:     VK_QCOM_multiview_per_view_render_areas (r.1)
09-23 02:26:24.766 31242 31817 I MobileGL: [02:26:24] [Android mgl-srv-apply/INFO]:     VK_EXT_inline_uniform_block (r.1)
09-23 02:26:24.766 31242 31817 I MobileGL: [02:26:24] [Android mgl-srv-apply/INFO]:     VK_EXT_shader_subgroup_ballot (r.1)
09-23 02:26:24.766 31242 31817 I MobileGL: [02:26:24] [Android mgl-srv-apply/INFO]:     VK_KHR_depth_stencil_resolve (r.1)
09-23 02:26:24.766 31242 31817 I MobileGL: [02:26:24] [Android mgl-srv-apply/INFO]:     VK_KHR_shader_float_controls (r.4)
09-23 02:26:24.766 31242 31817 I MobileGL: [02:26:24] [Android mgl-srv-apply/INFO]:     VK_EXT_texture_compression_astc_hdr (r.1)
09-23 02:26:24.766 31242 31817 I MobileGL: [02:26:24] [Android mgl-srv-apply/INFO]:     VK_EXT_global_priority (r.2)
09-23 02:26:24.766 31242 31817 I MobileGL: [02:26:24] [Android mgl-srv-apply/INFO]:     VK_EXT_4444_formats (r.1)
09-23 02:26:24.766 31242 31817 I MobileGL: [02:26:24] [Android mgl-srv-apply/INFO]:     VK_KHR_shader_draw_parameters (r.1)
09-23 02:26:24.766 31242 31817 I MobileGL: [02:26:24] [Android mgl-srv-apply/INFO]:     VK_KHR_vulkan_memory_model (r.3)
09-23 02:26:24.766 31242 31817 I MobileGL: [02:26:24] [Android mgl-srv-apply/INFO]:     VK_EXT_descriptor_indexing (r.2)
09-23 02:26:24.766 31242 31817 I MobileGL: [02:26:24] [Android mgl-srv-apply/INFO]:     VK_EXT_depth_clip_enable (r.1)
09-23 02:26:24.766 31242 31817 I MobileGL: [02:26:24] [Android mgl-srv-apply/INFO]:     VK_KHR_synchronization2 (r.1)
09-23 02:26:24.766 31242 31817 I MobileGL: [02:26:24] [Android mgl-srv-apply/INFO]:     VK_KHR_shader_integer_dot_product (r.1)
09-23 02:26:24.766 31242 31817 I MobileGL: [02:26:24] [Android mgl-srv-apply/INFO]:     VK_EXT_line_rasterization (r.1)
09-23 02:26:24.766 31242 31817 I MobileGL: [02:26:24] [Android mgl-srv-apply/INFO]:     VK_KHR_line_rasterization (r.1)
09-23 02:26:24.766 31242 31817 I MobileGL: [02:26:24] [Android mgl-srv-apply/INFO]:     VK_QCOM_image_processing (r.1)
09-23 02:26:24.766 31242 31817 I MobileGL: [02:26:24] [Android mgl-srv-apply/INFO]:     VK_KHR_shader_float_controls2 (r.1)
09-23 02:26:24.766 31242 31817 I MobileGL: [02:26:24] [Android mgl-srv-apply/INFO]:     VK_KHR_fragment_shading_rate (r.2)
09-23 02:26:24.766 31242 31817 I MobileGL: [02:26:24] [Android mgl-srv-apply/INFO]:     VK_KHR_descriptor_update_template (r.1)
09-23 02:26:24.766 31242 31817 I MobileGL: [02:26:24] [Android mgl-srv-apply/INFO]:     VK_KHR_draw_indirect_count (r.1)
09-23 02:26:24.766 31242 31817 I MobileGL: [02:26:24] [Android mgl-srv-apply/INFO]:     VK_KHR_driver_properties (r.1)
09-23 02:26:24.766 31242 31817 I MobileGL: [02:26:24] [Android mgl-srv-apply/INFO]:     VK_KHR_ray_tracing_position_fetch (r.1)
09-23 02:26:24.766 31242 31817 I MobileGL: [02:26:24] [Android mgl-srv-apply/INFO]:     VK_KHR_dynamic_rendering (r.1)
09-23 02:26:24.766 31242 31817 I MobileGL: [02:26:24] [Android mgl-srv-apply/INFO]:     VK_KHR_zero_initialize_workgroup_memory (r.1)
09-23 02:26:24.766 31242 31817 I MobileGL: [02:26:24] [Android mgl-srv-apply/INFO]:     VK_KHR_uniform_buffer_standard_layout (r.1)
09-23 02:26:24.766 31242 31817 I MobileGL: [02:26:24] [Android mgl-srv-apply/INFO]:     VK_EXT_depth_clamp_zero_one (r.1)
09-23 02:26:24.766 31242 31817 I MobileGL: [02:26:24] [Android mgl-srv-apply/INFO]:     VK_ANDROID_external_memory_android_hardware_buffer (r.5)
09-23 02:26:24.766 31242 31817 I MobileGL: [02:26:24] [Android mgl-srv-apply/INFO]:     VK_EXT_image_2d_view_of_3d (r.1)
09-23 02:26:24.766 31242 31817 I MobileGL: [02:26:24] [Android mgl-srv-apply/INFO]:     VK_EXT_extended_dynamic_state2 (r.1)
09-23 02:26:24.766 31242 31817 I MobileGL: [02:26:24] [Android mgl-srv-apply/INFO]:     VK_KHR_dedicated_allocation (r.3)
09-23 02:26:24.766 31242 31817 I MobileGL: [02:26:24] [Android mgl-srv-apply/INFO]:     VK_EXT_texel_buffer_alignment (r.1)
09-23 02:26:24.766 31242 31817 I MobileGL: [02:26:24] [Android mgl-srv-apply/INFO]:     VK_EXT_primitive_topology_list_restart (r.1)
09-23 02:26:24.766 31242 31817 I MobileGL: [02:26:24] [Android mgl-srv-apply/INFO]:     VK_EXT_rasterization_order_attachment_access (r.1)
09-23 02:26:24.766 31242 31817 I MobileGL: [02:26:24] [Android mgl-srv-apply/INFO]:     VK_KHR_shader_subgroup_uniform_control_flow (r.1)
09-23 02:26:24.766 31242 31817 I MobileGL: [02:26:24] [Android mgl-srv-apply/INFO]:     VK_EXT_tooling_info (r.1)
09-23 02:26:24.766 31242 31817 I MobileGL: [02:26:24] [Android mgl-srv-apply/INFO]:     VK_KHR_format_feature_flags2 (r.2)
09-23 02:26:24.766 31242 31817 I MobileGL: [02:26:24] [Android mgl-srv-apply/INFO]:     VK_KHR_global_priority (r.1)
09-23 02:26:24.766 31242 31817 I MobileGL: [02:26:24] [Android mgl-srv-apply/INFO]:     VK_EXT_sample_locations (r.1)
09-23 02:26:24.766 31242 31817 I MobileGL: [02:26:24] [Android mgl-srv-apply/INFO]:     VK_EXT_multi_draw (r.1)
09-23 02:26:24.766 31242 31817 I MobileGL: [02:26:24] [Android mgl-srv-apply/INFO]:     VK_KHR_swapchain (r.70)
09-23 02:26:24.766 31242 31817 I MobileGL: [02:26:24] [Android mgl-srv-apply/INFO]:     VK_KHR_sampler_mirror_clamp_to_edge (r.3)
09-23 02:26:24.766 31242 31817 I MobileGL: [02:26:24] [Android mgl-srv-apply/INFO]:     VK_QCOM_image_processing2 (r.1)
09-23 02:26:24.766 31242 31817 I MobileGL: [02:26:24] [Android mgl-srv-apply/INFO]:     VK_KHR_external_fence_fd (r.1)
09-23 02:26:24.766 31242 31817 I MobileGL: [02:26:24] [Android mgl-srv-apply/INFO]: Required extension found: VK_KHR_swapchain
09-23 02:26:24.766 31242 31817 I MobileGL: [02:26:24] [Android mgl-srv-apply/INFO]:     Picked physical device. (Reason: First suitable device)
09-23 02:26:24.766 31242 31817 I MobileGL: [02:26:24] [Android mgl-srv-apply/INFO]: Picked physical device 0.
09-23 02:26:24.766 31242 31817 I MobileGL: [02:26:24] [Android mgl-srv-apply/INFO]: Vulkan: multiViewport enabled; rasterizable viewports=16 (device limit 16, GL state width 16)
09-23 02:26:24.767 31242 31817 I MobileGL: [02:26:24] [Android mgl-srv-apply/INFO]: Enabled optional device extension: VK_KHR_draw_indirect_count
09-23 02:26:24.767 31242 31817 I MobileGL: [02:26:24] [Android mgl-srv-apply/INFO]: Enabled optional device extension: VK_KHR_shader_draw_parameters
09-23 02:26:24.767 31242 31817 I MobileGL: [02:26:24] [Android mgl-srv-apply/INFO]: VK_KHR_image_format_list enabled: true
09-23 02:26:24.767 31242 31817 I MobileGL: [02:26:24] [Android mgl-srv-apply/INFO]: VK_KHR_draw_indirect_count enabled: true
09-23 02:26:24.767 31242 31817 I MobileGL: [02:26:24] [Android mgl-srv-apply/INFO]: Enabled optional device extension: VK_KHR_create_renderpass2
09-23 02:26:24.767 31242 31817 I MobileGL: [02:26:24] [Android mgl-srv-apply/INFO]: Enabled optional device extension: VK_KHR_depth_stencil_resolve
09-23 02:26:24.767 31242 31817 I MobileGL: [02:26:24] [Android mgl-srv-apply/INFO]: Vulkan: update-after-bind descriptor layouts enabled
09-23 02:26:24.767 31242 31817 I MobileGL: [02:26:24] [Android mgl-srv-apply/INFO]: Enabled optional device extension: VK_KHR_index_type_uint8
09-23 02:26:24.767 31242 31817 I MobileGL: [02:26:24] [Android mgl-srv-apply/INFO]: Enabled optional device extension: VK_EXT_primitive_topology_list_restart
09-23 02:26:24.767 31242 31817 I MobileGL: [02:26:24] [Android mgl-srv-apply/INFO]: Enabled optional device extension: VK_EXT_custom_border_color (maxCustomBorderColorSamplers=4000)
09-23 02:26:24.767 31242 31817 I MobileGL: [02:26:24] [Android mgl-srv-apply/INFO]: Enabled optional device extension: VK_EXT_subgroup_size_control (computeFullSubgroups)
09-23 02:26:24.767 31242 31817 I MobileGL: [02:26:24] [Android mgl-srv-apply/INFO]: Enabled optional device extension: VK_EXT_transform_feedback
09-23 02:26:24.767 31242 31817 I MobileGL: [02:26:24] [Android mgl-srv-apply/INFO]: Enabled optional device extension: VK_EXT_provoking_vertex (transformFeedbackPreservesProvokingVertex=false)
09-23 02:26:24.767 31242 31817 I MobileGL: [02:26:24] [Android mgl-srv-apply/INFO]: Enabled optional device extension: VK_EXT_vertex_attribute_divisor
09-23 02:26:24.767 31242 31817 I MobileGL: [02:26:24] [Android mgl-srv-apply/INFO]: Enabled optional device extension: VK_EXT_multi_draw (maxMultiDrawCount=1024)
09-23 02:26:24.767 31242 31817 I MobileGL: [02:26:24] [Android mgl-srv-apply/INFO]: Device feature support: robustBufferAccess=true geometryShader=true independentBlend=true logicOp=true shaderClipDistance=true shaderCullDistance=true wideLines=true shaderInt64=true vertexStoresAtomics=true fragmentStoresAtomics=true storageImageExtendedFormats=true storageImageReadWithoutFormat=true storageImageWriteWithoutFormat=true drawIndirectFirstInstance=true multiDrawIndirect=true
09-23 02:26:24.767 31242 31817 I MobileGL: [02:26:24] [Android mgl-srv-apply/INFO]: Device feature enabled: robustBufferAccess=true geometryShader=true independentBlend=true logicOp=true shaderClipDistance=true shaderCullDistance=true wideLines=true shaderInt64=true vertexStoresAtomics=true fragmentStoresAtomics=true storageImageExtendedFormats=true storageImageReadWithoutFormat=true storageImageWriteWithoutFormat=true drawIndirectFirstInstance=true multiDrawIndirect=true shaderDrawParameters=true
09-23 02:26:24.768 31242 31817 I MobileGL: [02:26:24] [Android mgl-srv-apply/INFO]: Multi-draw dispatch tier: ext (VK_EXT_multi_draw=true, multiDrawIndirect=true, mode=auto)
09-23 02:26:24.768 31242 31817 I MobileGL: [02:26:24] [Android mgl-srv-apply/INFO]: index type uint8 enabled: true
09-23 02:26:24.768 31242 31817 I MobileGL: [02:26:24] [Android mgl-srv-apply/INFO]: Logical device created.
09-23 02:26:24.768 31242 31817 I MobileGL: [02:26:24] [Android mgl-srv-apply/INFO]: Queues got successfully.
09-23 02:26:24.768 31242 31817 I MobileGL: [02:26:24] [Android mgl-srv-apply/INFO]: Timer queries supported (timestampValidBits=48, timestampPeriod=52.083332 ns/tick)
09-23 02:26:24.768 31242 31817 I MobileGL: [02:26:24] [Android mgl-srv-apply/INFO]: PRIMITIVES_GENERATED probe triangles: drawn=1 stream=0/1 pgq=0(0) stat=1(1)
09-23 02:26:24.768 31242 31817 I MobileGL: [02:26:24] [Android mgl-srv-apply/INFO]: PRIMITIVES_GENERATED probe triangles+discard: drawn=1 stream=0/1 pgq=0(0) stat=0(1)
09-23 02:26:24.768 31242 31817 I MobileGL: [02:26:24] [Android mgl-srv-apply/INFO]: PRIMITIVES_GENERATED probe patches+discard: drawn=1 stream=0/1 pgq=0(0) stat=0(1)
09-23 02:26:24.768 31242 31817 I MobileGL: [02:26:24] [Android mgl-srv-apply/INFO]: PRIMITIVES_GENERATED for XFB-inactive draws will accumulate through a clipping-invocations pipeline-statistics pool
09-23 02:26:24.768 31242 31817 I MobileGL: [02:26:24] [Android mgl-srv-apply/INFO]: Command pool created
09-23 02:26:24.768 31242 31817 I MobileGL: [02:26:24] [Android mgl-srv-apply/INFO]: MaxFramesInFlight: configured request=3
09-23 02:26:24.768 31242 31817 I MobileGL: [02:26:24] [Android mgl-srv-apply/INFO]: MaxFramesInFlight: using 3 (surface minImageCount=11, maxImageCount=64)
09-23 02:26:24.768 31242 31817 I MobileGL: [02:26:24] [Android mgl-srv-apply/INFO]: CreateFrameContexts completed
09-23 02:26:24.768 31242 31817 I MobileGL: [02:26:24] [Android mgl-srv-apply/INFO]: DirectVulkan: using 256 program descriptor bindings
09-23 02:26:24.769 31242 31817 I MobileGL: [02:26:24] [Android mgl-srv-apply/INFO]: Got 5 surface formats:
09-23 02:26:24.769 31242 31817 I MobileGL: [02:26:24] [Android mgl-srv-apply/INFO]: Picked surface format: [VK_FORMAT_R8G8B8A8_UNORM, VK_COLOR_SPACE_SRGB_NONLINEAR_KHR]
09-23 02:26:24.769 31242 31817 I MobileGL: [02:26:24] [Android mgl-srv-apply/INFO]: Got 4 present modes:
09-23 02:26:24.769 31242 31817 I MobileGL: [02:26:24] [Android mgl-srv-apply/INFO]: Picked present mode: VK_PRESENT_MODE_MAILBOX_KHR
09-23 02:26:24.769 31242 31817 I MobileGL: [02:26:24] [Android mgl-srv-apply/INFO]: Set minImageCount = 11
09-23 02:26:24.769 31242 31817 I MobileGL: [02:26:24] [Android mgl-srv-apply/INFO]: Swapchain currentTransform = VK_SURFACE_TRANSFORM_IDENTITY_BIT_KHR
09-23 02:26:24.769 31242 31817 I MobileGL: [02:26:24] [Android mgl-srv-apply/INFO]: Swapchain imageUsage = 0x13 (supportedUsageFlags = 0x9f)
09-23 02:26:24.769 31242 31817 I MobileGL: [02:26:24] [Android mgl-srv-apply/INFO]: Set swapchain preTransform = VK_SURFACE_TRANSFORM_IDENTITY_BIT_KHR
09-23 02:26:24.771 31242 31817 I MobileGL: [02:26:24] [Android mgl-srv-apply/INFO]: Swapchain image views created
09-23 02:26:24.774 31242 31817 I MobileGL: [02:26:24] [Android mgl-srv-apply/INFO]: Swapchain created, extent = 854x480, swapchain imageCount = 11
09-23 02:26:24.774 31242 31817 I MobileGL: [02:26:24] [Android mgl-srv-apply/INFO]: DirectVulkan: suppressing depth writes on accumulation-blended pipelines (driver lacks cross-pipeline position invariance)
09-23 02:26:24.775 31242 31817 I MobileGL: [02:26:24] [Android mgl-srv-apply/INFO]: Vulkan shader subgroup support: detected=true advertised=true size=64 stages=0x30 operations=0x2bf
09-23 02:26:24.775 31242 31817 I MobileGL: [02:26:24] [Android mgl-srv-apply/INFO]: DirectVulkan: clamped GL_MAX_COMPUTE_SHADER_STORAGE_BLOCKS from 16777216 to 256
09-23 02:26:24.775 31242 31817 I MobileGL: [02:26:24] [Android mgl-srv-apply/INFO]: DirectVulkan: clamped GL_MAX_COMBINED_SHADER_STORAGE_BLOCKS from 16777216 to 256
09-23 02:26:24.775 31242 31817 I MobileGL: [02:26:24] [Android mgl-srv-apply/INFO]: DirectVulkan: clamped GL_MAX_COMPUTE_UNIFORM_BLOCKS from 16777216 to 256
09-23 02:26:24.775 31242 31817 I MobileGL: [02:26:24] [Android mgl-srv-apply/INFO]: DirectVulkan: clamped GL_MAX_SHADER_STORAGE_BUFFER_BINDINGS from 16777216 to 256
09-23 02:26:24.775 31242 31817 I MobileGL: [02:26:24] [Android mgl-srv-apply/INFO]: DirectVulkan: clamped GL_MAX_UNIFORM_BUFFER_BINDINGS from 16777216 to 256
09-23 02:26:24.775 31242 31817 I MobileGL: [02:26:24] [Android mgl-srv-apply/INFO]: DirectVulkan: clamped GL_MAX_SHADER_STORAGE_BLOCK_SIZE from 2147483647 to 536870912
09-23 02:26:24.776 31242 31817 I MobileGL: [02:26:24] [Android mgl-srv-apply/INFO]: Vulkan shader subgroup support: detected=true advertised=true size=64 stages=0x30 operations=0x2bf
09-23 02:26:24.776 31242 31817 I MobileGL: [02:26:24] [Android mgl-srv-apply/INFO]: DirectVulkan: clamped GL_MAX_COMPUTE_SHADER_STORAGE_BLOCKS from 16777216 to 256
09-23 02:26:24.776 31242 31817 I MobileGL: [02:26:24] [Android mgl-srv-apply/INFO]: DirectVulkan: clamped GL_MAX_COMBINED_SHADER_STORAGE_BLOCKS from 16777216 to 256
09-23 02:26:24.776 31242 31817 I MobileGL: [02:26:24] [Android mgl-srv-apply/INFO]: DirectVulkan: clamped GL_MAX_COMPUTE_UNIFORM_BLOCKS from 16777216 to 256
09-23 02:26:24.776 31242 31817 I MobileGL: [02:26:24] [Android mgl-srv-apply/INFO]: DirectVulkan: clamped GL_MAX_SHADER_STORAGE_BUFFER_BINDINGS from 16777216 to 256
09-23 02:26:24.776 31242 31817 I MobileGL: [02:26:24] [Android mgl-srv-apply/INFO]: DirectVulkan: clamped GL_MAX_UNIFORM_BUFFER_BINDINGS from 16777216 to 256
09-23 02:26:24.776 31242 31817 I MobileGL: [02:26:24] [Android mgl-srv-apply/INFO]: DirectVulkan: clamped GL_MAX_SHADER_STORAGE_BLOCK_SIZE from 2147483647 to 536870912
09-23 02:26:24.778 31242 31816 I MobileGL: [02:26:24] [Android MobileGLTraceRe/INFO]: MG_Remote client: CapsMirror generation 4 adopted (backend=1, callMask=0x3fff00000470)
09-23 02:26:24.778 31242 31816 I MobileGL: [02:26:24] [Android MobileGLTraceRe/INFO]: MG_Remote client: format capabilities filled from caps mirror generation 4
09-23 02:26:24.778 31242 31816 I MobileGL: [02:26:24] [Android MobileGLTraceRe/INFO]: MG_Remote client: CapsMirror generation 5 adopted (backend=1, callMask=0x3fff00000470)
09-23 02:26:24.778 31242 31816 I MobileGL: [02:26:24] [Android MobileGLTraceRe/INFO]: MG_Remote client: format capabilities filled from caps mirror generation 5
09-23 02:26:24.858 31242 31816 W MobileGL: [02:26:24] [Android MobileGLTraceRe/WARN]: Stub function: glDebugMessageControl(...)
09-23 02:26:25.743 31242 31817 W MobileGL: [02:26:25] [Android mgl-srv-apply/WARN]: GetOrCreatePipeline: patching vertex input location=3 format=82 -> 80 to match shader input type=35664 for program=15
09-23 02:26:25.763 31242 31816 I libc    : handling signal: 11
09-23 02:26:25.763 31242 31816 F libc    : Fatal signal 11 (SIGSEGV), code 2 (SEGV_ACCERR), fault addr 0x739f5e8000 in tid 31816 (MobileGLTraceRe), pid 31242 (ugin.p7w1.trace)
09-23 02:26:25.764 31242 31816 I libc    : debuggerd_dispatch_pseudothread start. crashing tid: 31816
09-23 02:26:25.785 31242 31816 I libc    : crash_dump pid: 31832
09-23 02:26:25.810 31832 31832 W libc    : Access denied finding property "persist.vendor.track.malloc.enable"
09-23 02:26:25.810 31832 31832 W libc    : Access denied finding property "persist.vendor.fd.monitor.enable"
09-23 02:26:26.086 31835 31835 F DEBUG   : pid: 31242, tid: 31816, name: MobileGLTraceRe  >>> top.mobilegl.plugin.p7w1.trace <<<
09-23 02:26:26.087 31835 31835 F DEBUG   :       #00 pc 0000000000099034  /apex/com.android.runtime/lib64/bionic/libc.so (__memcpy_aarch64_nt+308) (BuildId: 223a572c9f034c6a9337d8b3bedc75f3)
09-23 02:26:26.087 31835 31835 F DEBUG   :       #01 pc 0000000000691c80  /data/app/~~GTtJpgg4160VWYt1KJ1Fww==/top.mobilegl.plugin.p7w1.trace-yro313nlE_p3MnRQTGbTyQ==/lib/arm64/libtrace_replay_runner.so (BuildId: 3d06283277788e3c03041ce7ad63185ec723ff9c)
09-23 02:26:26.087 31835 31835 F DEBUG   :       #02 pc 00000000004614b0  /data/app/~~GTtJpgg4160VWYt1KJ1Fww==/top.mobilegl.plugin.p7w1.trace-yro313nlE_p3MnRQTGbTyQ==/lib/arm64/libtrace_replay_runner.so (BuildId: 3d06283277788e3c03041ce7ad63185ec723ff9c)
09-23 02:26:26.087 31835 31835 F DEBUG   :       #03 pc 00000000004602cc  /data/app/~~GTtJpgg4160VWYt1KJ1Fww==/top.mobilegl.plugin.p7w1.trace-yro313nlE_p3MnRQTGbTyQ==/lib/arm64/libtrace_replay_runner.so (mobilegl_apitrace_main+5072) (BuildId: 3d06283277788e3c03041ce7ad63185ec723ff9c)
09-23 02:26:26.087 31835 31835 F DEBUG   :       #04 pc 000000000045042c  /data/app/~~GTtJpgg4160VWYt1KJ1Fww==/top.mobilegl.plugin.p7w1.trace-yro313nlE_p3MnRQTGbTyQ==/lib/arm64/libtrace_replay_runner.so (BuildId: 3d06283277788e3c03041ce7ad63185ec723ff9c)
09-23 02:26:26.087 31835 31835 F DEBUG   :       #05 pc 000000000044ee68  /data/app/~~GTtJpgg4160VWYt1KJ1Fww==/top.mobilegl.plugin.p7w1.trace-yro313nlE_p3MnRQTGbTyQ==/lib/arm64/libtrace_replay_runner.so (mobilegl_trace::RunTraceReplay(mobilegl_trace::Request const&)+3176) (BuildId: 3d06283277788e3c03041ce7ad63185ec723ff9c)
09-23 02:26:26.087 31835 31835 F DEBUG   :       #06 pc 0000000000455178  /data/app/~~GTtJpgg4160VWYt1KJ1Fww==/top.mobilegl.plugin.p7w1.trace-yro313nlE_p3MnRQTGbTyQ==/lib/arm64/libtrace_replay_runner.so (Java_top_mobilegl_plugin_trace_TraceReplayActivity_nativeRunTraceReplay+2068) (BuildId: 3d06283277788e3c03041ce7ad63185ec723ff9c)
09-23 02:26:26.089 31835 31835 F DEBUG   :       #41 pc 0000000000082d74  /apex/com.android.runtime/lib64/bionic/libc.so (__pthread_start(void*)+184) (BuildId: 223a572c9f034c6a9337d8b3bedc75f3)
09-23 02:26:26.089 31835 31835 F DEBUG   :       #42 pc 00000000000751f0  /apex/com.android.runtime/lib64/bionic/libc.so (__start_thread+68) (BuildId: 223a572c9f034c6a9337d8b3bedc75f3)
09-23 02:26:26.130 31835 31835 I libc    : tombstoned_notify_completion, socket: 8
09-23 02:26:26.143  4411  5837 D RecentsTaskLoader: reloadTasksData [TaskKey{id=293, stackId=0, baseIntent=Intent { act=top.mobilegl.plugin.TRACE_REPLAY flg=0x10000000 cmp=top.mobilegl.plugin.p7w1.trace/top.mobilegl.plugin.trace.TraceReplayActivity }, userId=0, lastActiveTime=1241402, windowingMode=1, isThumbnailBlur=false, isAccessLocked=false, isScreening=false, topActivity=null, mHashCode=9652315}, title=MobileGL, titleDescription=MobileGL, bounds=null, isLaunchTarget=false, isStackTask=true, isSystemApp=false, isDockable=true, baseActivity=null, isLocked=false, mNeedHide=false, hasMultipleTasks=false, cti1Key=, cti2Key=, cti1Task=, cti2Task=] 
09-23 02:26:26.148  6687  7097 D DigestGenerator: digest=============The device has been root;The device bootloader is unlocked;com.topjohnwu.magisk have been installed;top.mobilegl.plugin.p7w1.trace /apex/com.android.runtime/lib/bionic/libc.so (__memcpy_aarch_nt+) ()
09-23 02:26:26.148  6687  7097 D DigestGenerator:  XXlib/arm/libtrace_replay_runner.so ()
09-23 02:26:26.148  6687  7097 D DigestGenerator:  XXlib/arm/libtrace_replay_runner.so ()
09-23 02:26:26.148  6687  7097 D DigestGenerator:  XXlib/arm/libtrace_replay_runner.so (mobilegl_apitrace_main+) ()
09-23 02:26:26.148  6687  7097 D DigestGenerator:  XXlib/arm/libtrace_replay_runner.so ()
09-23 02:26:26.148  6687  7097 D DigestGenerator:  XXlib/arm/libtrace_replay_runner.so (mobilegl_trace::RunTraceReplay(mobilegl_trace::Request const&)+) ()
09-23 02:26:26.148  6687  7097 D DigestGenerator:  XXlib/arm/libtrace_replay_runner.so (Java_top_mobilegl_plugin_trace_TraceReplayActivity_nativeRunTraceReplay+) ()
09-23 02:26:26.148  6687  7097 D DigestGenerator:  /apex/com.android.runtime/lib/bionic/libc.so (__pthread_start(void*)+) ()
09-23 02:26:26.148  6687  7097 D DigestGenerator:  /apex/com.android.runtime/lib/bionic/libc.so (__start_thread+) ()
09-23 02:26:26.202  3176  3422 I libc    : kill: send 9 to pid -31242
09-23 02:26:26.202  3176  3422 I libc    : debug pid reuse, real pid -31242
09-23 02:26:26.202  3176  3422 I libc    : kill: send 9 to pid -31242
09-23 02:26:26.202  3176  3422 I libc    : debug pid reuse, real pid -31242
09-23 02:26:26.227  2024  2024 W libc    : Access denied finding property "vendor.gpp.create_frc_extension"
09-23 02:26:26.261  4411  4411 I WindowAnimParamsProvider: getClosingWindowAnimParams getClosingShortcutIcon task before=  [TaskKey{id=293, stackId=0, baseIntent=Intent { act=top.mobilegl.plugin.TRACE_REPLAY flg=0x10000000 cmp=top.mobilegl.plugin.p7w1.trace/top.mobilegl.plugin.trace.TraceReplayActivity }, userId=0, lastActiveTime=1241402, windowingMode=1, isThumbnailBlur=false, isAccessLocked=false, isScreening=false, topActivity=null, mHashCode=9652315}, title=MobileGL, titleDescription=MobileGL, bounds=null, isLaunchTarget=false, isStackTask=true, isSystemApp=false, isDockable=true, baseActivity=null, isLocked=false, mNeedHide=false, hasMultipleTasks=false, cti1Key=, cti2Key=, cti1Task=, cti2Task=] 
09-23 02:26:26.261  4411  4411 I WindowAnimParamsProvider: getClosingWindowAnimParams getClosingShortcutIcon task after=  [TaskKey{id=293, stackId=0, baseIntent=Intent { act=top.mobilegl.plugin.TRACE_REPLAY flg=0x10000000 cmp=top.mobilegl.plugin.p7w1.trace/top.mobilegl.plugin.trace.TraceReplayActivity }, userId=0, lastActiveTime=1241402, windowingMode=1, isThumbnailBlur=false, isAccessLocked=false, isScreening=false, topActivity=null, mHashCode=9652315}, title=MobileGL, titleDescription=MobileGL, bounds=null, isLaunchTarget=false, isStackTask=true, isSystemApp=false, isDockable=true, baseActivity=null, isLocked=false, mNeedHide=false, hasMultipleTasks=false, cti1Key=, cti2Key=, cti1Task=, cti2Task=] 
09-23 02:26:26.261  4411  4411 I WindowAnimParamsProvider: getUserIdFromRemoteTarget task before=  [TaskKey{id=293, stackId=0, baseIntent=Intent { act=top.mobilegl.plugin.TRACE_REPLAY flg=0x10000000 cmp=top.mobilegl.plugin.p7w1.trace/top.mobilegl.plugin.trace.TraceReplayActivity }, userId=0, lastActiveTime=1241402, windowingMode=1, isThumbnailBlur=false, isAccessLocked=false, isScreening=false, topActivity=null, mHashCode=9652315}, title=MobileGL, titleDescription=MobileGL, bounds=null, isLaunchTarget=false, isStackTask=true, isSystemApp=false, isDockable=true, baseActivity=null, isLocked=false, mNeedHide=false, hasMultipleTasks=false, cti1Key=, cti2Key=, cti1Task=, cti2Task=] 
09-23 02:26:26.261  4411  4411 I WindowAnimParamsProvider: getUserIdFromRemoteTarget task after=  [TaskKey{id=293, stackId=0, baseIntent=Intent { act=top.mobilegl.plugin.TRACE_REPLAY flg=0x10000000 cmp=top.mobilegl.plugin.p7w1.trace/top.mobilegl.plugin.trace.TraceReplayActivity }, userId=0, lastActiveTime=1241402, windowingMode=1, isThumbnailBlur=false, isAccessLocked=false, isScreening=false, topActivity=null, mHashCode=9652315}, title=MobileGL, titleDescription=MobileGL, bounds=null, isLaunchTarget=false, isStackTask=true, isSystemApp=false, isDockable=true, baseActivity=null, isLocked=false, mNeedHide=false, hasMultipleTasks=false, cti1Key=, cti2Key=, cti1Task=, cti2Task=] 
trace-replay-ci.sh: app trace-replay files:
/data/user/0/top.mobilegl.plugin.p7w1.trace/files/trace-replay:
total 12
drwxrwxrwx 4 u0_a318 u0_a318 3452 2026-09-23 02:26 .
drwxrwxrwx 3 u0_a318 u0_a318 3452 2026-09-23 02:26 ..
drwxrwxrwx 2 u0_a318 u0_a318 3452 2026-09-23 02:26 input
drwxrwxrwx 2 u0_a318 u0_a318 3452 2026-09-23 02:26 output

/data/user/0/top.mobilegl.plugin.p7w1.trace/files/trace-replay/input:
total 7506
drwxrwxrwx 2 u0_a318 u0_a318    3452 2026-09-23 02:26 .
drwxrwxrwx 4 u0_a318 u0_a318    3452 2026-09-23 02:26 ..
-rw-r--r-- 1 u0_a318 u0_a318  280527 2026-09-23 02:26 golden.png
-rw-r--r-- 1 u0_a318 u0_a318 7392453 2026-09-23 02:26 trace.trace

/data/user/0/top.mobilegl.plugin.p7w1.trace/files/trace-replay/output:
total 62
drwxrwxrwx 2 u0_a318 u0_a318  3452 2026-09-23 02:26 .
drwxrwxrwx 4 u0_a318 u0_a318  3452 2026-09-23 02:26 ..
-rw------- 1 u0_a318 u0_a318  7393 2026-09-23 02:26 mobilegl.client.log
-rw------- 1 u0_a318 u0_a318 45053 2026-09-23 02:26 mobilegl.server.log
-rw------- 1 u0_a318 u0_a318   107 2026-09-23 02:26 retrace.log
archived repeat 1 to .trace-work\p7w1\E0a-inproc\minecraft-1.21.1-neoforge-create-indirect-in-world-DirectVulkan\repeat-01
C:\Users\geekerwan\AndroidStudioProjects\FoldCraftLauncher\MobileGL-disagg\.trace-work\android-retrace-summary\mobilegl-android-retrace-overview.html
=== Android retrace: minecraft-1.21.1-neoforge-create-instancing-in-world / DirectVulkan (repeat 1/1) ===
C:\Users\geekerwan\AndroidStudioProjects\FoldCraftLauncher\MobileGL-disagg\.trace-work\android-retrace-fixture\minecraft-1.21.1-neoforge-create-instancing-in-world\trace.trace: 1 file pushed, 0 skipped. 28.7 MB/s (7713946 bytes in 0.256s)
C:\Users\geekerwan\AndroidStudioProjects\FoldCraftLauncher\MobileGL-disagg\tools\trace_replay\fixtures\minecraft-1.21.1-neoforge-create-instancing-in-world.0000530333.png: 1 file pushed, 0 skipped. 230.2 MB/s (280621 bytes in 0.001s)
Starting: Intent { act=top.mobilegl.plugin.TRACE_REPLAY cmp=top.mobilegl.plugin.p7w1.trace/top.mobilegl.plugin.trace.TraceReplayActivity (has extras) }
trace-replay-ci.sh: app process exited before result.json was created
trace-replay-ci.sh: retrace.log:
/opt/Java/jdk-21/bin/java
apitrace: warning: caught signal 11
208181: error: caught an unhandled exception
trace-replay-ci.sh: tail of mobilegl.log:
[02:26:29] [Android mgl-srv-apply/INFO]:     VK_KHR_calibrated_timestamps (r.1)
[02:26:29] [Android mgl-srv-apply/INFO]:     VK_KHR_external_memory_fd (r.1)
[02:26:29] [Android mgl-srv-apply/INFO]:     VK_QCOM_render_pass_shader_resolve (r.4)
[02:26:29] [Android mgl-srv-apply/INFO]:     VK_KHR_maintenance1 (r.2)
[02:26:29] [Android mgl-srv-apply/INFO]:     VK_KHR_maintenance2 (r.1)
[02:26:29] [Android mgl-srv-apply/INFO]:     VK_KHR_maintenance3 (r.1)
[02:26:29] [Android mgl-srv-apply/INFO]:     VK_KHR_maintenance4 (r.2)
[02:26:29] [Android mgl-srv-apply/INFO]:     VK_KHR_maintenance5 (r.1)
[02:26:29] [Android mgl-srv-apply/INFO]:     VK_KHR_maintenance6 (r.1)
[02:26:29] [Android mgl-srv-apply/INFO]:     VK_KHR_separate_depth_stencil_layouts (r.1)
[02:26:29] [Android mgl-srv-apply/INFO]:     VK_EXT_image_robustness (r.1)
[02:26:29] [Android mgl-srv-apply/INFO]:     VK_EXT_calibrated_timestamps (r.2)
[02:26:29] [Android mgl-srv-apply/INFO]:     VK_KHR_buffer_device_address (r.1)
[02:26:29] [Android mgl-srv-apply/INFO]:     VK_EXT_extended_dynamic_state (r.1)
[02:26:29] [Android mgl-srv-apply/INFO]:     VK_EXT_queue_family_foreign (r.1)
[02:26:29] [Android mgl-srv-apply/INFO]:     VK_KHR_shader_quad_control (r.1)
[02:26:29] [Android mgl-srv-apply/INFO]:     VK_EXT_image_view_min_lod (r.1)
[02:26:29] [Android mgl-srv-apply/INFO]:     VK_ANDROID_external_format_resolve (r.1)
[02:26:29] [Android mgl-srv-apply/INFO]:     VK_QCOM_ycbcr_degamma (r.1)
[02:26:29] [Android mgl-srv-apply/INFO]:     VK_KHR_bind_memory2 (r.1)
[02:26:29] [Android mgl-srv-apply/INFO]:     VK_EXT_pipeline_protected_access (r.1)
[02:26:29] [Android mgl-srv-apply/INFO]:     VK_KHR_external_semaphore (r.1)
[02:26:29] [Android mgl-srv-apply/INFO]:     VK_KHR_shader_terminate_invocation (r.1)
[02:26:29] [Android mgl-srv-apply/INFO]:     VK_QCOM_fragment_density_map_offset (r.2)
[02:26:29] [Android mgl-srv-apply/INFO]:     VK_EXT_scalar_block_layout (r.1)
[02:26:29] [Android mgl-srv-apply/INFO]:     VK_KHR_map_memory2 (r.1)
[02:26:29] [Android mgl-srv-apply/INFO]:     VK_EXT_load_store_op_none (r.1)
[02:26:29] [Android mgl-srv-apply/INFO]:     VK_KHR_load_store_op_none (r.1)
[02:26:29] [Android mgl-srv-apply/INFO]:     VK_KHR_shader_maximal_reconvergence (r.1)
[02:26:29] [Android mgl-srv-apply/INFO]:     VK_KHR_sampler_ycbcr_conversion (r.14)
[02:26:29] [Android mgl-srv-apply/INFO]:     VK_EXT_vertex_attribute_divisor (r.3)
[02:26:29] [Android mgl-srv-apply/INFO]:     VK_KHR_variable_pointers (r.1)
[02:26:29] [Android mgl-srv-apply/INFO]:     VK_QCOM_multiview_per_view_viewports (r.1)
[02:26:29] [Android mgl-srv-apply/INFO]:     VK_KHR_ray_query (r.1)
[02:26:29] [Android mgl-srv-apply/INFO]:     VK_EXT_primitives_generated_query (r.1)
[02:26:29] [Android mgl-srv-apply/INFO]:     VK_KHR_push_descriptor (r.2)
[02:26:29] [Android mgl-srv-apply/INFO]:     VK_KHR_timeline_semaphore (r.2)
[02:26:29] [Android mgl-srv-apply/INFO]:     VK_EXT_device_memory_report (r.2)
[02:26:29] [Android mgl-srv-apply/INFO]:     VK_KHR_shader_subgroup_rotate (r.2)
[02:26:29] [Android mgl-srv-apply/INFO]:     VK_KHR_imageless_framebuffer (r.1)
[02:26:29] [Android mgl-srv-apply/INFO]:     VK_KHR_device_group (r.4)
[02:26:29] [Android mgl-srv-apply/INFO]:     VK_EXT_device_fault (r.2)
[02:26:29] [Android mgl-srv-apply/INFO]:     VK_KHR_relaxed_block_layout (r.1)
[02:26:29] [Android mgl-srv-apply/INFO]:     VK_KHR_shader_expect_assume (r.1)
[02:26:29] [Android mgl-srv-apply/INFO]:     VK_KHR_shader_atomic_int64 (r.1)
[02:26:29] [Android mgl-srv-apply/INFO]:     VK_KHR_external_fence (r.1)
[02:26:29] [Android mgl-srv-apply/INFO]:     VK_KHR_shader_non_semantic_info (r.1)
[02:26:29] [Android mgl-srv-apply/INFO]:     VK_EXT_shader_atomic_float (r.1)
[02:26:29] [Android mgl-srv-apply/INFO]:     VK_EXT_custom_border_color (r.12)
[02:26:29] [Android mgl-srv-apply/INFO]:     VK_EXT_host_query_reset (r.1)
[02:26:29] [Android mgl-srv-apply/INFO]:     VK_EXT_index_type_uint8 (r.1)
[02:26:29] [Android mgl-srv-apply/INFO]:     VK_KHR_multiview (r.1)
[02:26:29] [Android mgl-srv-apply/INFO]:     VK_KHR_storage_buffer_storage_class (r.1)
[02:26:29] [Android mgl-srv-apply/INFO]:     VK_EXT_fragment_density_map2 (r.1)
[02:26:29] [Android mgl-srv-apply/INFO]:     VK_QCOM_filter_cubic_weights (r.1)
[02:26:29] [Android mgl-srv-apply/INFO]:     VK_KHR_workgroup_memory_explicit_layout (r.1)
[02:26:29] [Android mgl-srv-apply/INFO]:     VK_QCOM_rotated_copy_commands (r.2)
[02:26:29] [Android mgl-srv-apply/INFO]:     VK_KHR_shader_subgroup_extended_types (r.1)
[02:26:29] [Android mgl-srv-apply/INFO]:     VK_EXT_external_memory_acquire_unmodified (r.1)
[02:26:29] [Android mgl-srv-apply/INFO]:     VK_EXT_private_data (r.1)
[02:26:29] [Android mgl-srv-apply/INFO]:     VK_EXT_descriptor_buffer (r.1)
[02:26:29] [Android mgl-srv-apply/INFO]:     VK_EXT_conditional_rendering (r.2)
[02:26:29] [Android mgl-srv-apply/INFO]:     VK_EXT_mutable_descriptor_type (r.1)
[02:26:29] [Android mgl-srv-apply/INFO]:     VK_EXT_pipeline_creation_cache_control (r.3)
[02:26:29] [Android mgl-srv-apply/INFO]:     VK_EXT_robustness2 (r.1)
[02:26:29] [Android mgl-srv-apply/INFO]:     VK_KHR_shader_clock (r.1)
[02:26:29] [Android mgl-srv-apply/INFO]:     VK_EXT_shader_module_identifier (r.1)
[02:26:29] [Android mgl-srv-apply/INFO]:     VK_KHR_vertex_attribute_divisor (r.1)
[02:26:29] [Android mgl-srv-apply/INFO]:     VK_EXT_global_priority_query (r.1)
[02:26:29] [Android mgl-srv-apply/INFO]:     VK_EXT_separate_stencil_usage (r.1)
[02:26:29] [Android mgl-srv-apply/INFO]:     VK_EXT_border_color_swizzle (r.1)
[02:26:29] [Android mgl-srv-apply/INFO]:     VK_EXT_vertex_input_dynamic_state (r.2)
[02:26:29] [Android mgl-srv-apply/INFO]:     VK_IMG_filter_cubic (r.1)
[02:26:29] [Android mgl-srv-apply/INFO]:     VK_EXT_filter_cubic (r.3)
[02:26:29] [Android mgl-srv-apply/INFO]:     VK_EXT_shader_subgroup_vote (r.1)
[02:26:29] [Android mgl-srv-apply/INFO]:     VK_EXT_device_address_binding_report (r.1)
[02:26:29] [Android mgl-srv-apply/INFO]:     VK_NV_optical_flow (r.1)
[02:26:29] [Android mgl-srv-apply/INFO]:     VK_QCOM_tile_properties (r.1)
[02:26:29] [Android mgl-srv-apply/INFO]:     VK_KHR_image_format_list (r.1)
[02:26:29] [Android mgl-srv-apply/INFO]:     VK_EXT_sampler_filter_minmax (r.2)
[02:26:29] [Android mgl-srv-apply/INFO]:     VK_KHR_16bit_storage (r.1)
[02:26:29] [Android mgl-srv-apply/INFO]:     VK_EXT_shader_viewport_index_layer (r.1)
[02:26:29] [Android mgl-srv-apply/INFO]:     VK_KHR_pipeline_executable_properties (r.1)
[02:26:29] [Android mgl-srv-apply/INFO]:     VK_EXT_shader_demote_to_helper_invocation (r.1)
[02:26:29] [Android mgl-srv-apply/INFO]:     VK_EXT_color_write_enable (r.1)
[02:26:29] [Android mgl-srv-apply/INFO]:     VK_KHR_dynamic_rendering_local_read (r.1)
[02:26:29] [Android mgl-srv-apply/INFO]:     VK_QCOM_render_pass_transform (r.4)
[02:26:29] [Android mgl-srv-apply/INFO]:     VK_KHR_create_renderpass2 (r.1)
[02:26:29] [Android mgl-srv-apply/INFO]:     VK_EXT_shader_image_atomic_int64 (r.1)
[02:26:29] [Android mgl-srv-apply/INFO]:     VK_KHR_acceleration_structure (r.13)
[02:26:29] [Android mgl-srv-apply/INFO]:     VK_EXT_depth_clip_control (r.1)
[02:26:29] [Android mgl-srv-apply/INFO]:     VK_EXT_transform_feedback (r.1)
[02:26:29] [Android mgl-srv-apply/INFO]:     VK_EXT_blend_operation_advanced (r.2)
[02:26:29] [Android mgl-srv-apply/INFO]:     VK_EXT_provoking_vertex (r.1)
[02:26:29] [Android mgl-srv-apply/INFO]:     VK_KHR_8bit_storage (r.1)
[02:26:29] [Android mgl-srv-apply/INFO]:     VK_QCOM_multiview_per_view_render_areas (r.1)
[02:26:29] [Android mgl-srv-apply/INFO]:     VK_EXT_inline_uniform_block (r.1)
[02:26:29] [Android mgl-srv-apply/INFO]:     VK_EXT_shader_subgroup_ballot (r.1)
[02:26:29] [Android mgl-srv-apply/INFO]:     VK_KHR_depth_stencil_resolve (r.1)
[02:26:29] [Android mgl-srv-apply/INFO]:     VK_KHR_shader_float_controls (r.4)
[02:26:29] [Android mgl-srv-apply/INFO]:     VK_EXT_texture_compression_astc_hdr (r.1)
[02:26:29] [Android mgl-srv-apply/INFO]:     VK_EXT_global_priority (r.2)
[02:26:29] [Android mgl-srv-apply/INFO]:     VK_EXT_4444_formats (r.1)
[02:26:29] [Android mgl-srv-apply/INFO]:     VK_KHR_shader_draw_parameters (r.1)
[02:26:29] [Android mgl-srv-apply/INFO]:     VK_KHR_vulkan_memory_model (r.3)
[02:26:29] [Android mgl-srv-apply/INFO]:     VK_EXT_descriptor_indexing (r.2)
[02:26:29] [Android mgl-srv-apply/INFO]:     VK_EXT_depth_clip_enable (r.1)
[02:26:29] [Android mgl-srv-apply/INFO]:     VK_KHR_synchronization2 (r.1)
[02:26:29] [Android mgl-srv-apply/INFO]:     VK_KHR_shader_integer_dot_product (r.1)
[02:26:29] [Android mgl-srv-apply/INFO]:     VK_EXT_line_rasterization (r.1)
[02:26:29] [Android mgl-srv-apply/INFO]:     VK_KHR_line_rasterization (r.1)
[02:26:29] [Android mgl-srv-apply/INFO]:     VK_QCOM_image_processing (r.1)
[02:26:29] [Android mgl-srv-apply/INFO]:     VK_KHR_shader_float_controls2 (r.1)
[02:26:29] [Android mgl-srv-apply/INFO]:     VK_KHR_fragment_shading_rate (r.2)
[02:26:29] [Android mgl-srv-apply/INFO]:     VK_KHR_descriptor_update_template (r.1)
[02:26:29] [Android mgl-srv-apply/INFO]:     VK_KHR_draw_indirect_count (r.1)
[02:26:29] [Android mgl-srv-apply/INFO]:     VK_KHR_driver_properties (r.1)
[02:26:29] [Android mgl-srv-apply/INFO]:     VK_KHR_ray_tracing_position_fetch (r.1)
[02:26:29] [Android mgl-srv-apply/INFO]:     VK_KHR_dynamic_rendering (r.1)
[02:26:29] [Android mgl-srv-apply/INFO]:     VK_KHR_zero_initialize_workgroup_memory (r.1)
[02:26:29] [Android mgl-srv-apply/INFO]:     VK_KHR_uniform_buffer_standard_layout (r.1)
[02:26:29] [Android mgl-srv-apply/INFO]:     VK_EXT_depth_clamp_zero_one (r.1)
[02:26:29] [Android mgl-srv-apply/INFO]:     VK_ANDROID_external_memory_android_hardware_buffer (r.5)
[02:26:29] [Android mgl-srv-apply/INFO]:     VK_EXT_image_2d_view_of_3d (r.1)
[02:26:29] [Android mgl-srv-apply/INFO]:     VK_EXT_extended_dynamic_state2 (r.1)
[02:26:29] [Android mgl-srv-apply/INFO]:     VK_KHR_dedicated_allocation (r.3)
[02:26:29] [Android mgl-srv-apply/INFO]:     VK_EXT_texel_buffer_alignment (r.1)
[02:26:29] [Android mgl-srv-apply/INFO]:     VK_EXT_primitive_topology_list_restart (r.1)
[02:26:29] [Android mgl-srv-apply/INFO]:     VK_EXT_rasterization_order_attachment_access (r.1)
[02:26:29] [Android mgl-srv-apply/INFO]:     VK_KHR_shader_subgroup_uniform_control_flow (r.1)
[02:26:29] [Android mgl-srv-apply/INFO]:     VK_EXT_tooling_info (r.1)
[02:26:29] [Android mgl-srv-apply/INFO]:     VK_KHR_format_feature_flags2 (r.2)
[02:26:29] [Android mgl-srv-apply/INFO]:     VK_KHR_global_priority (r.1)
[02:26:29] [Android mgl-srv-apply/INFO]:     VK_EXT_sample_locations (r.1)
[02:26:29] [Android mgl-srv-apply/INFO]:     VK_EXT_multi_draw (r.1)
[02:26:29] [Android mgl-srv-apply/INFO]:     VK_KHR_swapchain (r.70)
[02:26:29] [Android mgl-srv-apply/INFO]:     VK_KHR_sampler_mirror_clamp_to_edge (r.3)
[02:26:29] [Android mgl-srv-apply/INFO]:     VK_QCOM_image_processing2 (r.1)
[02:26:29] [Android mgl-srv-apply/INFO]:     VK_KHR_external_fence_fd (r.1)
[02:26:29] [Android mgl-srv-apply/INFO]: Required extension found: VK_KHR_swapchain
[02:26:29] [Android mgl-srv-apply/INFO]:     Picked physical device. (Reason: First suitable device)
[02:26:29] [Android mgl-srv-apply/INFO]: Picked physical device 0.
[02:26:29] [Android mgl-srv-apply/INFO]: Vulkan: multiViewport enabled; rasterizable viewports=16 (device limit 16, GL state width 16)
[02:26:29] [Android mgl-srv-apply/INFO]: Enabled optional device extension: VK_KHR_draw_indirect_count
[02:26:29] [Android mgl-srv-apply/INFO]: Enabled optional device extension: VK_KHR_shader_draw_parameters
[02:26:29] [Android mgl-srv-apply/INFO]: VK_KHR_image_format_list enabled: true
[02:26:29] [Android mgl-srv-apply/INFO]: VK_KHR_draw_indirect_count enabled: true
[02:26:29] [Android mgl-srv-apply/INFO]: Enabled optional device extension: VK_KHR_create_renderpass2
[02:26:29] [Android mgl-srv-apply/INFO]: Enabled optional device extension: VK_KHR_depth_stencil_resolve
[02:26:29] [Android mgl-srv-apply/INFO]: Vulkan: update-after-bind descriptor layouts enabled
[02:26:29] [Android mgl-srv-apply/INFO]: Enabled optional device extension: VK_KHR_index_type_uint8
[02:26:29] [Android mgl-srv-apply/INFO]: Enabled optional device extension: VK_EXT_primitive_topology_list_restart
[02:26:29] [Android mgl-srv-apply/INFO]: Enabled optional device extension: VK_EXT_custom_border_color (maxCustomBorderColorSamplers=4000)
[02:26:29] [Android mgl-srv-apply/INFO]: Enabled optional device extension: VK_EXT_subgroup_size_control (computeFullSubgroups)
[02:26:29] [Android mgl-srv-apply/INFO]: Enabled optional device extension: VK_EXT_transform_feedback
[02:26:29] [Android mgl-srv-apply/INFO]: Enabled optional device extension: VK_EXT_provoking_vertex (transformFeedbackPreservesProvokingVertex=false)
[02:26:29] [Android mgl-srv-apply/INFO]: Enabled optional device extension: VK_EXT_vertex_attribute_divisor
[02:26:29] [Android mgl-srv-apply/INFO]: Enabled optional device extension: VK_EXT_multi_draw (maxMultiDrawCount=1024)
[02:26:29] [Android mgl-srv-apply/INFO]: Device feature support: robustBufferAccess=true geometryShader=true independentBlend=true logicOp=true shaderClipDistance=true shaderCullDistance=true wideLines=true shaderInt64=true vertexStoresAtomics=true fragmentStoresAtomics=true storageImageExtendedFormats=true storageImageReadWithoutFormat=true storageImageWriteWithoutFormat=true drawIndirectFirstInstance=true multiDrawIndirect=true
[02:26:29] [Android mgl-srv-apply/INFO]: Device feature enabled: robustBufferAccess=true geometryShader=true independentBlend=true logicOp=true shaderClipDistance=true shaderCullDistance=true wideLines=true shaderInt64=true vertexStoresAtomics=true fragmentStoresAtomics=true storageImageExtendedFormats=true storageImageReadWithoutFormat=true storageImageWriteWithoutFormat=true drawIndirectFirstInstance=true multiDrawIndirect=true shaderDrawParameters=true
[02:26:29] [Android mgl-srv-apply/INFO]: Multi-draw dispatch tier: ext (VK_EXT_multi_draw=true, multiDrawIndirect=true, mode=auto)
[02:26:29] [Android mgl-srv-apply/INFO]: index type uint8 enabled: true
[02:26:29] [Android mgl-srv-apply/INFO]: Logical device created.
[02:26:29] [Android mgl-srv-apply/INFO]: Queues got successfully.
[02:26:29] [Android mgl-srv-apply/INFO]: Timer queries supported (timestampValidBits=48, timestampPeriod=52.083332 ns/tick)
[02:26:29] [Android mgl-srv-apply/INFO]: PRIMITIVES_GENERATED probe triangles: drawn=1 stream=0/1 pgq=0(0) stat=1(1)
[02:26:29] [Android mgl-srv-apply/INFO]: PRIMITIVES_GENERATED probe triangles+discard: drawn=1 stream=0/1 pgq=0(0) stat=0(1)
[02:26:29] [Android mgl-srv-apply/INFO]: PRIMITIVES_GENERATED probe patches+discard: drawn=1 stream=0/1 pgq=0(0) stat=0(1)
[02:26:29] [Android mgl-srv-apply/INFO]: PRIMITIVES_GENERATED for XFB-inactive draws will accumulate through a clipping-invocations pipeline-statistics pool
[02:26:29] [Android mgl-srv-apply/INFO]: Command pool created
[02:26:29] [Android mgl-srv-apply/INFO]: MaxFramesInFlight: configured request=3
[02:26:29] [Android mgl-srv-apply/INFO]: MaxFramesInFlight: using 3 (surface minImageCount=11, maxImageCount=64)
[02:26:29] [Android mgl-srv-apply/INFO]: CreateFrameContexts completed
[02:26:29] [Android mgl-srv-apply/INFO]: DirectVulkan: using 256 program descriptor bindings
[02:26:29] [Android mgl-srv-apply/INFO]: Got 5 surface formats:
[02:26:29] [Android mgl-srv-apply/INFO]: Picked surface format: [VK_FORMAT_R8G8B8A8_UNORM, VK_COLOR_SPACE_SRGB_NONLINEAR_KHR]
[02:26:29] [Android mgl-srv-apply/INFO]: Got 4 present modes:
[02:26:29] [Android mgl-srv-apply/INFO]: Picked present mode: VK_PRESENT_MODE_MAILBOX_KHR
[02:26:29] [Android mgl-srv-apply/INFO]: Set minImageCount = 11
[02:26:29] [Android mgl-srv-apply/INFO]: Swapchain currentTransform = VK_SURFACE_TRANSFORM_IDENTITY_BIT_KHR
[02:26:29] [Android mgl-srv-apply/INFO]: Swapchain imageUsage = 0x13 (supportedUsageFlags = 0x9f)
[02:26:29] [Android mgl-srv-apply/INFO]: Set swapchain preTransform = VK_SURFACE_TRANSFORM_IDENTITY_BIT_KHR
[02:26:29] [Android mgl-srv-apply/INFO]: Swapchain image views created
[02:26:29] [Android mgl-srv-apply/INFO]: Swapchain created, extent = 854x480, swapchain imageCount = 11
[02:26:29] [Android mgl-srv-apply/INFO]: DirectVulkan: suppressing depth writes on accumulation-blended pipelines (driver lacks cross-pipeline position invariance)
[02:26:29] [Android mgl-srv-apply/INFO]: Vulkan shader subgroup support: detected=true advertised=true size=64 stages=0x30 operations=0x2bf
[02:26:29] [Android mgl-srv-apply/INFO]: DirectVulkan: clamped GL_MAX_COMPUTE_SHADER_STORAGE_BLOCKS from 16777216 to 256
[02:26:29] [Android mgl-srv-apply/INFO]: DirectVulkan: clamped GL_MAX_COMBINED_SHADER_STORAGE_BLOCKS from 16777216 to 256
[02:26:29] [Android mgl-srv-apply/INFO]: DirectVulkan: clamped GL_MAX_COMPUTE_UNIFORM_BLOCKS from 16777216 to 256
[02:26:29] [Android mgl-srv-apply/INFO]: DirectVulkan: clamped GL_MAX_SHADER_STORAGE_BUFFER_BINDINGS from 16777216 to 256
[02:26:29] [Android mgl-srv-apply/INFO]: DirectVulkan: clamped GL_MAX_UNIFORM_BUFFER_BINDINGS from 16777216 to 256
[02:26:29] [Android mgl-srv-apply/INFO]: DirectVulkan: clamped GL_MAX_SHADER_STORAGE_BLOCK_SIZE from 2147483647 to 536870912
[02:26:29] [Android mgl-srv-apply/INFO]: Vulkan shader subgroup support: detected=true advertised=true size=64 stages=0x30 operations=0x2bf
[02:26:29] [Android mgl-srv-apply/INFO]: DirectVulkan: clamped GL_MAX_COMPUTE_SHADER_STORAGE_BLOCKS from 16777216 to 256
[02:26:29] [Android mgl-srv-apply/INFO]: DirectVulkan: clamped GL_MAX_COMBINED_SHADER_STORAGE_BLOCKS from 16777216 to 256
[02:26:29] [Android mgl-srv-apply/INFO]: DirectVulkan: clamped GL_MAX_COMPUTE_UNIFORM_BLOCKS from 16777216 to 256
[02:26:29] [Android mgl-srv-apply/INFO]: DirectVulkan: clamped GL_MAX_SHADER_STORAGE_BUFFER_BINDINGS from 16777216 to 256
[02:26:29] [Android mgl-srv-apply/INFO]: DirectVulkan: clamped GL_MAX_UNIFORM_BUFFER_BINDINGS from 16777216 to 256
[02:26:29] [Android mgl-srv-apply/INFO]: DirectVulkan: clamped GL_MAX_SHADER_STORAGE_BLOCK_SIZE from 2147483647 to 536870912
[02:26:30] [Android mgl-srv-apply/WARN]: GetOrCreatePipeline: patching vertex input location=3 format=82 -> 80 to match shader input type=35664 for program=17
trace-replay-ci.sh: recent relevant logcat lines:
09-23 02:26:29.855 31446 31983 I MobileGL: [02:26:29] [Android mgl-srv-apply/INFO]:     VK_KHR_imageless_framebuffer (r.1)
09-23 02:26:29.855 31446 31983 I MobileGL: [02:26:29] [Android mgl-srv-apply/INFO]:     VK_KHR_device_group (r.4)
09-23 02:26:29.855 31446 31983 I MobileGL: [02:26:29] [Android mgl-srv-apply/INFO]:     VK_EXT_device_fault (r.2)
09-23 02:26:29.855 31446 31983 I MobileGL: [02:26:29] [Android mgl-srv-apply/INFO]:     VK_KHR_relaxed_block_layout (r.1)
09-23 02:26:29.855 31446 31983 I MobileGL: [02:26:29] [Android mgl-srv-apply/INFO]:     VK_KHR_shader_expect_assume (r.1)
09-23 02:26:29.855 31446 31983 I MobileGL: [02:26:29] [Android mgl-srv-apply/INFO]:     VK_KHR_shader_atomic_int64 (r.1)
09-23 02:26:29.855 31446 31983 I MobileGL: [02:26:29] [Android mgl-srv-apply/INFO]:     VK_KHR_external_fence (r.1)
09-23 02:26:29.855 31446 31983 I MobileGL: [02:26:29] [Android mgl-srv-apply/INFO]:     VK_KHR_shader_non_semantic_info (r.1)
09-23 02:26:29.855 31446 31983 I MobileGL: [02:26:29] [Android mgl-srv-apply/INFO]:     VK_EXT_shader_atomic_float (r.1)
09-23 02:26:29.855 31446 31983 I MobileGL: [02:26:29] [Android mgl-srv-apply/INFO]:     VK_EXT_custom_border_color (r.12)
09-23 02:26:29.855 31446 31983 I MobileGL: [02:26:29] [Android mgl-srv-apply/INFO]:     VK_EXT_host_query_reset (r.1)
09-23 02:26:29.855 31446 31983 I MobileGL: [02:26:29] [Android mgl-srv-apply/INFO]:     VK_EXT_index_type_uint8 (r.1)
09-23 02:26:29.855 31446 31983 I MobileGL: [02:26:29] [Android mgl-srv-apply/INFO]:     VK_KHR_multiview (r.1)
09-23 02:26:29.855 31446 31983 I MobileGL: [02:26:29] [Android mgl-srv-apply/INFO]:     VK_KHR_storage_buffer_storage_class (r.1)
09-23 02:26:29.855 31446 31983 I MobileGL: [02:26:29] [Android mgl-srv-apply/INFO]:     VK_EXT_fragment_density_map2 (r.1)
09-23 02:26:29.855 31446 31983 I MobileGL: [02:26:29] [Android mgl-srv-apply/INFO]:     VK_QCOM_filter_cubic_weights (r.1)
09-23 02:26:29.855 31446 31983 I MobileGL: [02:26:29] [Android mgl-srv-apply/INFO]:     VK_KHR_workgroup_memory_explicit_layout (r.1)
09-23 02:26:29.855 31446 31983 I MobileGL: [02:26:29] [Android mgl-srv-apply/INFO]:     VK_QCOM_rotated_copy_commands (r.2)
09-23 02:26:29.855 31446 31983 I MobileGL: [02:26:29] [Android mgl-srv-apply/INFO]:     VK_KHR_shader_subgroup_extended_types (r.1)
09-23 02:26:29.855 31446 31983 I MobileGL: [02:26:29] [Android mgl-srv-apply/INFO]:     VK_EXT_external_memory_acquire_unmodified (r.1)
09-23 02:26:29.855 31446 31983 I MobileGL: [02:26:29] [Android mgl-srv-apply/INFO]:     VK_EXT_private_data (r.1)
09-23 02:26:29.855 31446 31983 I MobileGL: [02:26:29] [Android mgl-srv-apply/INFO]:     VK_EXT_descriptor_buffer (r.1)
09-23 02:26:29.855 31446 31983 I MobileGL: [02:26:29] [Android mgl-srv-apply/INFO]:     VK_EXT_conditional_rendering (r.2)
09-23 02:26:29.855 31446 31983 I MobileGL: [02:26:29] [Android mgl-srv-apply/INFO]:     VK_EXT_mutable_descriptor_type (r.1)
09-23 02:26:29.855 31446 31983 I MobileGL: [02:26:29] [Android mgl-srv-apply/INFO]:     VK_EXT_pipeline_creation_cache_control (r.3)
09-23 02:26:29.855 31446 31983 I MobileGL: [02:26:29] [Android mgl-srv-apply/INFO]:     VK_EXT_robustness2 (r.1)
09-23 02:26:29.855 31446 31983 I MobileGL: [02:26:29] [Android mgl-srv-apply/INFO]:     VK_KHR_shader_clock (r.1)
09-23 02:26:29.855 31446 31983 I MobileGL: [02:26:29] [Android mgl-srv-apply/INFO]:     VK_EXT_shader_module_identifier (r.1)
09-23 02:26:29.855 31446 31983 I MobileGL: [02:26:29] [Android mgl-srv-apply/INFO]:     VK_KHR_vertex_attribute_divisor (r.1)
09-23 02:26:29.855 31446 31983 I MobileGL: [02:26:29] [Android mgl-srv-apply/INFO]:     VK_EXT_global_priority_query (r.1)
09-23 02:26:29.855 31446 31983 I MobileGL: [02:26:29] [Android mgl-srv-apply/INFO]:     VK_EXT_separate_stencil_usage (r.1)
09-23 02:26:29.855 31446 31983 I MobileGL: [02:26:29] [Android mgl-srv-apply/INFO]:     VK_EXT_border_color_swizzle (r.1)
09-23 02:26:29.855 31446 31983 I MobileGL: [02:26:29] [Android mgl-srv-apply/INFO]:     VK_EXT_vertex_input_dynamic_state (r.2)
09-23 02:26:29.855 31446 31983 I MobileGL: [02:26:29] [Android mgl-srv-apply/INFO]:     VK_IMG_filter_cubic (r.1)
09-23 02:26:29.855 31446 31983 I MobileGL: [02:26:29] [Android mgl-srv-apply/INFO]:     VK_EXT_filter_cubic (r.3)
09-23 02:26:29.855 31446 31983 I MobileGL: [02:26:29] [Android mgl-srv-apply/INFO]:     VK_EXT_shader_subgroup_vote (r.1)
09-23 02:26:29.855 31446 31983 I MobileGL: [02:26:29] [Android mgl-srv-apply/INFO]:     VK_EXT_device_address_binding_report (r.1)
09-23 02:26:29.855 31446 31983 I MobileGL: [02:26:29] [Android mgl-srv-apply/INFO]:     VK_NV_optical_flow (r.1)
09-23 02:26:29.855 31446 31983 I MobileGL: [02:26:29] [Android mgl-srv-apply/INFO]:     VK_QCOM_tile_properties (r.1)
09-23 02:26:29.855 31446 31983 I MobileGL: [02:26:29] [Android mgl-srv-apply/INFO]:     VK_KHR_image_format_list (r.1)
09-23 02:26:29.855 31446 31983 I MobileGL: [02:26:29] [Android mgl-srv-apply/INFO]:     VK_EXT_sampler_filter_minmax (r.2)
09-23 02:26:29.855 31446 31983 I MobileGL: [02:26:29] [Android mgl-srv-apply/INFO]:     VK_KHR_16bit_storage (r.1)
09-23 02:26:29.855 31446 31983 I MobileGL: [02:26:29] [Android mgl-srv-apply/INFO]:     VK_EXT_shader_viewport_index_layer (r.1)
09-23 02:26:29.855 31446 31983 I MobileGL: [02:26:29] [Android mgl-srv-apply/INFO]:     VK_KHR_pipeline_executable_properties (r.1)
09-23 02:26:29.855 31446 31983 I MobileGL: [02:26:29] [Android mgl-srv-apply/INFO]:     VK_EXT_shader_demote_to_helper_invocation (r.1)
09-23 02:26:29.855 31446 31983 I MobileGL: [02:26:29] [Android mgl-srv-apply/INFO]:     VK_EXT_color_write_enable (r.1)
09-23 02:26:29.855 31446 31983 I MobileGL: [02:26:29] [Android mgl-srv-apply/INFO]:     VK_KHR_dynamic_rendering_local_read (r.1)
09-23 02:26:29.855 31446 31983 I MobileGL: [02:26:29] [Android mgl-srv-apply/INFO]:     VK_QCOM_render_pass_transform (r.4)
09-23 02:26:29.855 31446 31983 I MobileGL: [02:26:29] [Android mgl-srv-apply/INFO]:     VK_KHR_create_renderpass2 (r.1)
09-23 02:26:29.855 31446 31983 I MobileGL: [02:26:29] [Android mgl-srv-apply/INFO]:     VK_EXT_shader_image_atomic_int64 (r.1)
09-23 02:26:29.855 31446 31983 I MobileGL: [02:26:29] [Android mgl-srv-apply/INFO]:     VK_KHR_acceleration_structure (r.13)
09-23 02:26:29.855 31446 31983 I MobileGL: [02:26:29] [Android mgl-srv-apply/INFO]:     VK_EXT_depth_clip_control (r.1)
09-23 02:26:29.855 31446 31983 I MobileGL: [02:26:29] [Android mgl-srv-apply/INFO]:     VK_EXT_transform_feedback (r.1)
09-23 02:26:29.855 31446 31983 I MobileGL: [02:26:29] [Android mgl-srv-apply/INFO]:     VK_EXT_blend_operation_advanced (r.2)
09-23 02:26:29.855 31446 31983 I MobileGL: [02:26:29] [Android mgl-srv-apply/INFO]:     VK_EXT_provoking_vertex (r.1)
09-23 02:26:29.855 31446 31983 I MobileGL: [02:26:29] [Android mgl-srv-apply/INFO]:     VK_KHR_8bit_storage (r.1)
09-23 02:26:29.855 31446 31983 I MobileGL: [02:26:29] [Android mgl-srv-apply/INFO]:     VK_QCOM_multiview_per_view_render_areas (r.1)
09-23 02:26:29.855 31446 31983 I MobileGL: [02:26:29] [Android mgl-srv-apply/INFO]:     VK_EXT_inline_uniform_block (r.1)
09-23 02:26:29.855 31446 31983 I MobileGL: [02:26:29] [Android mgl-srv-apply/INFO]:     VK_EXT_shader_subgroup_ballot (r.1)
09-23 02:26:29.855 31446 31983 I MobileGL: [02:26:29] [Android mgl-srv-apply/INFO]:     VK_KHR_depth_stencil_resolve (r.1)
09-23 02:26:29.855 31446 31983 I MobileGL: [02:26:29] [Android mgl-srv-apply/INFO]:     VK_KHR_shader_float_controls (r.4)
09-23 02:26:29.855 31446 31983 I MobileGL: [02:26:29] [Android mgl-srv-apply/INFO]:     VK_EXT_texture_compression_astc_hdr (r.1)
09-23 02:26:29.855 31446 31983 I MobileGL: [02:26:29] [Android mgl-srv-apply/INFO]:     VK_EXT_global_priority (r.2)
09-23 02:26:29.855 31446 31983 I MobileGL: [02:26:29] [Android mgl-srv-apply/INFO]:     VK_EXT_4444_formats (r.1)
09-23 02:26:29.855 31446 31983 I MobileGL: [02:26:29] [Android mgl-srv-apply/INFO]:     VK_KHR_shader_draw_parameters (r.1)
09-23 02:26:29.855 31446 31983 I MobileGL: [02:26:29] [Android mgl-srv-apply/INFO]:     VK_KHR_vulkan_memory_model (r.3)
09-23 02:26:29.855 31446 31983 I MobileGL: [02:26:29] [Android mgl-srv-apply/INFO]:     VK_EXT_descriptor_indexing (r.2)
09-23 02:26:29.855 31446 31983 I MobileGL: [02:26:29] [Android mgl-srv-apply/INFO]:     VK_EXT_depth_clip_enable (r.1)
09-23 02:26:29.855 31446 31983 I MobileGL: [02:26:29] [Android mgl-srv-apply/INFO]:     VK_KHR_synchronization2 (r.1)
09-23 02:26:29.855 31446 31983 I MobileGL: [02:26:29] [Android mgl-srv-apply/INFO]:     VK_KHR_shader_integer_dot_product (r.1)
09-23 02:26:29.855 31446 31983 I MobileGL: [02:26:29] [Android mgl-srv-apply/INFO]:     VK_EXT_line_rasterization (r.1)
09-23 02:26:29.855 31446 31983 I MobileGL: [02:26:29] [Android mgl-srv-apply/INFO]:     VK_KHR_line_rasterization (r.1)
09-23 02:26:29.855 31446 31983 I MobileGL: [02:26:29] [Android mgl-srv-apply/INFO]:     VK_QCOM_image_processing (r.1)
09-23 02:26:29.855 31446 31983 I MobileGL: [02:26:29] [Android mgl-srv-apply/INFO]:     VK_KHR_shader_float_controls2 (r.1)
09-23 02:26:29.855 31446 31983 I MobileGL: [02:26:29] [Android mgl-srv-apply/INFO]:     VK_KHR_fragment_shading_rate (r.2)
09-23 02:26:29.855 31446 31983 I MobileGL: [02:26:29] [Android mgl-srv-apply/INFO]:     VK_KHR_descriptor_update_template (r.1)
09-23 02:26:29.855 31446 31983 I MobileGL: [02:26:29] [Android mgl-srv-apply/INFO]:     VK_KHR_draw_indirect_count (r.1)
09-23 02:26:29.855 31446 31983 I MobileGL: [02:26:29] [Android mgl-srv-apply/INFO]:     VK_KHR_driver_properties (r.1)
09-23 02:26:29.855 31446 31983 I MobileGL: [02:26:29] [Android mgl-srv-apply/INFO]:     VK_KHR_ray_tracing_position_fetch (r.1)
09-23 02:26:29.855 31446 31983 I MobileGL: [02:26:29] [Android mgl-srv-apply/INFO]:     VK_KHR_dynamic_rendering (r.1)
09-23 02:26:29.855 31446 31983 I MobileGL: [02:26:29] [Android mgl-srv-apply/INFO]:     VK_KHR_zero_initialize_workgroup_memory (r.1)
09-23 02:26:29.855 31446 31983 I MobileGL: [02:26:29] [Android mgl-srv-apply/INFO]:     VK_KHR_uniform_buffer_standard_layout (r.1)
09-23 02:26:29.855 31446 31983 I MobileGL: [02:26:29] [Android mgl-srv-apply/INFO]:     VK_EXT_depth_clamp_zero_one (r.1)
09-23 02:26:29.855 31446 31983 I MobileGL: [02:26:29] [Android mgl-srv-apply/INFO]:     VK_ANDROID_external_memory_android_hardware_buffer (r.5)
09-23 02:26:29.855 31446 31983 I MobileGL: [02:26:29] [Android mgl-srv-apply/INFO]:     VK_EXT_image_2d_view_of_3d (r.1)
09-23 02:26:29.855 31446 31983 I MobileGL: [02:26:29] [Android mgl-srv-apply/INFO]:     VK_EXT_extended_dynamic_state2 (r.1)
09-23 02:26:29.855 31446 31983 I MobileGL: [02:26:29] [Android mgl-srv-apply/INFO]:     VK_KHR_dedicated_allocation (r.3)
09-23 02:26:29.855 31446 31983 I MobileGL: [02:26:29] [Android mgl-srv-apply/INFO]:     VK_EXT_texel_buffer_alignment (r.1)
09-23 02:26:29.855 31446 31983 I MobileGL: [02:26:29] [Android mgl-srv-apply/INFO]:     VK_EXT_primitive_topology_list_restart (r.1)
09-23 02:26:29.855 31446 31983 I MobileGL: [02:26:29] [Android mgl-srv-apply/INFO]:     VK_EXT_rasterization_order_attachment_access (r.1)
09-23 02:26:29.855 31446 31983 I MobileGL: [02:26:29] [Android mgl-srv-apply/INFO]:     VK_KHR_shader_subgroup_uniform_control_flow (r.1)
09-23 02:26:29.855 31446 31983 I MobileGL: [02:26:29] [Android mgl-srv-apply/INFO]:     VK_EXT_tooling_info (r.1)
09-23 02:26:29.855 31446 31983 I MobileGL: [02:26:29] [Android mgl-srv-apply/INFO]:     VK_KHR_format_feature_flags2 (r.2)
09-23 02:26:29.855 31446 31983 I MobileGL: [02:26:29] [Android mgl-srv-apply/INFO]:     VK_KHR_global_priority (r.1)
09-23 02:26:29.855 31446 31983 I MobileGL: [02:26:29] [Android mgl-srv-apply/INFO]:     VK_EXT_sample_locations (r.1)
09-23 02:26:29.855 31446 31983 I MobileGL: [02:26:29] [Android mgl-srv-apply/INFO]:     VK_EXT_multi_draw (r.1)
09-23 02:26:29.855 31446 31983 I MobileGL: [02:26:29] [Android mgl-srv-apply/INFO]:     VK_KHR_swapchain (r.70)
09-23 02:26:29.856 31446 31983 I MobileGL: [02:26:29] [Android mgl-srv-apply/INFO]:     VK_KHR_sampler_mirror_clamp_to_edge (r.3)
09-23 02:26:29.856 31446 31983 I MobileGL: [02:26:29] [Android mgl-srv-apply/INFO]:     VK_QCOM_image_processing2 (r.1)
09-23 02:26:29.856 31446 31983 I MobileGL: [02:26:29] [Android mgl-srv-apply/INFO]:     VK_KHR_external_fence_fd (r.1)
09-23 02:26:29.856 31446 31983 I MobileGL: [02:26:29] [Android mgl-srv-apply/INFO]: Required extension found: VK_KHR_swapchain
09-23 02:26:29.856 31446 31983 I MobileGL: [02:26:29] [Android mgl-srv-apply/INFO]:     Picked physical device. (Reason: First suitable device)
09-23 02:26:29.856 31446 31983 I MobileGL: [02:26:29] [Android mgl-srv-apply/INFO]: Picked physical device 0.
09-23 02:26:29.856 31446 31983 I MobileGL: [02:26:29] [Android mgl-srv-apply/INFO]: Vulkan: multiViewport enabled; rasterizable viewports=16 (device limit 16, GL state width 16)
09-23 02:26:29.856 31446 31983 I MobileGL: [02:26:29] [Android mgl-srv-apply/INFO]: Enabled optional device extension: VK_KHR_draw_indirect_count
09-23 02:26:29.856 31446 31983 I MobileGL: [02:26:29] [Android mgl-srv-apply/INFO]: Enabled optional device extension: VK_KHR_shader_draw_parameters
09-23 02:26:29.856 31446 31983 I MobileGL: [02:26:29] [Android mgl-srv-apply/INFO]: VK_KHR_image_format_list enabled: true
09-23 02:26:29.856 31446 31983 I MobileGL: [02:26:29] [Android mgl-srv-apply/INFO]: VK_KHR_draw_indirect_count enabled: true
09-23 02:26:29.856 31446 31983 I MobileGL: [02:26:29] [Android mgl-srv-apply/INFO]: Enabled optional device extension: VK_KHR_create_renderpass2
09-23 02:26:29.856 31446 31983 I MobileGL: [02:26:29] [Android mgl-srv-apply/INFO]: Enabled optional device extension: VK_KHR_depth_stencil_resolve
09-23 02:26:29.856 31446 31983 I MobileGL: [02:26:29] [Android mgl-srv-apply/INFO]: Vulkan: update-after-bind descriptor layouts enabled
09-23 02:26:29.856 31446 31983 I MobileGL: [02:26:29] [Android mgl-srv-apply/INFO]: Enabled optional device extension: VK_KHR_index_type_uint8
09-23 02:26:29.856 31446 31983 I MobileGL: [02:26:29] [Android mgl-srv-apply/INFO]: Enabled optional device extension: VK_EXT_primitive_topology_list_restart
09-23 02:26:29.856 31446 31983 I MobileGL: [02:26:29] [Android mgl-srv-apply/INFO]: Enabled optional device extension: VK_EXT_custom_border_color (maxCustomBorderColorSamplers=4000)
09-23 02:26:29.856 31446 31983 I MobileGL: [02:26:29] [Android mgl-srv-apply/INFO]: Enabled optional device extension: VK_EXT_subgroup_size_control (computeFullSubgroups)
09-23 02:26:29.856 31446 31983 I MobileGL: [02:26:29] [Android mgl-srv-apply/INFO]: Enabled optional device extension: VK_EXT_transform_feedback
09-23 02:26:29.856 31446 31983 I MobileGL: [02:26:29] [Android mgl-srv-apply/INFO]: Enabled optional device extension: VK_EXT_provoking_vertex (transformFeedbackPreservesProvokingVertex=false)
09-23 02:26:29.856 31446 31983 I MobileGL: [02:26:29] [Android mgl-srv-apply/INFO]: Enabled optional device extension: VK_EXT_vertex_attribute_divisor
09-23 02:26:29.856 31446 31983 I MobileGL: [02:26:29] [Android mgl-srv-apply/INFO]: Enabled optional device extension: VK_EXT_multi_draw (maxMultiDrawCount=1024)
09-23 02:26:29.857 31446 31983 I MobileGL: [02:26:29] [Android mgl-srv-apply/INFO]: Device feature support: robustBufferAccess=true geometryShader=true independentBlend=true logicOp=true shaderClipDistance=true shaderCullDistance=true wideLines=true shaderInt64=true vertexStoresAtomics=true fragmentStoresAtomics=true storageImageExtendedFormats=true storageImageReadWithoutFormat=true storageImageWriteWithoutFormat=true drawIndirectFirstInstance=true multiDrawIndirect=true
09-23 02:26:29.857 31446 31983 I MobileGL: [02:26:29] [Android mgl-srv-apply/INFO]: Device feature enabled: robustBufferAccess=true geometryShader=true independentBlend=true logicOp=true shaderClipDistance=true shaderCullDistance=true wideLines=true shaderInt64=true vertexStoresAtomics=true fragmentStoresAtomics=true storageImageExtendedFormats=true storageImageReadWithoutFormat=true storageImageWriteWithoutFormat=true drawIndirectFirstInstance=true multiDrawIndirect=true shaderDrawParameters=true
09-23 02:26:29.858 31446 31983 I MobileGL: [02:26:29] [Android mgl-srv-apply/INFO]: Multi-draw dispatch tier: ext (VK_EXT_multi_draw=true, multiDrawIndirect=true, mode=auto)
09-23 02:26:29.858 31446 31983 I MobileGL: [02:26:29] [Android mgl-srv-apply/INFO]: index type uint8 enabled: true
09-23 02:26:29.858 31446 31983 I MobileGL: [02:26:29] [Android mgl-srv-apply/INFO]: Logical device created.
09-23 02:26:29.858 31446 31983 I MobileGL: [02:26:29] [Android mgl-srv-apply/INFO]: Queues got successfully.
09-23 02:26:29.858 31446 31983 I MobileGL: [02:26:29] [Android mgl-srv-apply/INFO]: Timer queries supported (timestampValidBits=48, timestampPeriod=52.083332 ns/tick)
09-23 02:26:29.858 31446 31983 I MobileGL: [02:26:29] [Android mgl-srv-apply/INFO]: PRIMITIVES_GENERATED probe triangles: drawn=1 stream=0/1 pgq=0(0) stat=1(1)
09-23 02:26:29.858 31446 31983 I MobileGL: [02:26:29] [Android mgl-srv-apply/INFO]: PRIMITIVES_GENERATED probe triangles+discard: drawn=1 stream=0/1 pgq=0(0) stat=0(1)
09-23 02:26:29.858 31446 31983 I MobileGL: [02:26:29] [Android mgl-srv-apply/INFO]: PRIMITIVES_GENERATED probe patches+discard: drawn=1 stream=0/1 pgq=0(0) stat=0(1)
09-23 02:26:29.858 31446 31983 I MobileGL: [02:26:29] [Android mgl-srv-apply/INFO]: PRIMITIVES_GENERATED for XFB-inactive draws will accumulate through a clipping-invocations pipeline-statistics pool
09-23 02:26:29.858 31446 31983 I MobileGL: [02:26:29] [Android mgl-srv-apply/INFO]: Command pool created
09-23 02:26:29.858 31446 31983 I MobileGL: [02:26:29] [Android mgl-srv-apply/INFO]: MaxFramesInFlight: configured request=3
09-23 02:26:29.858 31446 31983 I MobileGL: [02:26:29] [Android mgl-srv-apply/INFO]: MaxFramesInFlight: using 3 (surface minImageCount=11, maxImageCount=64)
09-23 02:26:29.858 31446 31983 I MobileGL: [02:26:29] [Android mgl-srv-apply/INFO]: CreateFrameContexts completed
09-23 02:26:29.858 31446 31983 I MobileGL: [02:26:29] [Android mgl-srv-apply/INFO]: DirectVulkan: using 256 program descriptor bindings
09-23 02:26:29.859 31446 31983 I MobileGL: [02:26:29] [Android mgl-srv-apply/INFO]: Got 5 surface formats:
09-23 02:26:29.859 31446 31983 I MobileGL: [02:26:29] [Android mgl-srv-apply/INFO]: Picked surface format: [VK_FORMAT_R8G8B8A8_UNORM, VK_COLOR_SPACE_SRGB_NONLINEAR_KHR]
09-23 02:26:29.859 31446 31983 I MobileGL: [02:26:29] [Android mgl-srv-apply/INFO]: Got 4 present modes:
09-23 02:26:29.859 31446 31983 I MobileGL: [02:26:29] [Android mgl-srv-apply/INFO]: Picked present mode: VK_PRESENT_MODE_MAILBOX_KHR
09-23 02:26:29.859 31446 31983 I MobileGL: [02:26:29] [Android mgl-srv-apply/INFO]: Set minImageCount = 11
09-23 02:26:29.859 31446 31983 I MobileGL: [02:26:29] [Android mgl-srv-apply/INFO]: Swapchain currentTransform = VK_SURFACE_TRANSFORM_IDENTITY_BIT_KHR
09-23 02:26:29.859 31446 31983 I MobileGL: [02:26:29] [Android mgl-srv-apply/INFO]: Swapchain imageUsage = 0x13 (supportedUsageFlags = 0x9f)
09-23 02:26:29.859 31446 31983 I MobileGL: [02:26:29] [Android mgl-srv-apply/INFO]: Set swapchain preTransform = VK_SURFACE_TRANSFORM_IDENTITY_BIT_KHR
09-23 02:26:29.861 31446 31983 I MobileGL: [02:26:29] [Android mgl-srv-apply/INFO]: Swapchain image views created
09-23 02:26:29.864 31446 31983 I MobileGL: [02:26:29] [Android mgl-srv-apply/INFO]: Swapchain created, extent = 854x480, swapchain imageCount = 11
09-23 02:26:29.864 31446 31983 I MobileGL: [02:26:29] [Android mgl-srv-apply/INFO]: DirectVulkan: suppressing depth writes on accumulation-blended pipelines (driver lacks cross-pipeline position invariance)
09-23 02:26:29.865 31446 31983 I MobileGL: [02:26:29] [Android mgl-srv-apply/INFO]: Vulkan shader subgroup support: detected=true advertised=true size=64 stages=0x30 operations=0x2bf
09-23 02:26:29.865 31446 31983 I MobileGL: [02:26:29] [Android mgl-srv-apply/INFO]: DirectVulkan: clamped GL_MAX_COMPUTE_SHADER_STORAGE_BLOCKS from 16777216 to 256
09-23 02:26:29.865 31446 31983 I MobileGL: [02:26:29] [Android mgl-srv-apply/INFO]: DirectVulkan: clamped GL_MAX_COMBINED_SHADER_STORAGE_BLOCKS from 16777216 to 256
09-23 02:26:29.865 31446 31983 I MobileGL: [02:26:29] [Android mgl-srv-apply/INFO]: DirectVulkan: clamped GL_MAX_COMPUTE_UNIFORM_BLOCKS from 16777216 to 256
09-23 02:26:29.865 31446 31983 I MobileGL: [02:26:29] [Android mgl-srv-apply/INFO]: DirectVulkan: clamped GL_MAX_SHADER_STORAGE_BUFFER_BINDINGS from 16777216 to 256
09-23 02:26:29.865 31446 31983 I MobileGL: [02:26:29] [Android mgl-srv-apply/INFO]: DirectVulkan: clamped GL_MAX_UNIFORM_BUFFER_BINDINGS from 16777216 to 256
09-23 02:26:29.865 31446 31983 I MobileGL: [02:26:29] [Android mgl-srv-apply/INFO]: DirectVulkan: clamped GL_MAX_SHADER_STORAGE_BLOCK_SIZE from 2147483647 to 536870912
09-23 02:26:29.867 31446 31983 I MobileGL: [02:26:29] [Android mgl-srv-apply/INFO]: Vulkan shader subgroup support: detected=true advertised=true size=64 stages=0x30 operations=0x2bf
09-23 02:26:29.867 31446 31983 I MobileGL: [02:26:29] [Android mgl-srv-apply/INFO]: DirectVulkan: clamped GL_MAX_COMPUTE_SHADER_STORAGE_BLOCKS from 16777216 to 256
09-23 02:26:29.867 31446 31983 I MobileGL: [02:26:29] [Android mgl-srv-apply/INFO]: DirectVulkan: clamped GL_MAX_COMBINED_SHADER_STORAGE_BLOCKS from 16777216 to 256
09-23 02:26:29.867 31446 31983 I MobileGL: [02:26:29] [Android mgl-srv-apply/INFO]: DirectVulkan: clamped GL_MAX_COMPUTE_UNIFORM_BLOCKS from 16777216 to 256
09-23 02:26:29.867 31446 31983 I MobileGL: [02:26:29] [Android mgl-srv-apply/INFO]: DirectVulkan: clamped GL_MAX_SHADER_STORAGE_BUFFER_BINDINGS from 16777216 to 256
09-23 02:26:29.867 31446 31983 I MobileGL: [02:26:29] [Android mgl-srv-apply/INFO]: DirectVulkan: clamped GL_MAX_UNIFORM_BUFFER_BINDINGS from 16777216 to 256
09-23 02:26:29.867 31446 31983 I MobileGL: [02:26:29] [Android mgl-srv-apply/INFO]: DirectVulkan: clamped GL_MAX_SHADER_STORAGE_BLOCK_SIZE from 2147483647 to 536870912
09-23 02:26:29.869 31446 31982 I MobileGL: [02:26:29] [Android MobileGLTraceRe/INFO]: MG_Remote client: CapsMirror generation 4 adopted (backend=1, callMask=0x3fff00000470)
09-23 02:26:29.869 31446 31982 I MobileGL: [02:26:29] [Android MobileGLTraceRe/INFO]: MG_Remote client: format capabilities filled from caps mirror generation 4
09-23 02:26:29.869 31446 31982 I MobileGL: [02:26:29] [Android MobileGLTraceRe/INFO]: MG_Remote client: CapsMirror generation 5 adopted (backend=1, callMask=0x3fff00000470)
09-23 02:26:29.869 31446 31982 I MobileGL: [02:26:29] [Android MobileGLTraceRe/INFO]: MG_Remote client: format capabilities filled from caps mirror generation 5
09-23 02:26:29.970 31446 31982 W MobileGL: [02:26:29] [Android MobileGLTraceRe/WARN]: Stub function: glDebugMessageControl(...)
09-23 02:26:30.893 31446 31983 W MobileGL: [02:26:30] [Android mgl-srv-apply/WARN]: GetOrCreatePipeline: patching vertex input location=3 format=82 -> 80 to match shader input type=35664 for program=17
09-23 02:26:30.912 31446 31982 I libc    : handling signal: 11
09-23 02:26:30.912 31446 31982 F libc    : Fatal signal 11 (SIGSEGV), code 2 (SEGV_ACCERR), fault addr 0x739de43000 in tid 31982 (MobileGLTraceRe), pid 31446 (ugin.p7w1.trace)
09-23 02:26:30.913 31446 31982 I libc    : debuggerd_dispatch_pseudothread start. crashing tid: 31982
09-23 02:26:30.934 31446 31982 I libc    : crash_dump pid: 32002
09-23 02:26:30.958 32002 32002 W libc    : Access denied finding property "persist.vendor.track.malloc.enable"
09-23 02:26:30.958 32002 32002 W libc    : Access denied finding property "persist.vendor.fd.monitor.enable"
09-23 02:26:31.234 32004 32004 F DEBUG   : pid: 31446, tid: 31982, name: MobileGLTraceRe  >>> top.mobilegl.plugin.p7w1.trace <<<
09-23 02:26:31.234 32004 32004 F DEBUG   :       #00 pc 0000000000099034  /apex/com.android.runtime/lib64/bionic/libc.so (__memcpy_aarch64_nt+308) (BuildId: 223a572c9f034c6a9337d8b3bedc75f3)
09-23 02:26:31.235 32004 32004 F DEBUG   :       #01 pc 0000000000691c80  /data/app/~~GTtJpgg4160VWYt1KJ1Fww==/top.mobilegl.plugin.p7w1.trace-yro313nlE_p3MnRQTGbTyQ==/lib/arm64/libtrace_replay_runner.so (BuildId: 3d06283277788e3c03041ce7ad63185ec723ff9c)
09-23 02:26:31.235 32004 32004 F DEBUG   :       #02 pc 00000000004614b0  /data/app/~~GTtJpgg4160VWYt1KJ1Fww==/top.mobilegl.plugin.p7w1.trace-yro313nlE_p3MnRQTGbTyQ==/lib/arm64/libtrace_replay_runner.so (BuildId: 3d06283277788e3c03041ce7ad63185ec723ff9c)
09-23 02:26:31.235 32004 32004 F DEBUG   :       #03 pc 00000000004602cc  /data/app/~~GTtJpgg4160VWYt1KJ1Fww==/top.mobilegl.plugin.p7w1.trace-yro313nlE_p3MnRQTGbTyQ==/lib/arm64/libtrace_replay_runner.so (mobilegl_apitrace_main+5072) (BuildId: 3d06283277788e3c03041ce7ad63185ec723ff9c)
09-23 02:26:31.235 32004 32004 F DEBUG   :       #04 pc 000000000045042c  /data/app/~~GTtJpgg4160VWYt1KJ1Fww==/top.mobilegl.plugin.p7w1.trace-yro313nlE_p3MnRQTGbTyQ==/lib/arm64/libtrace_replay_runner.so (BuildId: 3d06283277788e3c03041ce7ad63185ec723ff9c)
09-23 02:26:31.235 32004 32004 F DEBUG   :       #05 pc 000000000044ee68  /data/app/~~GTtJpgg4160VWYt1KJ1Fww==/top.mobilegl.plugin.p7w1.trace-yro313nlE_p3MnRQTGbTyQ==/lib/arm64/libtrace_replay_runner.so (mobilegl_trace::RunTraceReplay(mobilegl_trace::Request const&)+3176) (BuildId: 3d06283277788e3c03041ce7ad63185ec723ff9c)
09-23 02:26:31.235 32004 32004 F DEBUG   :       #06 pc 0000000000455178  /data/app/~~GTtJpgg4160VWYt1KJ1Fww==/top.mobilegl.plugin.p7w1.trace-yro313nlE_p3MnRQTGbTyQ==/lib/arm64/libtrace_replay_runner.so (Java_top_mobilegl_plugin_trace_TraceReplayActivity_nativeRunTraceReplay+2068) (BuildId: 3d06283277788e3c03041ce7ad63185ec723ff9c)
09-23 02:26:31.236 32004 32004 F DEBUG   :       #41 pc 0000000000082d74  /apex/com.android.runtime/lib64/bionic/libc.so (__pthread_start(void*)+184) (BuildId: 223a572c9f034c6a9337d8b3bedc75f3)
09-23 02:26:31.236 32004 32004 F DEBUG   :       #42 pc 00000000000751f0  /apex/com.android.runtime/lib64/bionic/libc.so (__start_thread+68) (BuildId: 223a572c9f034c6a9337d8b3bedc75f3)
09-23 02:26:31.278 32004 32004 I libc    : tombstoned_notify_completion, socket: 8
09-23 02:26:31.292  4411  5837 D RecentsTaskLoader: reloadTasksData [TaskKey{id=294, stackId=0, baseIntent=Intent { act=top.mobilegl.plugin.TRACE_REPLAY flg=0x10000000 cmp=top.mobilegl.plugin.p7w1.trace/top.mobilegl.plugin.trace.TraceReplayActivity }, userId=0, lastActiveTime=1246550, windowingMode=1, isThumbnailBlur=false, isAccessLocked=false, isScreening=false, topActivity=null, mHashCode=9682106}, title=MobileGL, titleDescription=MobileGL, bounds=null, isLaunchTarget=false, isStackTask=true, isSystemApp=false, isDockable=true, baseActivity=null, isLocked=false, mNeedHide=false, hasMultipleTasks=false, cti1Key=, cti2Key=, cti1Task=, cti2Task=] 
09-23 02:26:31.296  6687  7097 D DigestGenerator: digest=============The device has been root;The device bootloader is unlocked;com.topjohnwu.magisk have been installed;top.mobilegl.plugin.p7w1.trace /apex/com.android.runtime/lib/bionic/libc.so (__memcpy_aarch_nt+) ()
09-23 02:26:31.296  6687  7097 D DigestGenerator:  XXlib/arm/libtrace_replay_runner.so ()
09-23 02:26:31.296  6687  7097 D DigestGenerator:  XXlib/arm/libtrace_replay_runner.so ()
09-23 02:26:31.296  6687  7097 D DigestGenerator:  XXlib/arm/libtrace_replay_runner.so (mobilegl_apitrace_main+) ()
09-23 02:26:31.296  6687  7097 D DigestGenerator:  XXlib/arm/libtrace_replay_runner.so ()
09-23 02:26:31.296  6687  7097 D DigestGenerator:  XXlib/arm/libtrace_replay_runner.so (mobilegl_trace::RunTraceReplay(mobilegl_trace::Request const&)+) ()
09-23 02:26:31.296  6687  7097 D DigestGenerator:  XXlib/arm/libtrace_replay_runner.so (Java_top_mobilegl_plugin_trace_TraceReplayActivity_nativeRunTraceReplay+) ()
09-23 02:26:31.296  6687  7097 D DigestGenerator:  /apex/com.android.runtime/lib/bionic/libc.so (__pthread_start(void*)+) ()
09-23 02:26:31.296  6687  7097 D DigestGenerator:  /apex/com.android.runtime/lib/bionic/libc.so (__start_thread+) ()
09-23 02:26:31.354  3176  3422 I libc    : kill: send 9 to pid -31446
09-23 02:26:31.354  3176  3422 I libc    : debug pid reuse, real pid -31446
09-23 02:26:31.377  2024  2024 W libc    : Access denied finding property "vendor.gpp.create_frc_extension"
09-23 02:26:31.403  4411  4411 I WindowAnimParamsProvider: getClosingWindowAnimParams getClosingShortcutIcon task before=  [TaskKey{id=294, stackId=0, baseIntent=Intent { act=top.mobilegl.plugin.TRACE_REPLAY flg=0x10000000 cmp=top.mobilegl.plugin.p7w1.trace/top.mobilegl.plugin.trace.TraceReplayActivity }, userId=0, lastActiveTime=1246550, windowingMode=1, isThumbnailBlur=false, isAccessLocked=false, isScreening=false, topActivity=null, mHashCode=9682106}, title=MobileGL, titleDescription=MobileGL, bounds=null, isLaunchTarget=false, isStackTask=true, isSystemApp=false, isDockable=true, baseActivity=null, isLocked=false, mNeedHide=false, hasMultipleTasks=false, cti1Key=, cti2Key=, cti1Task=, cti2Task=] 
09-23 02:26:31.403  4411  4411 I WindowAnimParamsProvider: getClosingWindowAnimParams getClosingShortcutIcon task after=  [TaskKey{id=294, stackId=0, baseIntent=Intent { act=top.mobilegl.plugin.TRACE_REPLAY flg=0x10000000 cmp=top.mobilegl.plugin.p7w1.trace/top.mobilegl.plugin.trace.TraceReplayActivity }, userId=0, lastActiveTime=1246550, windowingMode=1, isThumbnailBlur=false, isAccessLocked=false, isScreening=false, topActivity=null, mHashCode=9682106}, title=MobileGL, titleDescription=MobileGL, bounds=null, isLaunchTarget=false, isStackTask=true, isSystemApp=false, isDockable=true, baseActivity=null, isLocked=false, mNeedHide=false, hasMultipleTasks=false, cti1Key=, cti2Key=, cti1Task=, cti2Task=] 
09-23 02:26:31.403  4411  4411 I WindowAnimParamsProvider: getUserIdFromRemoteTarget task before=  [TaskKey{id=294, stackId=0, baseIntent=Intent { act=top.mobilegl.plugin.TRACE_REPLAY flg=0x10000000 cmp=top.mobilegl.plugin.p7w1.trace/top.mobilegl.plugin.trace.TraceReplayActivity }, userId=0, lastActiveTime=1246550, windowingMode=1, isThumbnailBlur=false, isAccessLocked=false, isScreening=false, topActivity=null, mHashCode=9682106}, title=MobileGL, titleDescription=MobileGL, bounds=null, isLaunchTarget=false, isStackTask=true, isSystemApp=false, isDockable=true, baseActivity=null, isLocked=false, mNeedHide=false, hasMultipleTasks=false, cti1Key=, cti2Key=, cti1Task=, cti2Task=] 
09-23 02:26:31.403  4411  4411 I WindowAnimParamsProvider: getUserIdFromRemoteTarget task after=  [TaskKey{id=294, stackId=0, baseIntent=Intent { act=top.mobilegl.plugin.TRACE_REPLAY flg=0x10000000 cmp=top.mobilegl.plugin.p7w1.trace/top.mobilegl.plugin.trace.TraceReplayActivity }, userId=0, lastActiveTime=1246550, windowingMode=1, isThumbnailBlur=false, isAccessLocked=false, isScreening=false, topActivity=null, mHashCode=9682106}, title=MobileGL, titleDescription=MobileGL, bounds=null, isLaunchTarget=false, isStackTask=true, isSystemApp=false, isDockable=true, baseActivity=null, isLocked=false, mNeedHide=false, hasMultipleTasks=false, cti1Key=, cti2Key=, cti1Task=, cti2Task=] 
trace-replay-ci.sh: app trace-replay files:
/data/user/0/top.mobilegl.plugin.p7w1.trace/files/trace-replay:
total 12
drwxrwxrwx 4 u0_a318 u0_a318 3452 2026-09-23 02:26 .
drwxrwxrwx 3 u0_a318 u0_a318 3452 2026-09-23 02:26 ..
drwxrwxrwx 2 u0_a318 u0_a318 3452 2026-09-23 02:26 input
drwxrwxrwx 2 u0_a318 u0_a318 3452 2026-09-23 02:26 output

/data/user/0/top.mobilegl.plugin.p7w1.trace/files/trace-replay/input:
total 7826
drwxrwxrwx 2 u0_a318 u0_a318    3452 2026-09-23 02:26 .
drwxrwxrwx 4 u0_a318 u0_a318    3452 2026-09-23 02:26 ..
-rw-r--r-- 1 u0_a318 u0_a318  280621 2026-09-23 02:26 golden.png
-rw-r--r-- 1 u0_a318 u0_a318 7713946 2026-09-23 02:26 trace.trace

/data/user/0/top.mobilegl.plugin.p7w1.trace/files/trace-replay/output:
total 62
drwxrwxrwx 2 u0_a318 u0_a318  3452 2026-09-23 02:26 .
drwxrwxrwx 4 u0_a318 u0_a318  3452 2026-09-23 02:26 ..
-rw------- 1 u0_a318 u0_a318  7393 2026-09-23 02:26 mobilegl.client.log
-rw------- 1 u0_a318 u0_a318 45053 2026-09-23 02:26 mobilegl.server.log
-rw------- 1 u0_a318 u0_a318   107 2026-09-23 02:26 retrace.log
archived repeat 1 to .trace-work\p7w1\E0a-inproc\minecraft-1.21.1-neoforge-create-instancing-in-world-DirectVulkan\repeat-01
C:\Users\geekerwan\AndroidStudioProjects\FoldCraftLauncher\MobileGL-disagg\.trace-work\android-retrace-summary\mobilegl-android-retrace-overview.html
=== Android retrace: improved-transparency-minecraft-26.3 / DirectVulkan (repeat 1/1) ===
C:\Users\geekerwan\AndroidStudioProjects\FoldCraftLauncher\MobileGL-disagg\.trace-work\android-retrace-fixture\improved-transparency-minecraft-26.3\trace.trace: 1 file pushed, 0 skipped. 22.1 MB/s (14404890 bytes in 0.621s)
C:\Users\geekerwan\AndroidStudioProjects\FoldCraftLauncher\MobileGL-disagg\tools\trace_replay\fixtures\improved-transparency-minecraft-26.3.0002667619.png: 1 file pushed, 0 skipped. 70.3 MB/s (368306 bytes in 0.005s)
Starting: Intent { act=top.mobilegl.plugin.TRACE_REPLAY cmp=top.mobilegl.plugin.p7w1.trace/top.mobilegl.plugin.trace.TraceReplayActivity (has extras) }
trace-replay-ci.sh: app process exited before result.json was created
trace-replay-ci.sh: retrace.log:
/system/bin/app_process64
renderableType = 8
apitrace: warning: caught signal 11
7682: error: caught an unhandled exception
trace-replay-ci.sh: tail of mobilegl.log:
[02:26:35] [Android mgl-srv-apply/INFO]:     VK_KHR_external_memory_fd (r.1)
[02:26:35] [Android mgl-srv-apply/INFO]:     VK_QCOM_render_pass_shader_resolve (r.4)
[02:26:35] [Android mgl-srv-apply/INFO]:     VK_KHR_maintenance1 (r.2)
[02:26:35] [Android mgl-srv-apply/INFO]:     VK_KHR_maintenance2 (r.1)
[02:26:35] [Android mgl-srv-apply/INFO]:     VK_KHR_maintenance3 (r.1)
[02:26:35] [Android mgl-srv-apply/INFO]:     VK_KHR_maintenance4 (r.2)
[02:26:35] [Android mgl-srv-apply/INFO]:     VK_KHR_maintenance5 (r.1)
[02:26:35] [Android mgl-srv-apply/INFO]:     VK_KHR_maintenance6 (r.1)
[02:26:35] [Android mgl-srv-apply/INFO]:     VK_KHR_separate_depth_stencil_layouts (r.1)
[02:26:35] [Android mgl-srv-apply/INFO]:     VK_EXT_image_robustness (r.1)
[02:26:35] [Android mgl-srv-apply/INFO]:     VK_EXT_calibrated_timestamps (r.2)
[02:26:35] [Android mgl-srv-apply/INFO]:     VK_KHR_buffer_device_address (r.1)
[02:26:35] [Android mgl-srv-apply/INFO]:     VK_EXT_extended_dynamic_state (r.1)
[02:26:35] [Android mgl-srv-apply/INFO]:     VK_EXT_queue_family_foreign (r.1)
[02:26:35] [Android mgl-srv-apply/INFO]:     VK_KHR_shader_quad_control (r.1)
[02:26:35] [Android mgl-srv-apply/INFO]:     VK_EXT_image_view_min_lod (r.1)
[02:26:35] [Android mgl-srv-apply/INFO]:     VK_ANDROID_external_format_resolve (r.1)
[02:26:35] [Android mgl-srv-apply/INFO]:     VK_QCOM_ycbcr_degamma (r.1)
[02:26:35] [Android mgl-srv-apply/INFO]:     VK_KHR_bind_memory2 (r.1)
[02:26:35] [Android mgl-srv-apply/INFO]:     VK_EXT_pipeline_protected_access (r.1)
[02:26:35] [Android mgl-srv-apply/INFO]:     VK_KHR_external_semaphore (r.1)
[02:26:35] [Android mgl-srv-apply/INFO]:     VK_KHR_shader_terminate_invocation (r.1)
[02:26:35] [Android mgl-srv-apply/INFO]:     VK_QCOM_fragment_density_map_offset (r.2)
[02:26:35] [Android mgl-srv-apply/INFO]:     VK_EXT_scalar_block_layout (r.1)
[02:26:35] [Android mgl-srv-apply/INFO]:     VK_KHR_map_memory2 (r.1)
[02:26:35] [Android mgl-srv-apply/INFO]:     VK_EXT_load_store_op_none (r.1)
[02:26:35] [Android mgl-srv-apply/INFO]:     VK_KHR_load_store_op_none (r.1)
[02:26:35] [Android mgl-srv-apply/INFO]:     VK_KHR_shader_maximal_reconvergence (r.1)
[02:26:35] [Android mgl-srv-apply/INFO]:     VK_KHR_sampler_ycbcr_conversion (r.14)
[02:26:35] [Android mgl-srv-apply/INFO]:     VK_EXT_vertex_attribute_divisor (r.3)
[02:26:35] [Android mgl-srv-apply/INFO]:     VK_KHR_variable_pointers (r.1)
[02:26:35] [Android mgl-srv-apply/INFO]:     VK_QCOM_multiview_per_view_viewports (r.1)
[02:26:35] [Android mgl-srv-apply/INFO]:     VK_KHR_ray_query (r.1)
[02:26:35] [Android mgl-srv-apply/INFO]:     VK_EXT_primitives_generated_query (r.1)
[02:26:35] [Android mgl-srv-apply/INFO]:     VK_KHR_push_descriptor (r.2)
[02:26:35] [Android mgl-srv-apply/INFO]:     VK_KHR_timeline_semaphore (r.2)
[02:26:35] [Android mgl-srv-apply/INFO]:     VK_EXT_device_memory_report (r.2)
[02:26:35] [Android mgl-srv-apply/INFO]:     VK_KHR_shader_subgroup_rotate (r.2)
[02:26:35] [Android mgl-srv-apply/INFO]:     VK_KHR_imageless_framebuffer (r.1)
[02:26:35] [Android mgl-srv-apply/INFO]:     VK_KHR_device_group (r.4)
[02:26:35] [Android mgl-srv-apply/INFO]:     VK_EXT_device_fault (r.2)
[02:26:35] [Android mgl-srv-apply/INFO]:     VK_KHR_relaxed_block_layout (r.1)
[02:26:35] [Android mgl-srv-apply/INFO]:     VK_KHR_shader_expect_assume (r.1)
[02:26:35] [Android mgl-srv-apply/INFO]:     VK_KHR_shader_atomic_int64 (r.1)
[02:26:35] [Android mgl-srv-apply/INFO]:     VK_KHR_external_fence (r.1)
[02:26:35] [Android mgl-srv-apply/INFO]:     VK_KHR_shader_non_semantic_info (r.1)
[02:26:35] [Android mgl-srv-apply/INFO]:     VK_EXT_shader_atomic_float (r.1)
[02:26:35] [Android mgl-srv-apply/INFO]:     VK_EXT_custom_border_color (r.12)
[02:26:35] [Android mgl-srv-apply/INFO]:     VK_EXT_host_query_reset (r.1)
[02:26:35] [Android mgl-srv-apply/INFO]:     VK_EXT_index_type_uint8 (r.1)
[02:26:35] [Android mgl-srv-apply/INFO]:     VK_KHR_multiview (r.1)
[02:26:35] [Android mgl-srv-apply/INFO]:     VK_KHR_storage_buffer_storage_class (r.1)
[02:26:35] [Android mgl-srv-apply/INFO]:     VK_EXT_fragment_density_map2 (r.1)
[02:26:35] [Android mgl-srv-apply/INFO]:     VK_QCOM_filter_cubic_weights (r.1)
[02:26:35] [Android mgl-srv-apply/INFO]:     VK_KHR_workgroup_memory_explicit_layout (r.1)
[02:26:35] [Android mgl-srv-apply/INFO]:     VK_QCOM_rotated_copy_commands (r.2)
[02:26:35] [Android mgl-srv-apply/INFO]:     VK_KHR_shader_subgroup_extended_types (r.1)
[02:26:35] [Android mgl-srv-apply/INFO]:     VK_EXT_external_memory_acquire_unmodified (r.1)
[02:26:35] [Android mgl-srv-apply/INFO]:     VK_EXT_private_data (r.1)
[02:26:35] [Android mgl-srv-apply/INFO]:     VK_EXT_descriptor_buffer (r.1)
[02:26:35] [Android mgl-srv-apply/INFO]:     VK_EXT_conditional_rendering (r.2)
[02:26:35] [Android mgl-srv-apply/INFO]:     VK_EXT_mutable_descriptor_type (r.1)
[02:26:35] [Android mgl-srv-apply/INFO]:     VK_EXT_pipeline_creation_cache_control (r.3)
[02:26:35] [Android mgl-srv-apply/INFO]:     VK_EXT_robustness2 (r.1)
[02:26:35] [Android mgl-srv-apply/INFO]:     VK_KHR_shader_clock (r.1)
[02:26:35] [Android mgl-srv-apply/INFO]:     VK_EXT_shader_module_identifier (r.1)
[02:26:35] [Android mgl-srv-apply/INFO]:     VK_KHR_vertex_attribute_divisor (r.1)
[02:26:35] [Android mgl-srv-apply/INFO]:     VK_EXT_global_priority_query (r.1)
[02:26:35] [Android mgl-srv-apply/INFO]:     VK_EXT_separate_stencil_usage (r.1)
[02:26:35] [Android mgl-srv-apply/INFO]:     VK_EXT_border_color_swizzle (r.1)
[02:26:35] [Android mgl-srv-apply/INFO]:     VK_EXT_vertex_input_dynamic_state (r.2)
[02:26:35] [Android mgl-srv-apply/INFO]:     VK_IMG_filter_cubic (r.1)
[02:26:35] [Android mgl-srv-apply/INFO]:     VK_EXT_filter_cubic (r.3)
[02:26:35] [Android mgl-srv-apply/INFO]:     VK_EXT_shader_subgroup_vote (r.1)
[02:26:35] [Android mgl-srv-apply/INFO]:     VK_EXT_device_address_binding_report (r.1)
[02:26:35] [Android mgl-srv-apply/INFO]:     VK_NV_optical_flow (r.1)
[02:26:35] [Android mgl-srv-apply/INFO]:     VK_QCOM_tile_properties (r.1)
[02:26:35] [Android mgl-srv-apply/INFO]:     VK_KHR_image_format_list (r.1)
[02:26:35] [Android mgl-srv-apply/INFO]:     VK_EXT_sampler_filter_minmax (r.2)
[02:26:35] [Android mgl-srv-apply/INFO]:     VK_KHR_16bit_storage (r.1)
[02:26:35] [Android mgl-srv-apply/INFO]:     VK_EXT_shader_viewport_index_layer (r.1)
[02:26:35] [Android mgl-srv-apply/INFO]:     VK_KHR_pipeline_executable_properties (r.1)
[02:26:35] [Android mgl-srv-apply/INFO]:     VK_EXT_shader_demote_to_helper_invocation (r.1)
[02:26:35] [Android mgl-srv-apply/INFO]:     VK_EXT_color_write_enable (r.1)
[02:26:35] [Android mgl-srv-apply/INFO]:     VK_KHR_dynamic_rendering_local_read (r.1)
[02:26:35] [Android mgl-srv-apply/INFO]:     VK_QCOM_render_pass_transform (r.4)
[02:26:35] [Android mgl-srv-apply/INFO]:     VK_KHR_create_renderpass2 (r.1)
[02:26:35] [Android mgl-srv-apply/INFO]:     VK_EXT_shader_image_atomic_int64 (r.1)
[02:26:35] [Android mgl-srv-apply/INFO]:     VK_KHR_acceleration_structure (r.13)
[02:26:35] [Android mgl-srv-apply/INFO]:     VK_EXT_depth_clip_control (r.1)
[02:26:35] [Android mgl-srv-apply/INFO]:     VK_EXT_transform_feedback (r.1)
[02:26:35] [Android mgl-srv-apply/INFO]:     VK_EXT_blend_operation_advanced (r.2)
[02:26:35] [Android mgl-srv-apply/INFO]:     VK_EXT_provoking_vertex (r.1)
[02:26:35] [Android mgl-srv-apply/INFO]:     VK_KHR_8bit_storage (r.1)
[02:26:35] [Android mgl-srv-apply/INFO]:     VK_QCOM_multiview_per_view_render_areas (r.1)
[02:26:35] [Android mgl-srv-apply/INFO]:     VK_EXT_inline_uniform_block (r.1)
[02:26:35] [Android mgl-srv-apply/INFO]:     VK_EXT_shader_subgroup_ballot (r.1)
[02:26:35] [Android mgl-srv-apply/INFO]:     VK_KHR_depth_stencil_resolve (r.1)
[02:26:35] [Android mgl-srv-apply/INFO]:     VK_KHR_shader_float_controls (r.4)
[02:26:35] [Android mgl-srv-apply/INFO]:     VK_EXT_texture_compression_astc_hdr (r.1)
[02:26:35] [Android mgl-srv-apply/INFO]:     VK_EXT_global_priority (r.2)
[02:26:35] [Android mgl-srv-apply/INFO]:     VK_EXT_4444_formats (r.1)
[02:26:35] [Android mgl-srv-apply/INFO]:     VK_KHR_shader_draw_parameters (r.1)
[02:26:35] [Android mgl-srv-apply/INFO]:     VK_KHR_vulkan_memory_model (r.3)
[02:26:35] [Android mgl-srv-apply/INFO]:     VK_EXT_descriptor_indexing (r.2)
[02:26:35] [Android mgl-srv-apply/INFO]:     VK_EXT_depth_clip_enable (r.1)
[02:26:35] [Android mgl-srv-apply/INFO]:     VK_KHR_synchronization2 (r.1)
[02:26:35] [Android mgl-srv-apply/INFO]:     VK_KHR_shader_integer_dot_product (r.1)
[02:26:35] [Android mgl-srv-apply/INFO]:     VK_EXT_line_rasterization (r.1)
[02:26:35] [Android mgl-srv-apply/INFO]:     VK_KHR_line_rasterization (r.1)
[02:26:35] [Android mgl-srv-apply/INFO]:     VK_QCOM_image_processing (r.1)
[02:26:35] [Android mgl-srv-apply/INFO]:     VK_KHR_shader_float_controls2 (r.1)
[02:26:35] [Android mgl-srv-apply/INFO]:     VK_KHR_fragment_shading_rate (r.2)
[02:26:35] [Android mgl-srv-apply/INFO]:     VK_KHR_descriptor_update_template (r.1)
[02:26:35] [Android mgl-srv-apply/INFO]:     VK_KHR_draw_indirect_count (r.1)
[02:26:35] [Android mgl-srv-apply/INFO]:     VK_KHR_driver_properties (r.1)
[02:26:35] [Android mgl-srv-apply/INFO]:     VK_KHR_ray_tracing_position_fetch (r.1)
[02:26:35] [Android mgl-srv-apply/INFO]:     VK_KHR_dynamic_rendering (r.1)
[02:26:35] [Android mgl-srv-apply/INFO]:     VK_KHR_zero_initialize_workgroup_memory (r.1)
[02:26:35] [Android mgl-srv-apply/INFO]:     VK_KHR_uniform_buffer_standard_layout (r.1)
[02:26:35] [Android mgl-srv-apply/INFO]:     VK_EXT_depth_clamp_zero_one (r.1)
[02:26:35] [Android mgl-srv-apply/INFO]:     VK_ANDROID_external_memory_android_hardware_buffer (r.5)
[02:26:35] [Android mgl-srv-apply/INFO]:     VK_EXT_image_2d_view_of_3d (r.1)
[02:26:35] [Android mgl-srv-apply/INFO]:     VK_EXT_extended_dynamic_state2 (r.1)
[02:26:35] [Android mgl-srv-apply/INFO]:     VK_KHR_dedicated_allocation (r.3)
[02:26:35] [Android mgl-srv-apply/INFO]:     VK_EXT_texel_buffer_alignment (r.1)
[02:26:35] [Android mgl-srv-apply/INFO]:     VK_EXT_primitive_topology_list_restart (r.1)
[02:26:35] [Android mgl-srv-apply/INFO]:     VK_EXT_rasterization_order_attachment_access (r.1)
[02:26:35] [Android mgl-srv-apply/INFO]:     VK_KHR_shader_subgroup_uniform_control_flow (r.1)
[02:26:35] [Android mgl-srv-apply/INFO]:     VK_EXT_tooling_info (r.1)
[02:26:35] [Android mgl-srv-apply/INFO]:     VK_KHR_format_feature_flags2 (r.2)
[02:26:35] [Android mgl-srv-apply/INFO]:     VK_KHR_global_priority (r.1)
[02:26:35] [Android mgl-srv-apply/INFO]:     VK_EXT_sample_locations (r.1)
[02:26:35] [Android mgl-srv-apply/INFO]:     VK_EXT_multi_draw (r.1)
[02:26:35] [Android mgl-srv-apply/INFO]:     VK_KHR_swapchain (r.70)
[02:26:35] [Android mgl-srv-apply/INFO]:     VK_KHR_sampler_mirror_clamp_to_edge (r.3)
[02:26:35] [Android mgl-srv-apply/INFO]:     VK_QCOM_image_processing2 (r.1)
[02:26:35] [Android mgl-srv-apply/INFO]:     VK_KHR_external_fence_fd (r.1)
[02:26:35] [Android mgl-srv-apply/INFO]: Required extension found: VK_KHR_swapchain
[02:26:35] [Android mgl-srv-apply/INFO]:     Picked physical device. (Reason: First suitable device)
[02:26:35] [Android mgl-srv-apply/INFO]: Picked physical device 0.
[02:26:35] [Android mgl-srv-apply/INFO]: Vulkan: multiViewport enabled; rasterizable viewports=16 (device limit 16, GL state width 16)
[02:26:35] [Android mgl-srv-apply/INFO]: Enabled optional device extension: VK_KHR_draw_indirect_count
[02:26:35] [Android mgl-srv-apply/INFO]: Enabled optional device extension: VK_KHR_shader_draw_parameters
[02:26:35] [Android mgl-srv-apply/INFO]: VK_KHR_image_format_list enabled: true
[02:26:35] [Android mgl-srv-apply/INFO]: VK_KHR_draw_indirect_count enabled: true
[02:26:35] [Android mgl-srv-apply/INFO]: Enabled optional device extension: VK_KHR_create_renderpass2
[02:26:35] [Android mgl-srv-apply/INFO]: Enabled optional device extension: VK_KHR_depth_stencil_resolve
[02:26:35] [Android mgl-srv-apply/INFO]: Vulkan: update-after-bind descriptor layouts enabled
[02:26:35] [Android mgl-srv-apply/INFO]: Enabled optional device extension: VK_KHR_index_type_uint8
[02:26:35] [Android mgl-srv-apply/INFO]: Enabled optional device extension: VK_EXT_primitive_topology_list_restart
[02:26:35] [Android mgl-srv-apply/INFO]: Enabled optional device extension: VK_EXT_custom_border_color (maxCustomBorderColorSamplers=4000)
[02:26:35] [Android mgl-srv-apply/INFO]: Enabled optional device extension: VK_EXT_subgroup_size_control (computeFullSubgroups)
[02:26:35] [Android mgl-srv-apply/INFO]: Enabled optional device extension: VK_EXT_transform_feedback
[02:26:35] [Android mgl-srv-apply/INFO]: Enabled optional device extension: VK_EXT_provoking_vertex (transformFeedbackPreservesProvokingVertex=false)
[02:26:35] [Android mgl-srv-apply/INFO]: Enabled optional device extension: VK_EXT_vertex_attribute_divisor
[02:26:35] [Android mgl-srv-apply/INFO]: Enabled optional device extension: VK_EXT_multi_draw (maxMultiDrawCount=1024)
[02:26:35] [Android mgl-srv-apply/INFO]: Device feature support: robustBufferAccess=true geometryShader=true independentBlend=true logicOp=true shaderClipDistance=true shaderCullDistance=true wideLines=true shaderInt64=true vertexStoresAtomics=true fragmentStoresAtomics=true storageImageExtendedFormats=true storageImageReadWithoutFormat=true storageImageWriteWithoutFormat=true drawIndirectFirstInstance=true multiDrawIndirect=true
[02:26:35] [Android mgl-srv-apply/INFO]: Device feature enabled: robustBufferAccess=true geometryShader=true independentBlend=true logicOp=true shaderClipDistance=true shaderCullDistance=true wideLines=true shaderInt64=true vertexStoresAtomics=true fragmentStoresAtomics=true storageImageExtendedFormats=true storageImageReadWithoutFormat=true storageImageWriteWithoutFormat=true drawIndirectFirstInstance=true multiDrawIndirect=true shaderDrawParameters=true
[02:26:35] [Android mgl-srv-apply/INFO]: Multi-draw dispatch tier: ext (VK_EXT_multi_draw=true, multiDrawIndirect=true, mode=auto)
[02:26:35] [Android mgl-srv-apply/INFO]: index type uint8 enabled: true
[02:26:35] [Android mgl-srv-apply/INFO]: Logical device created.
[02:26:35] [Android mgl-srv-apply/INFO]: Queues got successfully.
[02:26:35] [Android mgl-srv-apply/INFO]: Timer queries supported (timestampValidBits=48, timestampPeriod=52.083332 ns/tick)
[02:26:35] [Android mgl-srv-apply/INFO]: PRIMITIVES_GENERATED probe triangles: drawn=1 stream=0/1 pgq=0(0) stat=1(1)
[02:26:35] [Android mgl-srv-apply/INFO]: PRIMITIVES_GENERATED probe triangles+discard: drawn=1 stream=0/1 pgq=0(0) stat=0(1)
[02:26:35] [Android mgl-srv-apply/INFO]: PRIMITIVES_GENERATED probe patches+discard: drawn=1 stream=0/1 pgq=0(0) stat=0(1)
[02:26:35] [Android mgl-srv-apply/INFO]: PRIMITIVES_GENERATED for XFB-inactive draws will accumulate through a clipping-invocations pipeline-statistics pool
[02:26:35] [Android mgl-srv-apply/INFO]: Command pool created
[02:26:35] [Android mgl-srv-apply/INFO]: MaxFramesInFlight: configured request=3
[02:26:35] [Android mgl-srv-apply/INFO]: MaxFramesInFlight: using 3 (surface minImageCount=11, maxImageCount=64)
[02:26:35] [Android mgl-srv-apply/INFO]: CreateFrameContexts completed
[02:26:35] [Android mgl-srv-apply/INFO]: DirectVulkan: using 256 program descriptor bindings
[02:26:35] [Android mgl-srv-apply/INFO]: Got 5 surface formats:
[02:26:35] [Android mgl-srv-apply/INFO]: Picked surface format: [VK_FORMAT_R8G8B8A8_UNORM, VK_COLOR_SPACE_SRGB_NONLINEAR_KHR]
[02:26:35] [Android mgl-srv-apply/INFO]: Got 4 present modes:
[02:26:35] [Android mgl-srv-apply/INFO]: Picked present mode: VK_PRESENT_MODE_MAILBOX_KHR
[02:26:35] [Android mgl-srv-apply/INFO]: Set minImageCount = 11
[02:26:35] [Android mgl-srv-apply/INFO]: Swapchain currentTransform = VK_SURFACE_TRANSFORM_IDENTITY_BIT_KHR
[02:26:35] [Android mgl-srv-apply/INFO]: Swapchain imageUsage = 0x13 (supportedUsageFlags = 0x9f)
[02:26:35] [Android mgl-srv-apply/INFO]: Set swapchain preTransform = VK_SURFACE_TRANSFORM_IDENTITY_BIT_KHR
[02:26:35] [Android mgl-srv-apply/INFO]: Swapchain image views created
[02:26:35] [Android mgl-srv-apply/INFO]: Swapchain created, extent = 854x480, swapchain imageCount = 11
[02:26:35] [Android mgl-srv-apply/INFO]: DirectVulkan: suppressing depth writes on accumulation-blended pipelines (driver lacks cross-pipeline position invariance)
[02:26:35] [Android mgl-srv-apply/INFO]: Vulkan shader subgroup support: detected=true advertised=true size=64 stages=0x30 operations=0x2bf
[02:26:35] [Android mgl-srv-apply/INFO]: DirectVulkan: clamped GL_MAX_COMPUTE_SHADER_STORAGE_BLOCKS from 16777216 to 256
[02:26:35] [Android mgl-srv-apply/INFO]: DirectVulkan: clamped GL_MAX_COMBINED_SHADER_STORAGE_BLOCKS from 16777216 to 256
[02:26:35] [Android mgl-srv-apply/INFO]: DirectVulkan: clamped GL_MAX_COMPUTE_UNIFORM_BLOCKS from 16777216 to 256
[02:26:35] [Android mgl-srv-apply/INFO]: DirectVulkan: clamped GL_MAX_SHADER_STORAGE_BUFFER_BINDINGS from 16777216 to 256
[02:26:35] [Android mgl-srv-apply/INFO]: DirectVulkan: clamped GL_MAX_UNIFORM_BUFFER_BINDINGS from 16777216 to 256
[02:26:35] [Android mgl-srv-apply/INFO]: DirectVulkan: clamped GL_MAX_SHADER_STORAGE_BLOCK_SIZE from 2147483647 to 536870912
[02:26:35] [Android mgl-srv-apply/ERROR]: NormalizePixelFormat: outFormat: unhandled internalFormat: GL_STENCIL_INDEX8
[02:26:35] [Android mgl-srv-apply/ERROR]: NormalizePixelFormat: outType: unhandled internalFormat: GL_STENCIL_INDEX8
[02:26:35] [Android mgl-srv-apply/INFO]: Vulkan shader subgroup support: detected=true advertised=true size=64 stages=0x30 operations=0x2bf
[02:26:35] [Android mgl-srv-apply/INFO]: DirectVulkan: clamped GL_MAX_COMPUTE_SHADER_STORAGE_BLOCKS from 16777216 to 256
[02:26:35] [Android mgl-srv-apply/INFO]: DirectVulkan: clamped GL_MAX_COMBINED_SHADER_STORAGE_BLOCKS from 16777216 to 256
[02:26:35] [Android mgl-srv-apply/INFO]: DirectVulkan: clamped GL_MAX_COMPUTE_UNIFORM_BLOCKS from 16777216 to 256
[02:26:35] [Android mgl-srv-apply/INFO]: DirectVulkan: clamped GL_MAX_SHADER_STORAGE_BUFFER_BINDINGS from 16777216 to 256
[02:26:35] [Android mgl-srv-apply/INFO]: DirectVulkan: clamped GL_MAX_UNIFORM_BUFFER_BINDINGS from 16777216 to 256
[02:26:35] [Android mgl-srv-apply/INFO]: DirectVulkan: clamped GL_MAX_SHADER_STORAGE_BLOCK_SIZE from 2147483647 to 536870912
trace-replay-ci.sh: recent relevant logcat lines:
09-23 02:26:35.176 31655 32155 I MobileGL: [02:26:35] [Android mgl-srv-apply/INFO]:     VK_KHR_relaxed_block_layout (r.1)
09-23 02:26:35.176 31655 32155 I MobileGL: [02:26:35] [Android mgl-srv-apply/INFO]:     VK_KHR_shader_expect_assume (r.1)
09-23 02:26:35.176 31655 32155 I MobileGL: [02:26:35] [Android mgl-srv-apply/INFO]:     VK_KHR_shader_atomic_int64 (r.1)
09-23 02:26:35.176 31655 32155 I MobileGL: [02:26:35] [Android mgl-srv-apply/INFO]:     VK_KHR_external_fence (r.1)
09-23 02:26:35.176 31655 32155 I MobileGL: [02:26:35] [Android mgl-srv-apply/INFO]:     VK_KHR_shader_non_semantic_info (r.1)
09-23 02:26:35.176 31655 32155 I MobileGL: [02:26:35] [Android mgl-srv-apply/INFO]:     VK_EXT_shader_atomic_float (r.1)
09-23 02:26:35.176 31655 32155 I MobileGL: [02:26:35] [Android mgl-srv-apply/INFO]:     VK_EXT_custom_border_color (r.12)
09-23 02:26:35.176 31655 32155 I MobileGL: [02:26:35] [Android mgl-srv-apply/INFO]:     VK_EXT_host_query_reset (r.1)
09-23 02:26:35.176 31655 32155 I MobileGL: [02:26:35] [Android mgl-srv-apply/INFO]:     VK_EXT_index_type_uint8 (r.1)
09-23 02:26:35.176 31655 32155 I MobileGL: [02:26:35] [Android mgl-srv-apply/INFO]:     VK_KHR_multiview (r.1)
09-23 02:26:35.176 31655 32155 I MobileGL: [02:26:35] [Android mgl-srv-apply/INFO]:     VK_KHR_storage_buffer_storage_class (r.1)
09-23 02:26:35.176 31655 32155 I MobileGL: [02:26:35] [Android mgl-srv-apply/INFO]:     VK_EXT_fragment_density_map2 (r.1)
09-23 02:26:35.176 31655 32155 I MobileGL: [02:26:35] [Android mgl-srv-apply/INFO]:     VK_QCOM_filter_cubic_weights (r.1)
09-23 02:26:35.176 31655 32155 I MobileGL: [02:26:35] [Android mgl-srv-apply/INFO]:     VK_KHR_workgroup_memory_explicit_layout (r.1)
09-23 02:26:35.176 31655 32155 I MobileGL: [02:26:35] [Android mgl-srv-apply/INFO]:     VK_QCOM_rotated_copy_commands (r.2)
09-23 02:26:35.176 31655 32155 I MobileGL: [02:26:35] [Android mgl-srv-apply/INFO]:     VK_KHR_shader_subgroup_extended_types (r.1)
09-23 02:26:35.176 31655 32155 I MobileGL: [02:26:35] [Android mgl-srv-apply/INFO]:     VK_EXT_external_memory_acquire_unmodified (r.1)
09-23 02:26:35.176 31655 32155 I MobileGL: [02:26:35] [Android mgl-srv-apply/INFO]:     VK_EXT_private_data (r.1)
09-23 02:26:35.176 31655 32155 I MobileGL: [02:26:35] [Android mgl-srv-apply/INFO]:     VK_EXT_descriptor_buffer (r.1)
09-23 02:26:35.176 31655 32155 I MobileGL: [02:26:35] [Android mgl-srv-apply/INFO]:     VK_EXT_conditional_rendering (r.2)
09-23 02:26:35.176 31655 32155 I MobileGL: [02:26:35] [Android mgl-srv-apply/INFO]:     VK_EXT_mutable_descriptor_type (r.1)
09-23 02:26:35.176 31655 32155 I MobileGL: [02:26:35] [Android mgl-srv-apply/INFO]:     VK_EXT_pipeline_creation_cache_control (r.3)
09-23 02:26:35.176 31655 32155 I MobileGL: [02:26:35] [Android mgl-srv-apply/INFO]:     VK_EXT_robustness2 (r.1)
09-23 02:26:35.176 31655 32155 I MobileGL: [02:26:35] [Android mgl-srv-apply/INFO]:     VK_KHR_shader_clock (r.1)
09-23 02:26:35.176 31655 32155 I MobileGL: [02:26:35] [Android mgl-srv-apply/INFO]:     VK_EXT_shader_module_identifier (r.1)
09-23 02:26:35.176 31655 32155 I MobileGL: [02:26:35] [Android mgl-srv-apply/INFO]:     VK_KHR_vertex_attribute_divisor (r.1)
09-23 02:26:35.176 31655 32155 I MobileGL: [02:26:35] [Android mgl-srv-apply/INFO]:     VK_EXT_global_priority_query (r.1)
09-23 02:26:35.176 31655 32155 I MobileGL: [02:26:35] [Android mgl-srv-apply/INFO]:     VK_EXT_separate_stencil_usage (r.1)
09-23 02:26:35.176 31655 32155 I MobileGL: [02:26:35] [Android mgl-srv-apply/INFO]:     VK_EXT_border_color_swizzle (r.1)
09-23 02:26:35.176 31655 32155 I MobileGL: [02:26:35] [Android mgl-srv-apply/INFO]:     VK_EXT_vertex_input_dynamic_state (r.2)
09-23 02:26:35.176 31655 32155 I MobileGL: [02:26:35] [Android mgl-srv-apply/INFO]:     VK_IMG_filter_cubic (r.1)
09-23 02:26:35.176 31655 32155 I MobileGL: [02:26:35] [Android mgl-srv-apply/INFO]:     VK_EXT_filter_cubic (r.3)
09-23 02:26:35.176 31655 32155 I MobileGL: [02:26:35] [Android mgl-srv-apply/INFO]:     VK_EXT_shader_subgroup_vote (r.1)
09-23 02:26:35.176 31655 32155 I MobileGL: [02:26:35] [Android mgl-srv-apply/INFO]:     VK_EXT_device_address_binding_report (r.1)
09-23 02:26:35.176 31655 32155 I MobileGL: [02:26:35] [Android mgl-srv-apply/INFO]:     VK_NV_optical_flow (r.1)
09-23 02:26:35.176 31655 32155 I MobileGL: [02:26:35] [Android mgl-srv-apply/INFO]:     VK_QCOM_tile_properties (r.1)
09-23 02:26:35.176 31655 32155 I MobileGL: [02:26:35] [Android mgl-srv-apply/INFO]:     VK_KHR_image_format_list (r.1)
09-23 02:26:35.176 31655 32155 I MobileGL: [02:26:35] [Android mgl-srv-apply/INFO]:     VK_EXT_sampler_filter_minmax (r.2)
09-23 02:26:35.176 31655 32155 I MobileGL: [02:26:35] [Android mgl-srv-apply/INFO]:     VK_KHR_16bit_storage (r.1)
09-23 02:26:35.176 31655 32155 I MobileGL: [02:26:35] [Android mgl-srv-apply/INFO]:     VK_EXT_shader_viewport_index_layer (r.1)
09-23 02:26:35.176 31655 32155 I MobileGL: [02:26:35] [Android mgl-srv-apply/INFO]:     VK_KHR_pipeline_executable_properties (r.1)
09-23 02:26:35.176 31655 32155 I MobileGL: [02:26:35] [Android mgl-srv-apply/INFO]:     VK_EXT_shader_demote_to_helper_invocation (r.1)
09-23 02:26:35.176 31655 32155 I MobileGL: [02:26:35] [Android mgl-srv-apply/INFO]:     VK_EXT_color_write_enable (r.1)
09-23 02:26:35.176 31655 32155 I MobileGL: [02:26:35] [Android mgl-srv-apply/INFO]:     VK_KHR_dynamic_rendering_local_read (r.1)
09-23 02:26:35.176 31655 32155 I MobileGL: [02:26:35] [Android mgl-srv-apply/INFO]:     VK_QCOM_render_pass_transform (r.4)
09-23 02:26:35.176 31655 32155 I MobileGL: [02:26:35] [Android mgl-srv-apply/INFO]:     VK_KHR_create_renderpass2 (r.1)
09-23 02:26:35.176 31655 32155 I MobileGL: [02:26:35] [Android mgl-srv-apply/INFO]:     VK_EXT_shader_image_atomic_int64 (r.1)
09-23 02:26:35.176 31655 32155 I MobileGL: [02:26:35] [Android mgl-srv-apply/INFO]:     VK_KHR_acceleration_structure (r.13)
09-23 02:26:35.176 31655 32155 I MobileGL: [02:26:35] [Android mgl-srv-apply/INFO]:     VK_EXT_depth_clip_control (r.1)
09-23 02:26:35.176 31655 32155 I MobileGL: [02:26:35] [Android mgl-srv-apply/INFO]:     VK_EXT_transform_feedback (r.1)
09-23 02:26:35.176 31655 32155 I MobileGL: [02:26:35] [Android mgl-srv-apply/INFO]:     VK_EXT_blend_operation_advanced (r.2)
09-23 02:26:35.176 31655 32155 I MobileGL: [02:26:35] [Android mgl-srv-apply/INFO]:     VK_EXT_provoking_vertex (r.1)
09-23 02:26:35.176 31655 32155 I MobileGL: [02:26:35] [Android mgl-srv-apply/INFO]:     VK_KHR_8bit_storage (r.1)
09-23 02:26:35.176 31655 32155 I MobileGL: [02:26:35] [Android mgl-srv-apply/INFO]:     VK_QCOM_multiview_per_view_render_areas (r.1)
09-23 02:26:35.176 31655 32155 I MobileGL: [02:26:35] [Android mgl-srv-apply/INFO]:     VK_EXT_inline_uniform_block (r.1)
09-23 02:26:35.176 31655 32155 I MobileGL: [02:26:35] [Android mgl-srv-apply/INFO]:     VK_EXT_shader_subgroup_ballot (r.1)
09-23 02:26:35.176 31655 32155 I MobileGL: [02:26:35] [Android mgl-srv-apply/INFO]:     VK_KHR_depth_stencil_resolve (r.1)
09-23 02:26:35.176 31655 32155 I MobileGL: [02:26:35] [Android mgl-srv-apply/INFO]:     VK_KHR_shader_float_controls (r.4)
09-23 02:26:35.176 31655 32155 I MobileGL: [02:26:35] [Android mgl-srv-apply/INFO]:     VK_EXT_texture_compression_astc_hdr (r.1)
09-23 02:26:35.176 31655 32155 I MobileGL: [02:26:35] [Android mgl-srv-apply/INFO]:     VK_EXT_global_priority (r.2)
09-23 02:26:35.176 31655 32155 I MobileGL: [02:26:35] [Android mgl-srv-apply/INFO]:     VK_EXT_4444_formats (r.1)
09-23 02:26:35.176 31655 32155 I MobileGL: [02:26:35] [Android mgl-srv-apply/INFO]:     VK_KHR_shader_draw_parameters (r.1)
09-23 02:26:35.176 31655 32155 I MobileGL: [02:26:35] [Android mgl-srv-apply/INFO]:     VK_KHR_vulkan_memory_model (r.3)
09-23 02:26:35.176 31655 32155 I MobileGL: [02:26:35] [Android mgl-srv-apply/INFO]:     VK_EXT_descriptor_indexing (r.2)
09-23 02:26:35.176 31655 32155 I MobileGL: [02:26:35] [Android mgl-srv-apply/INFO]:     VK_EXT_depth_clip_enable (r.1)
09-23 02:26:35.176 31655 32155 I MobileGL: [02:26:35] [Android mgl-srv-apply/INFO]:     VK_KHR_synchronization2 (r.1)
09-23 02:26:35.176 31655 32155 I MobileGL: [02:26:35] [Android mgl-srv-apply/INFO]:     VK_KHR_shader_integer_dot_product (r.1)
09-23 02:26:35.176 31655 32155 I MobileGL: [02:26:35] [Android mgl-srv-apply/INFO]:     VK_EXT_line_rasterization (r.1)
09-23 02:26:35.176 31655 32155 I MobileGL: [02:26:35] [Android mgl-srv-apply/INFO]:     VK_KHR_line_rasterization (r.1)
09-23 02:26:35.176 31655 32155 I MobileGL: [02:26:35] [Android mgl-srv-apply/INFO]:     VK_QCOM_image_processing (r.1)
09-23 02:26:35.176 31655 32155 I MobileGL: [02:26:35] [Android mgl-srv-apply/INFO]:     VK_KHR_shader_float_controls2 (r.1)
09-23 02:26:35.176 31655 32155 I MobileGL: [02:26:35] [Android mgl-srv-apply/INFO]:     VK_KHR_fragment_shading_rate (r.2)
09-23 02:26:35.176 31655 32155 I MobileGL: [02:26:35] [Android mgl-srv-apply/INFO]:     VK_KHR_descriptor_update_template (r.1)
09-23 02:26:35.176 31655 32155 I MobileGL: [02:26:35] [Android mgl-srv-apply/INFO]:     VK_KHR_draw_indirect_count (r.1)
09-23 02:26:35.176 31655 32155 I MobileGL: [02:26:35] [Android mgl-srv-apply/INFO]:     VK_KHR_driver_properties (r.1)
09-23 02:26:35.176 31655 32155 I MobileGL: [02:26:35] [Android mgl-srv-apply/INFO]:     VK_KHR_ray_tracing_position_fetch (r.1)
09-23 02:26:35.176 31655 32155 I MobileGL: [02:26:35] [Android mgl-srv-apply/INFO]:     VK_KHR_dynamic_rendering (r.1)
09-23 02:26:35.176 31655 32155 I MobileGL: [02:26:35] [Android mgl-srv-apply/INFO]:     VK_KHR_zero_initialize_workgroup_memory (r.1)
09-23 02:26:35.176 31655 32155 I MobileGL: [02:26:35] [Android mgl-srv-apply/INFO]:     VK_KHR_uniform_buffer_standard_layout (r.1)
09-23 02:26:35.176 31655 32155 I MobileGL: [02:26:35] [Android mgl-srv-apply/INFO]:     VK_EXT_depth_clamp_zero_one (r.1)
09-23 02:26:35.176 31655 32155 I MobileGL: [02:26:35] [Android mgl-srv-apply/INFO]:     VK_ANDROID_external_memory_android_hardware_buffer (r.5)
09-23 02:26:35.176 31655 32155 I MobileGL: [02:26:35] [Android mgl-srv-apply/INFO]:     VK_EXT_image_2d_view_of_3d (r.1)
09-23 02:26:35.176 31655 32155 I MobileGL: [02:26:35] [Android mgl-srv-apply/INFO]:     VK_EXT_extended_dynamic_state2 (r.1)
09-23 02:26:35.176 31655 32155 I MobileGL: [02:26:35] [Android mgl-srv-apply/INFO]:     VK_KHR_dedicated_allocation (r.3)
09-23 02:26:35.176 31655 32155 I MobileGL: [02:26:35] [Android mgl-srv-apply/INFO]:     VK_EXT_texel_buffer_alignment (r.1)
09-23 02:26:35.176 31655 32155 I MobileGL: [02:26:35] [Android mgl-srv-apply/INFO]:     VK_EXT_primitive_topology_list_restart (r.1)
09-23 02:26:35.176 31655 32155 I MobileGL: [02:26:35] [Android mgl-srv-apply/INFO]:     VK_EXT_rasterization_order_attachment_access (r.1)
09-23 02:26:35.176 31655 32155 I MobileGL: [02:26:35] [Android mgl-srv-apply/INFO]:     VK_KHR_shader_subgroup_uniform_control_flow (r.1)
09-23 02:26:35.176 31655 32155 I MobileGL: [02:26:35] [Android mgl-srv-apply/INFO]:     VK_EXT_tooling_info (r.1)
09-23 02:26:35.176 31655 32155 I MobileGL: [02:26:35] [Android mgl-srv-apply/INFO]:     VK_KHR_format_feature_flags2 (r.2)
09-23 02:26:35.176 31655 32155 I MobileGL: [02:26:35] [Android mgl-srv-apply/INFO]:     VK_KHR_global_priority (r.1)
09-23 02:26:35.176 31655 32155 I MobileGL: [02:26:35] [Android mgl-srv-apply/INFO]:     VK_EXT_sample_locations (r.1)
09-23 02:26:35.176 31655 32155 I MobileGL: [02:26:35] [Android mgl-srv-apply/INFO]:     VK_EXT_multi_draw (r.1)
09-23 02:26:35.177 31655 32155 I MobileGL: [02:26:35] [Android mgl-srv-apply/INFO]:     VK_KHR_swapchain (r.70)
09-23 02:26:35.177 31655 32155 I MobileGL: [02:26:35] [Android mgl-srv-apply/INFO]:     VK_KHR_sampler_mirror_clamp_to_edge (r.3)
09-23 02:26:35.177 31655 32155 I MobileGL: [02:26:35] [Android mgl-srv-apply/INFO]:     VK_QCOM_image_processing2 (r.1)
09-23 02:26:35.177 31655 32155 I MobileGL: [02:26:35] [Android mgl-srv-apply/INFO]:     VK_KHR_external_fence_fd (r.1)
09-23 02:26:35.177 31655 32155 I MobileGL: [02:26:35] [Android mgl-srv-apply/INFO]: Required extension found: VK_KHR_swapchain
09-23 02:26:35.177 31655 32155 I MobileGL: [02:26:35] [Android mgl-srv-apply/INFO]:     Picked physical device. (Reason: First suitable device)
09-23 02:26:35.177 31655 32155 I MobileGL: [02:26:35] [Android mgl-srv-apply/INFO]: Picked physical device 0.
09-23 02:26:35.177 31655 32155 I MobileGL: [02:26:35] [Android mgl-srv-apply/INFO]: Vulkan: multiViewport enabled; rasterizable viewports=16 (device limit 16, GL state width 16)
09-23 02:26:35.177 31655 32155 I MobileGL: [02:26:35] [Android mgl-srv-apply/INFO]: Enabled optional device extension: VK_KHR_draw_indirect_count
09-23 02:26:35.177 31655 32155 I MobileGL: [02:26:35] [Android mgl-srv-apply/INFO]: Enabled optional device extension: VK_KHR_shader_draw_parameters
09-23 02:26:35.177 31655 32155 I MobileGL: [02:26:35] [Android mgl-srv-apply/INFO]: VK_KHR_image_format_list enabled: true
09-23 02:26:35.177 31655 32155 I MobileGL: [02:26:35] [Android mgl-srv-apply/INFO]: VK_KHR_draw_indirect_count enabled: true
09-23 02:26:35.177 31655 32155 I MobileGL: [02:26:35] [Android mgl-srv-apply/INFO]: Enabled optional device extension: VK_KHR_create_renderpass2
09-23 02:26:35.177 31655 32155 I MobileGL: [02:26:35] [Android mgl-srv-apply/INFO]: Enabled optional device extension: VK_KHR_depth_stencil_resolve
09-23 02:26:35.177 31655 32155 I MobileGL: [02:26:35] [Android mgl-srv-apply/INFO]: Vulkan: update-after-bind descriptor layouts enabled
09-23 02:26:35.177 31655 32155 I MobileGL: [02:26:35] [Android mgl-srv-apply/INFO]: Enabled optional device extension: VK_KHR_index_type_uint8
09-23 02:26:35.177 31655 32155 I MobileGL: [02:26:35] [Android mgl-srv-apply/INFO]: Enabled optional device extension: VK_EXT_primitive_topology_list_restart
09-23 02:26:35.177 31655 32155 I MobileGL: [02:26:35] [Android mgl-srv-apply/INFO]: Enabled optional device extension: VK_EXT_custom_border_color (maxCustomBorderColorSamplers=4000)
09-23 02:26:35.177 31655 32155 I MobileGL: [02:26:35] [Android mgl-srv-apply/INFO]: Enabled optional device extension: VK_EXT_subgroup_size_control (computeFullSubgroups)
09-23 02:26:35.177 31655 32155 I MobileGL: [02:26:35] [Android mgl-srv-apply/INFO]: Enabled optional device extension: VK_EXT_transform_feedback
09-23 02:26:35.177 31655 32155 I MobileGL: [02:26:35] [Android mgl-srv-apply/INFO]: Enabled optional device extension: VK_EXT_provoking_vertex (transformFeedbackPreservesProvokingVertex=false)
09-23 02:26:35.177 31655 32155 I MobileGL: [02:26:35] [Android mgl-srv-apply/INFO]: Enabled optional device extension: VK_EXT_vertex_attribute_divisor
09-23 02:26:35.177 31655 32155 I MobileGL: [02:26:35] [Android mgl-srv-apply/INFO]: Enabled optional device extension: VK_EXT_multi_draw (maxMultiDrawCount=1024)
09-23 02:26:35.177 31655 32155 I MobileGL: [02:26:35] [Android mgl-srv-apply/INFO]: Device feature support: robustBufferAccess=true geometryShader=true independentBlend=true logicOp=true shaderClipDistance=true shaderCullDistance=true wideLines=true shaderInt64=true vertexStoresAtomics=true fragmentStoresAtomics=true storageImageExtendedFormats=true storageImageReadWithoutFormat=true storageImageWriteWithoutFormat=true drawIndirectFirstInstance=true multiDrawIndirect=true
09-23 02:26:35.177 31655 32155 I MobileGL: [02:26:35] [Android mgl-srv-apply/INFO]: Device feature enabled: robustBufferAccess=true geometryShader=true independentBlend=true logicOp=true shaderClipDistance=true shaderCullDistance=true wideLines=true shaderInt64=true vertexStoresAtomics=true fragmentStoresAtomics=true storageImageExtendedFormats=true storageImageReadWithoutFormat=true storageImageWriteWithoutFormat=true drawIndirectFirstInstance=true multiDrawIndirect=true shaderDrawParameters=true
09-23 02:26:35.179 31655 32155 I MobileGL: [02:26:35] [Android mgl-srv-apply/INFO]: Multi-draw dispatch tier: ext (VK_EXT_multi_draw=true, multiDrawIndirect=true, mode=auto)
09-23 02:26:35.179 31655 32155 I MobileGL: [02:26:35] [Android mgl-srv-apply/INFO]: index type uint8 enabled: true
09-23 02:26:35.179 31655 32155 I MobileGL: [02:26:35] [Android mgl-srv-apply/INFO]: Logical device created.
09-23 02:26:35.179 31655 32155 I MobileGL: [02:26:35] [Android mgl-srv-apply/INFO]: Queues got successfully.
09-23 02:26:35.179 31655 32155 I MobileGL: [02:26:35] [Android mgl-srv-apply/INFO]: Timer queries supported (timestampValidBits=48, timestampPeriod=52.083332 ns/tick)
09-23 02:26:35.197 31655 32155 I MobileGL: [02:26:35] [Android mgl-srv-apply/INFO]: PRIMITIVES_GENERATED probe triangles: drawn=1 stream=0/1 pgq=0(0) stat=1(1)
09-23 02:26:35.197 31655 32155 I MobileGL: [02:26:35] [Android mgl-srv-apply/INFO]: PRIMITIVES_GENERATED probe triangles+discard: drawn=1 stream=0/1 pgq=0(0) stat=0(1)
09-23 02:26:35.197 31655 32155 I MobileGL: [02:26:35] [Android mgl-srv-apply/INFO]: PRIMITIVES_GENERATED probe patches+discard: drawn=1 stream=0/1 pgq=0(0) stat=0(1)
09-23 02:26:35.197 31655 32155 I MobileGL: [02:26:35] [Android mgl-srv-apply/INFO]: PRIMITIVES_GENERATED for XFB-inactive draws will accumulate through a clipping-invocations pipeline-statistics pool
09-23 02:26:35.197 31655 32155 I MobileGL: [02:26:35] [Android mgl-srv-apply/INFO]: Command pool created
09-23 02:26:35.197 31655 32155 I MobileGL: [02:26:35] [Android mgl-srv-apply/INFO]: MaxFramesInFlight: configured request=3
09-23 02:26:35.197 31655 32155 I MobileGL: [02:26:35] [Android mgl-srv-apply/INFO]: MaxFramesInFlight: using 3 (surface minImageCount=11, maxImageCount=64)
09-23 02:26:35.197 31655 32155 I MobileGL: [02:26:35] [Android mgl-srv-apply/INFO]: CreateFrameContexts completed
09-23 02:26:35.197 31655 32155 I MobileGL: [02:26:35] [Android mgl-srv-apply/INFO]: DirectVulkan: using 256 program descriptor bindings
09-23 02:26:35.198 31655 32155 I MobileGL: [02:26:35] [Android mgl-srv-apply/INFO]: Got 5 surface formats:
09-23 02:26:35.198 31655 32155 I MobileGL: [02:26:35] [Android mgl-srv-apply/INFO]: Picked surface format: [VK_FORMAT_R8G8B8A8_UNORM, VK_COLOR_SPACE_SRGB_NONLINEAR_KHR]
09-23 02:26:35.198 31655 32155 I MobileGL: [02:26:35] [Android mgl-srv-apply/INFO]: Got 4 present modes:
09-23 02:26:35.198 31655 32155 I MobileGL: [02:26:35] [Android mgl-srv-apply/INFO]: Picked present mode: VK_PRESENT_MODE_MAILBOX_KHR
09-23 02:26:35.198 31655 32155 I MobileGL: [02:26:35] [Android mgl-srv-apply/INFO]: Set minImageCount = 11
09-23 02:26:35.198 31655 32155 I MobileGL: [02:26:35] [Android mgl-srv-apply/INFO]: Swapchain currentTransform = VK_SURFACE_TRANSFORM_IDENTITY_BIT_KHR
09-23 02:26:35.198 31655 32155 I MobileGL: [02:26:35] [Android mgl-srv-apply/INFO]: Swapchain imageUsage = 0x13 (supportedUsageFlags = 0x9f)
09-23 02:26:35.198 31655 32155 I MobileGL: [02:26:35] [Android mgl-srv-apply/INFO]: Set swapchain preTransform = VK_SURFACE_TRANSFORM_IDENTITY_BIT_KHR
09-23 02:26:35.200 31655 32155 I MobileGL: [02:26:35] [Android mgl-srv-apply/INFO]: Swapchain image views created
09-23 02:26:35.203 31655 32155 I MobileGL: [02:26:35] [Android mgl-srv-apply/INFO]: Swapchain created, extent = 854x480, swapchain imageCount = 11
09-23 02:26:35.203 31655 32155 I MobileGL: [02:26:35] [Android mgl-srv-apply/INFO]: DirectVulkan: suppressing depth writes on accumulation-blended pipelines (driver lacks cross-pipeline position invariance)
09-23 02:26:35.204 31655 32155 I MobileGL: [02:26:35] [Android mgl-srv-apply/INFO]: Vulkan shader subgroup support: detected=true advertised=true size=64 stages=0x30 operations=0x2bf
09-23 02:26:35.204 31655 32155 I MobileGL: [02:26:35] [Android mgl-srv-apply/INFO]: DirectVulkan: clamped GL_MAX_COMPUTE_SHADER_STORAGE_BLOCKS from 16777216 to 256
09-23 02:26:35.204 31655 32155 I MobileGL: [02:26:35] [Android mgl-srv-apply/INFO]: DirectVulkan: clamped GL_MAX_COMBINED_SHADER_STORAGE_BLOCKS from 16777216 to 256
09-23 02:26:35.204 31655 32155 I MobileGL: [02:26:35] [Android mgl-srv-apply/INFO]: DirectVulkan: clamped GL_MAX_COMPUTE_UNIFORM_BLOCKS from 16777216 to 256
09-23 02:26:35.204 31655 32155 I MobileGL: [02:26:35] [Android mgl-srv-apply/INFO]: DirectVulkan: clamped GL_MAX_SHADER_STORAGE_BUFFER_BINDINGS from 16777216 to 256
09-23 02:26:35.204 31655 32155 I MobileGL: [02:26:35] [Android mgl-srv-apply/INFO]: DirectVulkan: clamped GL_MAX_UNIFORM_BUFFER_BINDINGS from 16777216 to 256
09-23 02:26:35.204 31655 32155 I MobileGL: [02:26:35] [Android mgl-srv-apply/INFO]: DirectVulkan: clamped GL_MAX_SHADER_STORAGE_BLOCK_SIZE from 2147483647 to 536870912
09-23 02:26:35.204 31655 32155 E MobileGL: [02:26:35] [Android mgl-srv-apply/ERROR]: NormalizePixelFormat: outFormat: unhandled internalFormat: GL_STENCIL_INDEX8
09-23 02:26:35.204 31655 32155 E MobileGL: [02:26:35] [Android mgl-srv-apply/ERROR]: NormalizePixelFormat: outType: unhandled internalFormat: GL_STENCIL_INDEX8
09-23 02:26:35.205 31655 32155 I MobileGL: [02:26:35] [Android mgl-srv-apply/INFO]: Vulkan shader subgroup support: detected=true advertised=true size=64 stages=0x30 operations=0x2bf
09-23 02:26:35.205 31655 32155 I MobileGL: [02:26:35] [Android mgl-srv-apply/INFO]: DirectVulkan: clamped GL_MAX_COMPUTE_SHADER_STORAGE_BLOCKS from 16777216 to 256
09-23 02:26:35.205 31655 32155 I MobileGL: [02:26:35] [Android mgl-srv-apply/INFO]: DirectVulkan: clamped GL_MAX_COMBINED_SHADER_STORAGE_BLOCKS from 16777216 to 256
09-23 02:26:35.205 31655 32155 I MobileGL: [02:26:35] [Android mgl-srv-apply/INFO]: DirectVulkan: clamped GL_MAX_COMPUTE_UNIFORM_BLOCKS from 16777216 to 256
09-23 02:26:35.205 31655 32155 I MobileGL: [02:26:35] [Android mgl-srv-apply/INFO]: DirectVulkan: clamped GL_MAX_SHADER_STORAGE_BUFFER_BINDINGS from 16777216 to 256
09-23 02:26:35.205 31655 32155 I MobileGL: [02:26:35] [Android mgl-srv-apply/INFO]: DirectVulkan: clamped GL_MAX_UNIFORM_BUFFER_BINDINGS from 16777216 to 256
09-23 02:26:35.205 31655 32155 I MobileGL: [02:26:35] [Android mgl-srv-apply/INFO]: DirectVulkan: clamped GL_MAX_SHADER_STORAGE_BLOCK_SIZE from 2147483647 to 536870912
09-23 02:26:35.207 31655 32154 I MobileGL: [02:26:35] [Android MobileGLTraceRe/INFO]: MG_Remote client: CapsMirror generation 2 adopted (backend=1, callMask=0x3fff00000470)
09-23 02:26:35.207 31655 32154 I MobileGL: [02:26:35] [Android MobileGLTraceRe/INFO]: MG_Remote client: format capabilities filled from caps mirror generation 2
09-23 02:26:35.207 31655 32154 I MobileGL: [02:26:35] [Android MobileGLTraceRe/INFO]: MG_Remote client: CapsMirror generation 3 adopted (backend=1, callMask=0x3fff00000470)
09-23 02:26:35.207 31655 32154 I MobileGL: [02:26:35] [Android MobileGLTraceRe/INFO]: MG_Remote client: format capabilities filled from caps mirror generation 3
09-23 02:26:35.212 31655 32154 W MobileGL: [02:26:35] [Android MobileGLTraceRe/WARN]: Stub function: glDebugMessageControl(...)
09-23 02:26:35.486 31655 32154 I libc    : handling signal: 11
09-23 02:26:35.487 31655 32154 F libc    : Fatal signal 11 (SIGSEGV), code 2 (SEGV_ACCERR), fault addr 0x73ac9a5000 in tid 32154 (MobileGLTraceRe), pid 31655 (ugin.p7w1.trace)
09-23 02:26:35.487 31655 32154 I libc    : debuggerd_dispatch_pseudothread start. crashing tid: 32154
09-23 02:26:35.515 31655 32154 I libc    : crash_dump pid: 32161
09-23 02:26:35.535 32161 32161 W libc    : Access denied finding property "persist.vendor.track.malloc.enable"
09-23 02:26:35.535 32161 32161 W libc    : Access denied finding property "persist.vendor.fd.monitor.enable"
09-23 02:26:35.803 32162 32162 F DEBUG   : pid: 31655, tid: 32154, name: MobileGLTraceRe  >>> top.mobilegl.plugin.p7w1.trace <<<
09-23 02:26:35.804 32162 32162 F DEBUG   :       #00 pc 0000000000099168  /apex/com.android.runtime/lib64/bionic/libc.so (__memcpy_aarch64_nt+616) (BuildId: 223a572c9f034c6a9337d8b3bedc75f3)
09-23 02:26:35.804 32162 32162 F DEBUG   :       #01 pc 0000000000691c80  /data/app/~~GTtJpgg4160VWYt1KJ1Fww==/top.mobilegl.plugin.p7w1.trace-yro313nlE_p3MnRQTGbTyQ==/lib/arm64/libtrace_replay_runner.so (BuildId: 3d06283277788e3c03041ce7ad63185ec723ff9c)
09-23 02:26:35.804 32162 32162 F DEBUG   :       #02 pc 00000000004614b0  /data/app/~~GTtJpgg4160VWYt1KJ1Fww==/top.mobilegl.plugin.p7w1.trace-yro313nlE_p3MnRQTGbTyQ==/lib/arm64/libtrace_replay_runner.so (BuildId: 3d06283277788e3c03041ce7ad63185ec723ff9c)
09-23 02:26:35.804 32162 32162 F DEBUG   :       #03 pc 00000000004602cc  /data/app/~~GTtJpgg4160VWYt1KJ1Fww==/top.mobilegl.plugin.p7w1.trace-yro313nlE_p3MnRQTGbTyQ==/lib/arm64/libtrace_replay_runner.so (mobilegl_apitrace_main+5072) (BuildId: 3d06283277788e3c03041ce7ad63185ec723ff9c)
09-23 02:26:35.804 32162 32162 F DEBUG   :       #04 pc 000000000045042c  /data/app/~~GTtJpgg4160VWYt1KJ1Fww==/top.mobilegl.plugin.p7w1.trace-yro313nlE_p3MnRQTGbTyQ==/lib/arm64/libtrace_replay_runner.so (BuildId: 3d06283277788e3c03041ce7ad63185ec723ff9c)
09-23 02:26:35.804 32162 32162 F DEBUG   :       #05 pc 000000000044ee68  /data/app/~~GTtJpgg4160VWYt1KJ1Fww==/top.mobilegl.plugin.p7w1.trace-yro313nlE_p3MnRQTGbTyQ==/lib/arm64/libtrace_replay_runner.so (mobilegl_trace::RunTraceReplay(mobilegl_trace::Request const&)+3176) (BuildId: 3d06283277788e3c03041ce7ad63185ec723ff9c)
09-23 02:26:35.804 32162 32162 F DEBUG   :       #06 pc 0000000000455178  /data/app/~~GTtJpgg4160VWYt1KJ1Fww==/top.mobilegl.plugin.p7w1.trace-yro313nlE_p3MnRQTGbTyQ==/lib/arm64/libtrace_replay_runner.so (Java_top_mobilegl_plugin_trace_TraceReplayActivity_nativeRunTraceReplay+2068) (BuildId: 3d06283277788e3c03041ce7ad63185ec723ff9c)
09-23 02:26:35.805 32162 32162 F DEBUG   :       #41 pc 0000000000082d74  /apex/com.android.runtime/lib64/bionic/libc.so (__pthread_start(void*)+184) (BuildId: 223a572c9f034c6a9337d8b3bedc75f3)
09-23 02:26:35.805 32162 32162 F DEBUG   :       #42 pc 00000000000751f0  /apex/com.android.runtime/lib64/bionic/libc.so (__start_thread+68) (BuildId: 223a572c9f034c6a9337d8b3bedc75f3)
09-23 02:26:35.845 32162 32162 I libc    : tombstoned_notify_completion, socket: 8
09-23 02:26:35.865  4411  5837 D RecentsTaskLoader: reloadTasksData [TaskKey{id=295, stackId=0, baseIntent=Intent { act=top.mobilegl.plugin.TRACE_REPLAY flg=0x10000000 cmp=top.mobilegl.plugin.p7w1.trace/top.mobilegl.plugin.trace.TraceReplayActivity }, userId=0, lastActiveTime=1251117, windowingMode=1, isThumbnailBlur=false, isAccessLocked=false, isScreening=false, topActivity=null, mHashCode=9711897}, title=MobileGL, titleDescription=MobileGL, bounds=null, isLaunchTarget=false, isStackTask=true, isSystemApp=false, isDockable=true, baseActivity=null, isLocked=false, mNeedHide=false, hasMultipleTasks=false, cti1Key=, cti2Key=, cti1Task=, cti2Task=] 
09-23 02:26:35.865  6687  7097 D DigestGenerator: digest=============The device has been root;The device bootloader is unlocked;com.topjohnwu.magisk have been installed;top.mobilegl.plugin.p7w1.trace /apex/com.android.runtime/lib/bionic/libc.so (__memcpy_aarch_nt+) ()
09-23 02:26:35.865  6687  7097 D DigestGenerator:  XXlib/arm/libtrace_replay_runner.so ()
09-23 02:26:35.865  6687  7097 D DigestGenerator:  XXlib/arm/libtrace_replay_runner.so ()
09-23 02:26:35.865  6687  7097 D DigestGenerator:  XXlib/arm/libtrace_replay_runner.so (mobilegl_apitrace_main+) ()
09-23 02:26:35.865  6687  7097 D DigestGenerator:  XXlib/arm/libtrace_replay_runner.so ()
09-23 02:26:35.865  6687  7097 D DigestGenerator:  XXlib/arm/libtrace_replay_runner.so (mobilegl_trace::RunTraceReplay(mobilegl_trace::Request const&)+) ()
09-23 02:26:35.865  6687  7097 D DigestGenerator:  XXlib/arm/libtrace_replay_runner.so (Java_top_mobilegl_plugin_trace_TraceReplayActivity_nativeRunTraceReplay+) ()
09-23 02:26:35.865  6687  7097 D DigestGenerator:  /apex/com.android.runtime/lib/bionic/libc.so (__pthread_start(void*)+) ()
09-23 02:26:35.865  6687  7097 D DigestGenerator:  /apex/com.android.runtime/lib/bionic/libc.so (__start_thread+) ()
09-23 02:26:35.901  3176  3422 I libc    : kill: send 9 to pid -31655
09-23 02:26:35.901  3176  3422 I libc    : debug pid reuse, real pid -31655
09-23 02:26:35.901  3176  3422 I libc    : kill: send 9 to pid -31655
09-23 02:26:35.901  3176  3422 I libc    : debug pid reuse, real pid -31655
09-23 02:26:35.928  2024  2024 W libc    : Access denied finding property "vendor.gpp.create_frc_extension"
09-23 02:26:35.954  4411  4411 I WindowAnimParamsProvider: getClosingWindowAnimParams getClosingShortcutIcon task before=  [TaskKey{id=295, stackId=0, baseIntent=Intent { act=top.mobilegl.plugin.TRACE_REPLAY flg=0x10000000 cmp=top.mobilegl.plugin.p7w1.trace/top.mobilegl.plugin.trace.TraceReplayActivity }, userId=0, lastActiveTime=1251117, windowingMode=1, isThumbnailBlur=false, isAccessLocked=false, isScreening=false, topActivity=null, mHashCode=9711897}, title=MobileGL, titleDescription=MobileGL, bounds=null, isLaunchTarget=false, isStackTask=true, isSystemApp=false, isDockable=true, baseActivity=null, isLocked=false, mNeedHide=false, hasMultipleTasks=false, cti1Key=, cti2Key=, cti1Task=, cti2Task=] 
09-23 02:26:35.954  4411  4411 I WindowAnimParamsProvider: getClosingWindowAnimParams getClosingShortcutIcon task after=  [TaskKey{id=295, stackId=0, baseIntent=Intent { act=top.mobilegl.plugin.TRACE_REPLAY flg=0x10000000 cmp=top.mobilegl.plugin.p7w1.trace/top.mobilegl.plugin.trace.TraceReplayActivity }, userId=0, lastActiveTime=1251117, windowingMode=1, isThumbnailBlur=false, isAccessLocked=false, isScreening=false, topActivity=null, mHashCode=9711897}, title=MobileGL, titleDescription=MobileGL, bounds=null, isLaunchTarget=false, isStackTask=true, isSystemApp=false, isDockable=true, baseActivity=null, isLocked=false, mNeedHide=false, hasMultipleTasks=false, cti1Key=, cti2Key=, cti1Task=, cti2Task=] 
09-23 02:26:35.955  4411  4411 I WindowAnimParamsProvider: getUserIdFromRemoteTarget task before=  [TaskKey{id=295, stackId=0, baseIntent=Intent { act=top.mobilegl.plugin.TRACE_REPLAY flg=0x10000000 cmp=top.mobilegl.plugin.p7w1.trace/top.mobilegl.plugin.trace.TraceReplayActivity }, userId=0, lastActiveTime=1251117, windowingMode=1, isThumbnailBlur=false, isAccessLocked=false, isScreening=false, topActivity=null, mHashCode=9711897}, title=MobileGL, titleDescription=MobileGL, bounds=null, isLaunchTarget=false, isStackTask=true, isSystemApp=false, isDockable=true, baseActivity=null, isLocked=false, mNeedHide=false, hasMultipleTasks=false, cti1Key=, cti2Key=, cti1Task=, cti2Task=] 
09-23 02:26:35.955  4411  4411 I WindowAnimParamsProvider: getUserIdFromRemoteTarget task after=  [TaskKey{id=295, stackId=0, baseIntent=Intent { act=top.mobilegl.plugin.TRACE_REPLAY flg=0x10000000 cmp=top.mobilegl.plugin.p7w1.trace/top.mobilegl.plugin.trace.TraceReplayActivity }, userId=0, lastActiveTime=1251117, windowingMode=1, isThumbnailBlur=false, isAccessLocked=false, isScreening=false, topActivity=null, mHashCode=9711897}, title=MobileGL, titleDescription=MobileGL, bounds=null, isLaunchTarget=false, isStackTask=true, isSystemApp=false, isDockable=true, baseActivity=null, isLocked=false, mNeedHide=false, hasMultipleTasks=false, cti1Key=, cti2Key=, cti1Task=, cti2Task=] 
trace-replay-ci.sh: app trace-replay files:
/data/user/0/top.mobilegl.plugin.p7w1.trace/files/trace-replay:
total 12
drwxrwxrwx 4 u0_a318 u0_a318 3452 2026-09-23 02:26 .
drwxrwxrwx 3 u0_a318 u0_a318 3452 2026-09-23 02:26 ..
drwxrwxrwx 2 u0_a318 u0_a318 3452 2026-09-23 02:26 input
drwxrwxrwx 2 u0_a318 u0_a318 3452 2026-09-23 02:26 output

/data/user/0/top.mobilegl.plugin.p7w1.trace/files/trace-replay/input:
total 14450
drwxrwxrwx 2 u0_a318 u0_a318     3452 2026-09-23 02:26 .
drwxrwxrwx 4 u0_a318 u0_a318     3452 2026-09-23 02:26 ..
-rw-r--r-- 1 u0_a318 u0_a318   368306 2026-09-23 02:26 golden.png
-rw-r--r-- 1 u0_a318 u0_a318 14404890 2026-09-23 02:26 trace.trace

/data/user/0/top.mobilegl.plugin.p7w1.trace/files/trace-replay/output:
total 42
drwxrwxrwx 2 u0_a318 u0_a318  3452 2026-09-23 02:26 .
drwxrwxrwx 4 u0_a318 u0_a318  3452 2026-09-23 02:26 ..
-rw------- 1 u0_a318 u0_a318  6897 2026-09-23 02:26 mobilegl.client.log
-rw------- 1 u0_a318 u0_a318 22625 2026-09-23 02:26 mobilegl.server.log
-rw------- 1 u0_a318 u0_a318   124 2026-09-23 02:26 retrace.log
archived repeat 1 to .trace-work\p7w1\E0a-inproc\improved-transparency-minecraft-26.3-DirectVulkan\repeat-01
C:\Users\geekerwan\AndroidStudioProjects\FoldCraftLauncher\MobileGL-disagg\.trace-work\android-retrace-summary\mobilegl-android-retrace-overview.html
=== Android retrace: minecraft-1.21.4-fabric-iris-iterationrp-in-world / DirectVulkan (repeat 1/1) ===
C:\Users\geekerwan\AndroidStudioProjects\FoldCraftLauncher\MobileGL-disagg\.trace-work\android-retrace-fixture\minecraft-1.21.4-fabric-iris-iterationrp-in-world\trace.trace: 1 file pushed, 0 skipped. 20.4 MB/s (23003299 bytes in 1.074s)
C:\Users\geekerwan\AndroidStudioProjects\FoldCraftLauncher\MobileGL-disagg\tools\trace_replay\fixtures\minecraft-1.21.4-fabric-iris-iterationrp-in-world.0000202020.png: 1 file pushed, 0 skipped. 44.5 MB/s (603392 bytes in 0.013s)
Starting: Intent { act=top.mobilegl.plugin.TRACE_REPLAY cmp=top.mobilegl.plugin.p7w1.trace/top.mobilegl.plugin.trace.TraceReplayActivity (has extras) }
{
  "passed": true,
  "statusCode": 0,
  "message": "retrace completed; ssim=0.999258, ssimThreshold=0.980000, mismatchPixels=246544, matchedGoldenPath=/data/user/0/top.mobilegl.plugin.p7w1.trace/files/trace-replay/input/golden.png",
  "tracePath": "/data/user/0/top.mobilegl.plugin.p7w1.trace/files/trace-replay/input/trace.trace",
  "goldenPath": "/data/user/0/top.mobilegl.plugin.p7w1.trace/files/trace-replay/input/golden.png",
  "alternateGoldenPaths": [],
  "matchedGoldenPath": "/data/user/0/top.mobilegl.plugin.p7w1.trace/files/trace-replay/input/golden.png",
  "actualPath": "/data/user/0/top.mobilegl.plugin.p7w1.trace/files/trace-replay/output/actual.png",
  "diffPath": "/data/user/0/top.mobilegl.plugin.p7w1.trace/files/trace-replay/output/minecraft-1.21.4-fabric-iris-iterationrp-in-world-diff.png",
  "backend": "DirectVulkan",
  "angleVariant": "",
  "targetFrame": -1,
  "targetCall": 202020,
  "width": 854,
  "height": 480,
  "cropX": 0,
  "cropY": 0,
  "cropWidth": 0,
  "cropHeight": 0,
  "ssim": 0.999257641,
  "ssimThreshold": 0.980000000,
  "useAngle": false,
  "usePbuffer": true,
  "avoidAngleLlvmpipeSamplerMipmapMinFilter": false,
  "avoidAngleLlvmpipeExplicitLodBias": false,
  "fixIterationRPSubgroupScratch": false,
  "deriveNumSubgroups": false,
  "iterationRPFixBarrier": false,
  "holdMs": 0,
  "mismatchPixels": 246544
}
Android retrace: real inproc transport, strict role state and zero Fatal records confirmed
archived repeat 1 to .trace-work\p7w1\E0a-inproc\minecraft-1.21.4-fabric-iris-iterationrp-in-world-DirectVulkan\repeat-01
C:\Users\geekerwan\AndroidStudioProjects\FoldCraftLauncher\MobileGL-disagg\.trace-work\android-retrace-summary\mobilegl-android-retrace-overview.html
=== Android retrace: minecraft-1.21.4-fabric-iris-bsl-esc-menu-854 / DirectVulkan (repeat 1/1) ===
C:\Users\geekerwan\AndroidStudioProjects\FoldCraftLauncher\MobileGL-disagg\.trace-work\android-retrace-fixture\minecraft-1.21.4-fabric-iris-bsl-esc-menu-854\trace.trace: 1 file pushed, 0 skipped. 17.0 MB/s (7409935 bytes in 0.415s)
C:\Users\geekerwan\AndroidStudioProjects\FoldCraftLauncher\MobileGL-disagg\tools\trace_replay\fixtures\minecraft-1.21.4-fabric-iris-bsl-esc-menu-854.0001303534.png: 1 file pushed, 0 skipped. 13.1 MB/s (227372 bytes in 0.017s)
Starting: Intent { act=top.mobilegl.plugin.TRACE_REPLAY cmp=top.mobilegl.plugin.p7w1.trace/top.mobilegl.plugin.trace.TraceReplayActivity (has extras) }
trace-replay-ci.sh: app process exited before result.json was created
trace-replay-ci.sh: retrace.log:
/system/bin/app_process64
apitrace: warning: caught signal 6
724405: error: caught an unhandled exception
apitrace: warning: caught signal 6
724405: error: caught an unhandled exception
trace-replay-ci.sh: tail of mobilegl.log:
[02:26:57] [Android mgl-srv-apply/INFO]:     VK_QCOM_render_pass_shader_resolve (r.4)
[02:26:57] [Android mgl-srv-apply/INFO]:     VK_KHR_maintenance1 (r.2)
[02:26:57] [Android mgl-srv-apply/INFO]:     VK_KHR_maintenance2 (r.1)
[02:26:57] [Android mgl-srv-apply/INFO]:     VK_KHR_maintenance3 (r.1)
[02:26:57] [Android mgl-srv-apply/INFO]:     VK_KHR_maintenance4 (r.2)
[02:26:57] [Android mgl-srv-apply/INFO]:     VK_KHR_maintenance5 (r.1)
[02:26:57] [Android mgl-srv-apply/INFO]:     VK_KHR_maintenance6 (r.1)
[02:26:57] [Android mgl-srv-apply/INFO]:     VK_KHR_separate_depth_stencil_layouts (r.1)
[02:26:57] [Android mgl-srv-apply/INFO]:     VK_EXT_image_robustness (r.1)
[02:26:57] [Android mgl-srv-apply/INFO]:     VK_EXT_calibrated_timestamps (r.2)
[02:26:57] [Android mgl-srv-apply/INFO]:     VK_KHR_buffer_device_address (r.1)
[02:26:57] [Android mgl-srv-apply/INFO]:     VK_EXT_extended_dynamic_state (r.1)
[02:26:57] [Android mgl-srv-apply/INFO]:     VK_EXT_queue_family_foreign (r.1)
[02:26:57] [Android mgl-srv-apply/INFO]:     VK_KHR_shader_quad_control (r.1)
[02:26:57] [Android mgl-srv-apply/INFO]:     VK_EXT_image_view_min_lod (r.1)
[02:26:57] [Android mgl-srv-apply/INFO]:     VK_ANDROID_external_format_resolve (r.1)
[02:26:57] [Android mgl-srv-apply/INFO]:     VK_QCOM_ycbcr_degamma (r.1)
[02:26:57] [Android mgl-srv-apply/INFO]:     VK_KHR_bind_memory2 (r.1)
[02:26:57] [Android mgl-srv-apply/INFO]:     VK_EXT_pipeline_protected_access (r.1)
[02:26:57] [Android mgl-srv-apply/INFO]:     VK_KHR_external_semaphore (r.1)
[02:26:57] [Android mgl-srv-apply/INFO]:     VK_KHR_shader_terminate_invocation (r.1)
[02:26:57] [Android mgl-srv-apply/INFO]:     VK_QCOM_fragment_density_map_offset (r.2)
[02:26:57] [Android mgl-srv-apply/INFO]:     VK_EXT_scalar_block_layout (r.1)
[02:26:57] [Android mgl-srv-apply/INFO]:     VK_KHR_map_memory2 (r.1)
[02:26:57] [Android mgl-srv-apply/INFO]:     VK_EXT_load_store_op_none (r.1)
[02:26:57] [Android mgl-srv-apply/INFO]:     VK_KHR_load_store_op_none (r.1)
[02:26:57] [Android mgl-srv-apply/INFO]:     VK_KHR_shader_maximal_reconvergence (r.1)
[02:26:57] [Android mgl-srv-apply/INFO]:     VK_KHR_sampler_ycbcr_conversion (r.14)
[02:26:57] [Android mgl-srv-apply/INFO]:     VK_EXT_vertex_attribute_divisor (r.3)
[02:26:57] [Android mgl-srv-apply/INFO]:     VK_KHR_variable_pointers (r.1)
[02:26:57] [Android mgl-srv-apply/INFO]:     VK_QCOM_multiview_per_view_viewports (r.1)
[02:26:57] [Android mgl-srv-apply/INFO]:     VK_KHR_ray_query (r.1)
[02:26:57] [Android mgl-srv-apply/INFO]:     VK_EXT_primitives_generated_query (r.1)
[02:26:57] [Android mgl-srv-apply/INFO]:     VK_KHR_push_descriptor (r.2)
[02:26:57] [Android mgl-srv-apply/INFO]:     VK_KHR_timeline_semaphore (r.2)
[02:26:57] [Android mgl-srv-apply/INFO]:     VK_EXT_device_memory_report (r.2)
[02:26:57] [Android mgl-srv-apply/INFO]:     VK_KHR_shader_subgroup_rotate (r.2)
[02:26:57] [Android mgl-srv-apply/INFO]:     VK_KHR_imageless_framebuffer (r.1)
[02:26:57] [Android mgl-srv-apply/INFO]:     VK_KHR_device_group (r.4)
[02:26:57] [Android mgl-srv-apply/INFO]:     VK_EXT_device_fault (r.2)
[02:26:57] [Android mgl-srv-apply/INFO]:     VK_KHR_relaxed_block_layout (r.1)
[02:26:57] [Android mgl-srv-apply/INFO]:     VK_KHR_shader_expect_assume (r.1)
[02:26:57] [Android mgl-srv-apply/INFO]:     VK_KHR_shader_atomic_int64 (r.1)
[02:26:57] [Android mgl-srv-apply/INFO]:     VK_KHR_external_fence (r.1)
[02:26:57] [Android mgl-srv-apply/INFO]:     VK_KHR_shader_non_semantic_info (r.1)
[02:26:57] [Android mgl-srv-apply/INFO]:     VK_EXT_shader_atomic_float (r.1)
[02:26:57] [Android mgl-srv-apply/INFO]:     VK_EXT_custom_border_color (r.12)
[02:26:57] [Android mgl-srv-apply/INFO]:     VK_EXT_host_query_reset (r.1)
[02:26:57] [Android mgl-srv-apply/INFO]:     VK_EXT_index_type_uint8 (r.1)
[02:26:57] [Android mgl-srv-apply/INFO]:     VK_KHR_multiview (r.1)
[02:26:57] [Android mgl-srv-apply/INFO]:     VK_KHR_storage_buffer_storage_class (r.1)
[02:26:57] [Android mgl-srv-apply/INFO]:     VK_EXT_fragment_density_map2 (r.1)
[02:26:57] [Android mgl-srv-apply/INFO]:     VK_QCOM_filter_cubic_weights (r.1)
[02:26:57] [Android mgl-srv-apply/INFO]:     VK_KHR_workgroup_memory_explicit_layout (r.1)
[02:26:57] [Android mgl-srv-apply/INFO]:     VK_QCOM_rotated_copy_commands (r.2)
[02:26:57] [Android mgl-srv-apply/INFO]:     VK_KHR_shader_subgroup_extended_types (r.1)
[02:26:57] [Android mgl-srv-apply/INFO]:     VK_EXT_external_memory_acquire_unmodified (r.1)
[02:26:57] [Android mgl-srv-apply/INFO]:     VK_EXT_private_data (r.1)
[02:26:57] [Android mgl-srv-apply/INFO]:     VK_EXT_descriptor_buffer (r.1)
[02:26:57] [Android mgl-srv-apply/INFO]:     VK_EXT_conditional_rendering (r.2)
[02:26:57] [Android mgl-srv-apply/INFO]:     VK_EXT_mutable_descriptor_type (r.1)
[02:26:57] [Android mgl-srv-apply/INFO]:     VK_EXT_pipeline_creation_cache_control (r.3)
[02:26:57] [Android mgl-srv-apply/INFO]:     VK_EXT_robustness2 (r.1)
[02:26:57] [Android mgl-srv-apply/INFO]:     VK_KHR_shader_clock (r.1)
[02:26:57] [Android mgl-srv-apply/INFO]:     VK_EXT_shader_module_identifier (r.1)
[02:26:57] [Android mgl-srv-apply/INFO]:     VK_KHR_vertex_attribute_divisor (r.1)
[02:26:57] [Android mgl-srv-apply/INFO]:     VK_EXT_global_priority_query (r.1)
[02:26:57] [Android mgl-srv-apply/INFO]:     VK_EXT_separate_stencil_usage (r.1)
[02:26:57] [Android mgl-srv-apply/INFO]:     VK_EXT_border_color_swizzle (r.1)
[02:26:57] [Android mgl-srv-apply/INFO]:     VK_EXT_vertex_input_dynamic_state (r.2)
[02:26:57] [Android mgl-srv-apply/INFO]:     VK_IMG_filter_cubic (r.1)
[02:26:57] [Android mgl-srv-apply/INFO]:     VK_EXT_filter_cubic (r.3)
[02:26:57] [Android mgl-srv-apply/INFO]:     VK_EXT_shader_subgroup_vote (r.1)
[02:26:57] [Android mgl-srv-apply/INFO]:     VK_EXT_device_address_binding_report (r.1)
[02:26:57] [Android mgl-srv-apply/INFO]:     VK_NV_optical_flow (r.1)
[02:26:57] [Android mgl-srv-apply/INFO]:     VK_QCOM_tile_properties (r.1)
[02:26:57] [Android mgl-srv-apply/INFO]:     VK_KHR_image_format_list (r.1)
[02:26:57] [Android mgl-srv-apply/INFO]:     VK_EXT_sampler_filter_minmax (r.2)
[02:26:57] [Android mgl-srv-apply/INFO]:     VK_KHR_16bit_storage (r.1)
[02:26:57] [Android mgl-srv-apply/INFO]:     VK_EXT_shader_viewport_index_layer (r.1)
[02:26:57] [Android mgl-srv-apply/INFO]:     VK_KHR_pipeline_executable_properties (r.1)
[02:26:57] [Android mgl-srv-apply/INFO]:     VK_EXT_shader_demote_to_helper_invocation (r.1)
[02:26:57] [Android mgl-srv-apply/INFO]:     VK_EXT_color_write_enable (r.1)
[02:26:57] [Android mgl-srv-apply/INFO]:     VK_KHR_dynamic_rendering_local_read (r.1)
[02:26:57] [Android mgl-srv-apply/INFO]:     VK_QCOM_render_pass_transform (r.4)
[02:26:57] [Android mgl-srv-apply/INFO]:     VK_KHR_create_renderpass2 (r.1)
[02:26:57] [Android mgl-srv-apply/INFO]:     VK_EXT_shader_image_atomic_int64 (r.1)
[02:26:57] [Android mgl-srv-apply/INFO]:     VK_KHR_acceleration_structure (r.13)
[02:26:57] [Android mgl-srv-apply/INFO]:     VK_EXT_depth_clip_control (r.1)
[02:26:57] [Android mgl-srv-apply/INFO]:     VK_EXT_transform_feedback (r.1)
[02:26:57] [Android mgl-srv-apply/INFO]:     VK_EXT_blend_operation_advanced (r.2)
[02:26:57] [Android mgl-srv-apply/INFO]:     VK_EXT_provoking_vertex (r.1)
[02:26:57] [Android mgl-srv-apply/INFO]:     VK_KHR_8bit_storage (r.1)
[02:26:57] [Android mgl-srv-apply/INFO]:     VK_QCOM_multiview_per_view_render_areas (r.1)
[02:26:57] [Android mgl-srv-apply/INFO]:     VK_EXT_inline_uniform_block (r.1)
[02:26:57] [Android mgl-srv-apply/INFO]:     VK_EXT_shader_subgroup_ballot (r.1)
[02:26:57] [Android mgl-srv-apply/INFO]:     VK_KHR_depth_stencil_resolve (r.1)
[02:26:57] [Android mgl-srv-apply/INFO]:     VK_KHR_shader_float_controls (r.4)
[02:26:57] [Android mgl-srv-apply/INFO]:     VK_EXT_texture_compression_astc_hdr (r.1)
[02:26:57] [Android mgl-srv-apply/INFO]:     VK_EXT_global_priority (r.2)
[02:26:57] [Android mgl-srv-apply/INFO]:     VK_EXT_4444_formats (r.1)
[02:26:57] [Android mgl-srv-apply/INFO]:     VK_KHR_shader_draw_parameters (r.1)
[02:26:57] [Android mgl-srv-apply/INFO]:     VK_KHR_vulkan_memory_model (r.3)
[02:26:57] [Android mgl-srv-apply/INFO]:     VK_EXT_descriptor_indexing (r.2)
[02:26:57] [Android mgl-srv-apply/INFO]:     VK_EXT_depth_clip_enable (r.1)
[02:26:57] [Android mgl-srv-apply/INFO]:     VK_KHR_synchronization2 (r.1)
[02:26:57] [Android mgl-srv-apply/INFO]:     VK_KHR_shader_integer_dot_product (r.1)
[02:26:57] [Android mgl-srv-apply/INFO]:     VK_EXT_line_rasterization (r.1)
[02:26:57] [Android mgl-srv-apply/INFO]:     VK_KHR_line_rasterization (r.1)
[02:26:57] [Android mgl-srv-apply/INFO]:     VK_QCOM_image_processing (r.1)
[02:26:57] [Android mgl-srv-apply/INFO]:     VK_KHR_shader_float_controls2 (r.1)
[02:26:57] [Android mgl-srv-apply/INFO]:     VK_KHR_fragment_shading_rate (r.2)
[02:26:57] [Android mgl-srv-apply/INFO]:     VK_KHR_descriptor_update_template (r.1)
[02:26:57] [Android mgl-srv-apply/INFO]:     VK_KHR_draw_indirect_count (r.1)
[02:26:57] [Android mgl-srv-apply/INFO]:     VK_KHR_driver_properties (r.1)
[02:26:57] [Android mgl-srv-apply/INFO]:     VK_KHR_ray_tracing_position_fetch (r.1)
[02:26:57] [Android mgl-srv-apply/INFO]:     VK_KHR_dynamic_rendering (r.1)
[02:26:57] [Android mgl-srv-apply/INFO]:     VK_KHR_zero_initialize_workgroup_memory (r.1)
[02:26:57] [Android mgl-srv-apply/INFO]:     VK_KHR_uniform_buffer_standard_layout (r.1)
[02:26:57] [Android mgl-srv-apply/INFO]:     VK_EXT_depth_clamp_zero_one (r.1)
[02:26:57] [Android mgl-srv-apply/INFO]:     VK_ANDROID_external_memory_android_hardware_buffer (r.5)
[02:26:57] [Android mgl-srv-apply/INFO]:     VK_EXT_image_2d_view_of_3d (r.1)
[02:26:57] [Android mgl-srv-apply/INFO]:     VK_EXT_extended_dynamic_state2 (r.1)
[02:26:57] [Android mgl-srv-apply/INFO]:     VK_KHR_dedicated_allocation (r.3)
[02:26:57] [Android mgl-srv-apply/INFO]:     VK_EXT_texel_buffer_alignment (r.1)
[02:26:57] [Android mgl-srv-apply/INFO]:     VK_EXT_primitive_topology_list_restart (r.1)
[02:26:57] [Android mgl-srv-apply/INFO]:     VK_EXT_rasterization_order_attachment_access (r.1)
[02:26:57] [Android mgl-srv-apply/INFO]:     VK_KHR_shader_subgroup_uniform_control_flow (r.1)
[02:26:57] [Android mgl-srv-apply/INFO]:     VK_EXT_tooling_info (r.1)
[02:26:57] [Android mgl-srv-apply/INFO]:     VK_KHR_format_feature_flags2 (r.2)
[02:26:57] [Android mgl-srv-apply/INFO]:     VK_KHR_global_priority (r.1)
[02:26:57] [Android mgl-srv-apply/INFO]:     VK_EXT_sample_locations (r.1)
[02:26:57] [Android mgl-srv-apply/INFO]:     VK_EXT_multi_draw (r.1)
[02:26:57] [Android mgl-srv-apply/INFO]:     VK_KHR_swapchain (r.70)
[02:26:57] [Android mgl-srv-apply/INFO]:     VK_KHR_sampler_mirror_clamp_to_edge (r.3)
[02:26:57] [Android mgl-srv-apply/INFO]:     VK_QCOM_image_processing2 (r.1)
[02:26:57] [Android mgl-srv-apply/INFO]:     VK_KHR_external_fence_fd (r.1)
[02:26:57] [Android mgl-srv-apply/INFO]: Required extension found: VK_KHR_swapchain
[02:26:57] [Android mgl-srv-apply/INFO]:     Picked physical device. (Reason: First suitable device)
[02:26:57] [Android mgl-srv-apply/INFO]: Picked physical device 0.
[02:26:57] [Android mgl-srv-apply/INFO]: Vulkan: multiViewport enabled; rasterizable viewports=16 (device limit 16, GL state width 16)
[02:26:57] [Android mgl-srv-apply/INFO]: Enabled optional device extension: VK_KHR_draw_indirect_count
[02:26:57] [Android mgl-srv-apply/INFO]: Enabled optional device extension: VK_KHR_shader_draw_parameters
[02:26:57] [Android mgl-srv-apply/INFO]: VK_KHR_image_format_list enabled: true
[02:26:57] [Android mgl-srv-apply/INFO]: VK_KHR_draw_indirect_count enabled: true
[02:26:57] [Android mgl-srv-apply/INFO]: Enabled optional device extension: VK_KHR_create_renderpass2
[02:26:57] [Android mgl-srv-apply/INFO]: Enabled optional device extension: VK_KHR_depth_stencil_resolve
[02:26:57] [Android mgl-srv-apply/INFO]: Vulkan: update-after-bind descriptor layouts enabled
[02:26:57] [Android mgl-srv-apply/INFO]: Enabled optional device extension: VK_KHR_index_type_uint8
[02:26:57] [Android mgl-srv-apply/INFO]: Enabled optional device extension: VK_EXT_primitive_topology_list_restart
[02:26:57] [Android mgl-srv-apply/INFO]: Enabled optional device extension: VK_EXT_custom_border_color (maxCustomBorderColorSamplers=4000)
[02:26:57] [Android mgl-srv-apply/INFO]: Enabled optional device extension: VK_EXT_subgroup_size_control (computeFullSubgroups)
[02:26:57] [Android mgl-srv-apply/INFO]: Enabled optional device extension: VK_EXT_transform_feedback
[02:26:57] [Android mgl-srv-apply/INFO]: Enabled optional device extension: VK_EXT_provoking_vertex (transformFeedbackPreservesProvokingVertex=false)
[02:26:57] [Android mgl-srv-apply/INFO]: Enabled optional device extension: VK_EXT_vertex_attribute_divisor
[02:26:57] [Android mgl-srv-apply/INFO]: Enabled optional device extension: VK_EXT_multi_draw (maxMultiDrawCount=1024)
[02:26:57] [Android mgl-srv-apply/INFO]: Device feature support: robustBufferAccess=true geometryShader=true independentBlend=true logicOp=true shaderClipDistance=true shaderCullDistance=true wideLines=true shaderInt64=true vertexStoresAtomics=true fragmentStoresAtomics=true storageImageExtendedFormats=true storageImageReadWithoutFormat=true storageImageWriteWithoutFormat=true drawIndirectFirstInstance=true multiDrawIndirect=true
[02:26:57] [Android mgl-srv-apply/INFO]: Device feature enabled: robustBufferAccess=true geometryShader=true independentBlend=true logicOp=true shaderClipDistance=true shaderCullDistance=true wideLines=true shaderInt64=true vertexStoresAtomics=true fragmentStoresAtomics=true storageImageExtendedFormats=true storageImageReadWithoutFormat=true storageImageWriteWithoutFormat=true drawIndirectFirstInstance=true multiDrawIndirect=true shaderDrawParameters=true
[02:26:57] [Android mgl-srv-apply/INFO]: Multi-draw dispatch tier: ext (VK_EXT_multi_draw=true, multiDrawIndirect=true, mode=auto)
[02:26:57] [Android mgl-srv-apply/INFO]: index type uint8 enabled: true
[02:26:57] [Android mgl-srv-apply/INFO]: Logical device created.
[02:26:57] [Android mgl-srv-apply/INFO]: Queues got successfully.
[02:26:57] [Android mgl-srv-apply/INFO]: Timer queries supported (timestampValidBits=48, timestampPeriod=52.083332 ns/tick)
[02:26:57] [Android mgl-srv-apply/INFO]: PRIMITIVES_GENERATED probe triangles: drawn=1 stream=0/1 pgq=0(0) stat=1(1)
[02:26:57] [Android mgl-srv-apply/INFO]: PRIMITIVES_GENERATED probe triangles+discard: drawn=1 stream=0/1 pgq=0(0) stat=0(1)
[02:26:57] [Android mgl-srv-apply/INFO]: PRIMITIVES_GENERATED probe patches+discard: drawn=1 stream=0/1 pgq=0(0) stat=0(1)
[02:26:57] [Android mgl-srv-apply/INFO]: PRIMITIVES_GENERATED for XFB-inactive draws will accumulate through a clipping-invocations pipeline-statistics pool
[02:26:57] [Android mgl-srv-apply/INFO]: Command pool created
[02:26:57] [Android mgl-srv-apply/INFO]: MaxFramesInFlight: configured request=3
[02:26:57] [Android mgl-srv-apply/INFO]: MaxFramesInFlight: using 3 (surface minImageCount=11, maxImageCount=64)
[02:26:57] [Android mgl-srv-apply/INFO]: CreateFrameContexts completed
[02:26:57] [Android mgl-srv-apply/INFO]: DirectVulkan: using 256 program descriptor bindings
[02:26:57] [Android mgl-srv-apply/INFO]: Got 5 surface formats:
[02:26:57] [Android mgl-srv-apply/INFO]: Picked surface format: [VK_FORMAT_R8G8B8A8_UNORM, VK_COLOR_SPACE_SRGB_NONLINEAR_KHR]
[02:26:57] [Android mgl-srv-apply/INFO]: Got 4 present modes:
[02:26:57] [Android mgl-srv-apply/INFO]: Picked present mode: VK_PRESENT_MODE_MAILBOX_KHR
[02:26:57] [Android mgl-srv-apply/INFO]: Set minImageCount = 11
[02:26:57] [Android mgl-srv-apply/INFO]: Swapchain currentTransform = VK_SURFACE_TRANSFORM_IDENTITY_BIT_KHR
[02:26:57] [Android mgl-srv-apply/INFO]: Swapchain imageUsage = 0x13 (supportedUsageFlags = 0x9f)
[02:26:57] [Android mgl-srv-apply/INFO]: Set swapchain preTransform = VK_SURFACE_TRANSFORM_IDENTITY_BIT_KHR
[02:26:57] [Android mgl-srv-apply/INFO]: Swapchain image views created
[02:26:57] [Android mgl-srv-apply/INFO]: Swapchain created, extent = 854x480, swapchain imageCount = 11
[02:26:57] [Android mgl-srv-apply/INFO]: DirectVulkan: suppressing depth writes on accumulation-blended pipelines (driver lacks cross-pipeline position invariance)
[02:26:57] [Android mgl-srv-apply/INFO]: Vulkan shader subgroup support: detected=true advertised=true size=64 stages=0x30 operations=0x2bf
[02:26:57] [Android mgl-srv-apply/INFO]: DirectVulkan: clamped GL_MAX_COMPUTE_SHADER_STORAGE_BLOCKS from 16777216 to 256
[02:26:57] [Android mgl-srv-apply/INFO]: DirectVulkan: clamped GL_MAX_COMBINED_SHADER_STORAGE_BLOCKS from 16777216 to 256
[02:26:57] [Android mgl-srv-apply/INFO]: DirectVulkan: clamped GL_MAX_COMPUTE_UNIFORM_BLOCKS from 16777216 to 256
[02:26:57] [Android mgl-srv-apply/INFO]: DirectVulkan: clamped GL_MAX_SHADER_STORAGE_BUFFER_BINDINGS from 16777216 to 256
[02:26:57] [Android mgl-srv-apply/INFO]: DirectVulkan: clamped GL_MAX_UNIFORM_BUFFER_BINDINGS from 16777216 to 256
[02:26:57] [Android mgl-srv-apply/INFO]: DirectVulkan: clamped GL_MAX_SHADER_STORAGE_BLOCK_SIZE from 2147483647 to 536870912
[02:26:57] [Android mgl-srv-apply/ERROR]: NormalizePixelFormat: outFormat: unhandled internalFormat: GL_STENCIL_INDEX8
[02:26:57] [Android mgl-srv-apply/ERROR]: NormalizePixelFormat: outType: unhandled internalFormat: GL_STENCIL_INDEX8
[02:26:57] [Android mgl-srv-apply/INFO]: Vulkan shader subgroup support: detected=true advertised=true size=64 stages=0x30 operations=0x2bf
[02:26:57] [Android mgl-srv-apply/INFO]: DirectVulkan: clamped GL_MAX_COMPUTE_SHADER_STORAGE_BLOCKS from 16777216 to 256
[02:26:57] [Android mgl-srv-apply/INFO]: DirectVulkan: clamped GL_MAX_COMBINED_SHADER_STORAGE_BLOCKS from 16777216 to 256
[02:26:57] [Android mgl-srv-apply/INFO]: DirectVulkan: clamped GL_MAX_COMPUTE_UNIFORM_BLOCKS from 16777216 to 256
[02:26:57] [Android mgl-srv-apply/INFO]: DirectVulkan: clamped GL_MAX_SHADER_STORAGE_BUFFER_BINDINGS from 16777216 to 256
[02:26:57] [Android mgl-srv-apply/INFO]: DirectVulkan: clamped GL_MAX_UNIFORM_BUFFER_BINDINGS from 16777216 to 256
[02:26:57] [Android mgl-srv-apply/INFO]: DirectVulkan: clamped GL_MAX_SHADER_STORAGE_BLOCK_SIZE from 2147483647 to 536870912
[02:26:58] [Android mgl-srv-apply/WARN]: GetOrCreatePipeline: patching vertex input location=4 format=82 -> 80 to match shader input type=35666 for program=7
trace-replay-ci.sh: recent relevant logcat lines:
09-23 02:26:57.380 32054 32541 I MobileGL: [02:26:57] [Android mgl-srv-apply/INFO]:     VK_NV_optical_flow (r.1)
09-23 02:26:57.380 32054 32541 I MobileGL: [02:26:57] [Android mgl-srv-apply/INFO]:     VK_QCOM_tile_properties (r.1)
09-23 02:26:57.380 32054 32541 I MobileGL: [02:26:57] [Android mgl-srv-apply/INFO]:     VK_KHR_image_format_list (r.1)
09-23 02:26:57.380 32054 32541 I MobileGL: [02:26:57] [Android mgl-srv-apply/INFO]:     VK_EXT_sampler_filter_minmax (r.2)
09-23 02:26:57.380 32054 32541 I MobileGL: [02:26:57] [Android mgl-srv-apply/INFO]:     VK_KHR_16bit_storage (r.1)
09-23 02:26:57.380 32054 32541 I MobileGL: [02:26:57] [Android mgl-srv-apply/INFO]:     VK_EXT_shader_viewport_index_layer (r.1)
09-23 02:26:57.380 32054 32541 I MobileGL: [02:26:57] [Android mgl-srv-apply/INFO]:     VK_KHR_pipeline_executable_properties (r.1)
09-23 02:26:57.380 32054 32541 I MobileGL: [02:26:57] [Android mgl-srv-apply/INFO]:     VK_EXT_shader_demote_to_helper_invocation (r.1)
09-23 02:26:57.380 32054 32541 I MobileGL: [02:26:57] [Android mgl-srv-apply/INFO]:     VK_EXT_color_write_enable (r.1)
09-23 02:26:57.380 32054 32541 I MobileGL: [02:26:57] [Android mgl-srv-apply/INFO]:     VK_KHR_dynamic_rendering_local_read (r.1)
09-23 02:26:57.380 32054 32541 I MobileGL: [02:26:57] [Android mgl-srv-apply/INFO]:     VK_QCOM_render_pass_transform (r.4)
09-23 02:26:57.380 32054 32541 I MobileGL: [02:26:57] [Android mgl-srv-apply/INFO]:     VK_KHR_create_renderpass2 (r.1)
09-23 02:26:57.380 32054 32541 I MobileGL: [02:26:57] [Android mgl-srv-apply/INFO]:     VK_EXT_shader_image_atomic_int64 (r.1)
09-23 02:26:57.380 32054 32541 I MobileGL: [02:26:57] [Android mgl-srv-apply/INFO]:     VK_KHR_acceleration_structure (r.13)
09-23 02:26:57.380 32054 32541 I MobileGL: [02:26:57] [Android mgl-srv-apply/INFO]:     VK_EXT_depth_clip_control (r.1)
09-23 02:26:57.380 32054 32541 I MobileGL: [02:26:57] [Android mgl-srv-apply/INFO]:     VK_EXT_transform_feedback (r.1)
09-23 02:26:57.380 32054 32541 I MobileGL: [02:26:57] [Android mgl-srv-apply/INFO]:     VK_EXT_blend_operation_advanced (r.2)
09-23 02:26:57.380 32054 32541 I MobileGL: [02:26:57] [Android mgl-srv-apply/INFO]:     VK_EXT_provoking_vertex (r.1)
09-23 02:26:57.380 32054 32541 I MobileGL: [02:26:57] [Android mgl-srv-apply/INFO]:     VK_KHR_8bit_storage (r.1)
09-23 02:26:57.380 32054 32541 I MobileGL: [02:26:57] [Android mgl-srv-apply/INFO]:     VK_QCOM_multiview_per_view_render_areas (r.1)
09-23 02:26:57.380 32054 32541 I MobileGL: [02:26:57] [Android mgl-srv-apply/INFO]:     VK_EXT_inline_uniform_block (r.1)
09-23 02:26:57.380 32054 32541 I MobileGL: [02:26:57] [Android mgl-srv-apply/INFO]:     VK_EXT_shader_subgroup_ballot (r.1)
09-23 02:26:57.380 32054 32541 I MobileGL: [02:26:57] [Android mgl-srv-apply/INFO]:     VK_KHR_depth_stencil_resolve (r.1)
09-23 02:26:57.380 32054 32541 I MobileGL: [02:26:57] [Android mgl-srv-apply/INFO]:     VK_KHR_shader_float_controls (r.4)
09-23 02:26:57.380 32054 32541 I MobileGL: [02:26:57] [Android mgl-srv-apply/INFO]:     VK_EXT_texture_compression_astc_hdr (r.1)
09-23 02:26:57.380 32054 32541 I MobileGL: [02:26:57] [Android mgl-srv-apply/INFO]:     VK_EXT_global_priority (r.2)
09-23 02:26:57.380 32054 32541 I MobileGL: [02:26:57] [Android mgl-srv-apply/INFO]:     VK_EXT_4444_formats (r.1)
09-23 02:26:57.380 32054 32541 I MobileGL: [02:26:57] [Android mgl-srv-apply/INFO]:     VK_KHR_shader_draw_parameters (r.1)
09-23 02:26:57.380 32054 32541 I MobileGL: [02:26:57] [Android mgl-srv-apply/INFO]:     VK_KHR_vulkan_memory_model (r.3)
09-23 02:26:57.380 32054 32541 I MobileGL: [02:26:57] [Android mgl-srv-apply/INFO]:     VK_EXT_descriptor_indexing (r.2)
09-23 02:26:57.380 32054 32541 I MobileGL: [02:26:57] [Android mgl-srv-apply/INFO]:     VK_EXT_depth_clip_enable (r.1)
09-23 02:26:57.380 32054 32541 I MobileGL: [02:26:57] [Android mgl-srv-apply/INFO]:     VK_KHR_synchronization2 (r.1)
09-23 02:26:57.380 32054 32541 I MobileGL: [02:26:57] [Android mgl-srv-apply/INFO]:     VK_KHR_shader_integer_dot_product (r.1)
09-23 02:26:57.380 32054 32541 I MobileGL: [02:26:57] [Android mgl-srv-apply/INFO]:     VK_EXT_line_rasterization (r.1)
09-23 02:26:57.380 32054 32541 I MobileGL: [02:26:57] [Android mgl-srv-apply/INFO]:     VK_KHR_line_rasterization (r.1)
09-23 02:26:57.380 32054 32541 I MobileGL: [02:26:57] [Android mgl-srv-apply/INFO]:     VK_QCOM_image_processing (r.1)
09-23 02:26:57.380 32054 32541 I MobileGL: [02:26:57] [Android mgl-srv-apply/INFO]:     VK_KHR_shader_float_controls2 (r.1)
09-23 02:26:57.381 32054 32541 I MobileGL: [02:26:57] [Android mgl-srv-apply/INFO]:     VK_KHR_fragment_shading_rate (r.2)
09-23 02:26:57.381 32054 32541 I MobileGL: [02:26:57] [Android mgl-srv-apply/INFO]:     VK_KHR_descriptor_update_template (r.1)
09-23 02:26:57.381 32054 32541 I MobileGL: [02:26:57] [Android mgl-srv-apply/INFO]:     VK_KHR_draw_indirect_count (r.1)
09-23 02:26:57.381 32054 32541 I MobileGL: [02:26:57] [Android mgl-srv-apply/INFO]:     VK_KHR_driver_properties (r.1)
09-23 02:26:57.381 32054 32541 I MobileGL: [02:26:57] [Android mgl-srv-apply/INFO]:     VK_KHR_ray_tracing_position_fetch (r.1)
09-23 02:26:57.381 32054 32541 I MobileGL: [02:26:57] [Android mgl-srv-apply/INFO]:     VK_KHR_dynamic_rendering (r.1)
09-23 02:26:57.381 32054 32541 I MobileGL: [02:26:57] [Android mgl-srv-apply/INFO]:     VK_KHR_zero_initialize_workgroup_memory (r.1)
09-23 02:26:57.381 32054 32541 I MobileGL: [02:26:57] [Android mgl-srv-apply/INFO]:     VK_KHR_uniform_buffer_standard_layout (r.1)
09-23 02:26:57.381 32054 32541 I MobileGL: [02:26:57] [Android mgl-srv-apply/INFO]:     VK_EXT_depth_clamp_zero_one (r.1)
09-23 02:26:57.381 32054 32541 I MobileGL: [02:26:57] [Android mgl-srv-apply/INFO]:     VK_ANDROID_external_memory_android_hardware_buffer (r.5)
09-23 02:26:57.381 32054 32541 I MobileGL: [02:26:57] [Android mgl-srv-apply/INFO]:     VK_EXT_image_2d_view_of_3d (r.1)
09-23 02:26:57.381 32054 32541 I MobileGL: [02:26:57] [Android mgl-srv-apply/INFO]:     VK_EXT_extended_dynamic_state2 (r.1)
09-23 02:26:57.381 32054 32541 I MobileGL: [02:26:57] [Android mgl-srv-apply/INFO]:     VK_KHR_dedicated_allocation (r.3)
09-23 02:26:57.381 32054 32541 I MobileGL: [02:26:57] [Android mgl-srv-apply/INFO]:     VK_EXT_texel_buffer_alignment (r.1)
09-23 02:26:57.381 32054 32541 I MobileGL: [02:26:57] [Android mgl-srv-apply/INFO]:     VK_EXT_primitive_topology_list_restart (r.1)
09-23 02:26:57.381 32054 32541 I MobileGL: [02:26:57] [Android mgl-srv-apply/INFO]:     VK_EXT_rasterization_order_attachment_access (r.1)
09-23 02:26:57.381 32054 32541 I MobileGL: [02:26:57] [Android mgl-srv-apply/INFO]:     VK_KHR_shader_subgroup_uniform_control_flow (r.1)
09-23 02:26:57.381 32054 32541 I MobileGL: [02:26:57] [Android mgl-srv-apply/INFO]:     VK_EXT_tooling_info (r.1)
09-23 02:26:57.381 32054 32541 I MobileGL: [02:26:57] [Android mgl-srv-apply/INFO]:     VK_KHR_format_feature_flags2 (r.2)
09-23 02:26:57.381 32054 32541 I MobileGL: [02:26:57] [Android mgl-srv-apply/INFO]:     VK_KHR_global_priority (r.1)
09-23 02:26:57.381 32054 32541 I MobileGL: [02:26:57] [Android mgl-srv-apply/INFO]:     VK_EXT_sample_locations (r.1)
09-23 02:26:57.381 32054 32541 I MobileGL: [02:26:57] [Android mgl-srv-apply/INFO]:     VK_EXT_multi_draw (r.1)
09-23 02:26:57.381 32054 32541 I MobileGL: [02:26:57] [Android mgl-srv-apply/INFO]:     VK_KHR_swapchain (r.70)
09-23 02:26:57.381 32054 32541 I MobileGL: [02:26:57] [Android mgl-srv-apply/INFO]:     VK_KHR_sampler_mirror_clamp_to_edge (r.3)
09-23 02:26:57.381 32054 32541 I MobileGL: [02:26:57] [Android mgl-srv-apply/INFO]:     VK_QCOM_image_processing2 (r.1)
09-23 02:26:57.381 32054 32541 I MobileGL: [02:26:57] [Android mgl-srv-apply/INFO]:     VK_KHR_external_fence_fd (r.1)
09-23 02:26:57.381 32054 32541 I MobileGL: [02:26:57] [Android mgl-srv-apply/INFO]: Required extension found: VK_KHR_swapchain
09-23 02:26:57.381 32054 32541 I MobileGL: [02:26:57] [Android mgl-srv-apply/INFO]:     Picked physical device. (Reason: First suitable device)
09-23 02:26:57.381 32054 32541 I MobileGL: [02:26:57] [Android mgl-srv-apply/INFO]: Picked physical device 0.
09-23 02:26:57.381 32054 32541 I MobileGL: [02:26:57] [Android mgl-srv-apply/INFO]: Vulkan: multiViewport enabled; rasterizable viewports=16 (device limit 16, GL state width 16)
09-23 02:26:57.382 32054 32541 I MobileGL: [02:26:57] [Android mgl-srv-apply/INFO]: Enabled optional device extension: VK_KHR_draw_indirect_count
09-23 02:26:57.382 32054 32541 I MobileGL: [02:26:57] [Android mgl-srv-apply/INFO]: Enabled optional device extension: VK_KHR_shader_draw_parameters
09-23 02:26:57.382 32054 32541 I MobileGL: [02:26:57] [Android mgl-srv-apply/INFO]: VK_KHR_image_format_list enabled: true
09-23 02:26:57.382 32054 32541 I MobileGL: [02:26:57] [Android mgl-srv-apply/INFO]: VK_KHR_draw_indirect_count enabled: true
09-23 02:26:57.382 32054 32541 I MobileGL: [02:26:57] [Android mgl-srv-apply/INFO]: Enabled optional device extension: VK_KHR_create_renderpass2
09-23 02:26:57.382 32054 32541 I MobileGL: [02:26:57] [Android mgl-srv-apply/INFO]: Enabled optional device extension: VK_KHR_depth_stencil_resolve
09-23 02:26:57.382 32054 32541 I MobileGL: [02:26:57] [Android mgl-srv-apply/INFO]: Vulkan: update-after-bind descriptor layouts enabled
09-23 02:26:57.382 32054 32541 I MobileGL: [02:26:57] [Android mgl-srv-apply/INFO]: Enabled optional device extension: VK_KHR_index_type_uint8
09-23 02:26:57.382 32054 32541 I MobileGL: [02:26:57] [Android mgl-srv-apply/INFO]: Enabled optional device extension: VK_EXT_primitive_topology_list_restart
09-23 02:26:57.382 32054 32541 I MobileGL: [02:26:57] [Android mgl-srv-apply/INFO]: Enabled optional device extension: VK_EXT_custom_border_color (maxCustomBorderColorSamplers=4000)
09-23 02:26:57.382 32054 32541 I MobileGL: [02:26:57] [Android mgl-srv-apply/INFO]: Enabled optional device extension: VK_EXT_subgroup_size_control (computeFullSubgroups)
09-23 02:26:57.382 32054 32541 I MobileGL: [02:26:57] [Android mgl-srv-apply/INFO]: Enabled optional device extension: VK_EXT_transform_feedback
09-23 02:26:57.382 32054 32541 I MobileGL: [02:26:57] [Android mgl-srv-apply/INFO]: Enabled optional device extension: VK_EXT_provoking_vertex (transformFeedbackPreservesProvokingVertex=false)
09-23 02:26:57.382 32054 32541 I MobileGL: [02:26:57] [Android mgl-srv-apply/INFO]: Enabled optional device extension: VK_EXT_vertex_attribute_divisor
09-23 02:26:57.382 32054 32541 I MobileGL: [02:26:57] [Android mgl-srv-apply/INFO]: Enabled optional device extension: VK_EXT_multi_draw (maxMultiDrawCount=1024)
09-23 02:26:57.382 32054 32541 I MobileGL: [02:26:57] [Android mgl-srv-apply/INFO]: Device feature support: robustBufferAccess=true geometryShader=true independentBlend=true logicOp=true shaderClipDistance=true shaderCullDistance=true wideLines=true shaderInt64=true vertexStoresAtomics=true fragmentStoresAtomics=true storageImageExtendedFormats=true storageImageReadWithoutFormat=true storageImageWriteWithoutFormat=true drawIndirectFirstInstance=true multiDrawIndirect=true
09-23 02:26:57.382 32054 32541 I MobileGL: [02:26:57] [Android mgl-srv-apply/INFO]: Device feature enabled: robustBufferAccess=true geometryShader=true independentBlend=true logicOp=true shaderClipDistance=true shaderCullDistance=true wideLines=true shaderInt64=true vertexStoresAtomics=true fragmentStoresAtomics=true storageImageExtendedFormats=true storageImageReadWithoutFormat=true storageImageWriteWithoutFormat=true drawIndirectFirstInstance=true multiDrawIndirect=true shaderDrawParameters=true
09-23 02:26:57.383 32054 32541 I MobileGL: [02:26:57] [Android mgl-srv-apply/INFO]: Multi-draw dispatch tier: ext (VK_EXT_multi_draw=true, multiDrawIndirect=true, mode=auto)
09-23 02:26:57.383 32054 32541 I MobileGL: [02:26:57] [Android mgl-srv-apply/INFO]: index type uint8 enabled: true
09-23 02:26:57.383 32054 32541 I MobileGL: [02:26:57] [Android mgl-srv-apply/INFO]: Logical device created.
09-23 02:26:57.383 32054 32541 I MobileGL: [02:26:57] [Android mgl-srv-apply/INFO]: Queues got successfully.
09-23 02:26:57.383 32054 32541 I MobileGL: [02:26:57] [Android mgl-srv-apply/INFO]: Timer queries supported (timestampValidBits=48, timestampPeriod=52.083332 ns/tick)
09-23 02:26:57.402 32054 32541 I MobileGL: [02:26:57] [Android mgl-srv-apply/INFO]: PRIMITIVES_GENERATED probe triangles: drawn=1 stream=0/1 pgq=0(0) stat=1(1)
09-23 02:26:57.402 32054 32541 I MobileGL: [02:26:57] [Android mgl-srv-apply/INFO]: PRIMITIVES_GENERATED probe triangles+discard: drawn=1 stream=0/1 pgq=0(0) stat=0(1)
09-23 02:26:57.402 32054 32541 I MobileGL: [02:26:57] [Android mgl-srv-apply/INFO]: PRIMITIVES_GENERATED probe patches+discard: drawn=1 stream=0/1 pgq=0(0) stat=0(1)
09-23 02:26:57.402 32054 32541 I MobileGL: [02:26:57] [Android mgl-srv-apply/INFO]: PRIMITIVES_GENERATED for XFB-inactive draws will accumulate through a clipping-invocations pipeline-statistics pool
09-23 02:26:57.402 32054 32541 I MobileGL: [02:26:57] [Android mgl-srv-apply/INFO]: Command pool created
09-23 02:26:57.402 32054 32541 I MobileGL: [02:26:57] [Android mgl-srv-apply/INFO]: MaxFramesInFlight: configured request=3
09-23 02:26:57.402 32054 32541 I MobileGL: [02:26:57] [Android mgl-srv-apply/INFO]: MaxFramesInFlight: using 3 (surface minImageCount=11, maxImageCount=64)
09-23 02:26:57.402 32054 32541 I MobileGL: [02:26:57] [Android mgl-srv-apply/INFO]: CreateFrameContexts completed
09-23 02:26:57.402 32054 32541 I MobileGL: [02:26:57] [Android mgl-srv-apply/INFO]: DirectVulkan: using 256 program descriptor bindings
09-23 02:26:57.403 32054 32541 I MobileGL: [02:26:57] [Android mgl-srv-apply/INFO]: Got 5 surface formats:
09-23 02:26:57.403 32054 32541 I MobileGL: [02:26:57] [Android mgl-srv-apply/INFO]: Picked surface format: [VK_FORMAT_R8G8B8A8_UNORM, VK_COLOR_SPACE_SRGB_NONLINEAR_KHR]
09-23 02:26:57.403 32054 32541 I MobileGL: [02:26:57] [Android mgl-srv-apply/INFO]: Got 4 present modes:
09-23 02:26:57.403 32054 32541 I MobileGL: [02:26:57] [Android mgl-srv-apply/INFO]: Picked present mode: VK_PRESENT_MODE_MAILBOX_KHR
09-23 02:26:57.403 32054 32541 I MobileGL: [02:26:57] [Android mgl-srv-apply/INFO]: Set minImageCount = 11
09-23 02:26:57.403 32054 32541 I MobileGL: [02:26:57] [Android mgl-srv-apply/INFO]: Swapchain currentTransform = VK_SURFACE_TRANSFORM_IDENTITY_BIT_KHR
09-23 02:26:57.403 32054 32541 I MobileGL: [02:26:57] [Android mgl-srv-apply/INFO]: Swapchain imageUsage = 0x13 (supportedUsageFlags = 0x9f)
09-23 02:26:57.403 32054 32541 I MobileGL: [02:26:57] [Android mgl-srv-apply/INFO]: Set swapchain preTransform = VK_SURFACE_TRANSFORM_IDENTITY_BIT_KHR
09-23 02:26:57.406 32054 32541 I MobileGL: [02:26:57] [Android mgl-srv-apply/INFO]: Swapchain image views created
09-23 02:26:57.409 32054 32541 I MobileGL: [02:26:57] [Android mgl-srv-apply/INFO]: Swapchain created, extent = 854x480, swapchain imageCount = 11
09-23 02:26:57.409 32054 32541 I MobileGL: [02:26:57] [Android mgl-srv-apply/INFO]: DirectVulkan: suppressing depth writes on accumulation-blended pipelines (driver lacks cross-pipeline position invariance)
09-23 02:26:57.409 32054 32541 I MobileGL: [02:26:57] [Android mgl-srv-apply/INFO]: Vulkan shader subgroup support: detected=true advertised=true size=64 stages=0x30 operations=0x2bf
09-23 02:26:57.409 32054 32541 I MobileGL: [02:26:57] [Android mgl-srv-apply/INFO]: DirectVulkan: clamped GL_MAX_COMPUTE_SHADER_STORAGE_BLOCKS from 16777216 to 256
09-23 02:26:57.409 32054 32541 I MobileGL: [02:26:57] [Android mgl-srv-apply/INFO]: DirectVulkan: clamped GL_MAX_COMBINED_SHADER_STORAGE_BLOCKS from 16777216 to 256
09-23 02:26:57.409 32054 32541 I MobileGL: [02:26:57] [Android mgl-srv-apply/INFO]: DirectVulkan: clamped GL_MAX_COMPUTE_UNIFORM_BLOCKS from 16777216 to 256
09-23 02:26:57.409 32054 32541 I MobileGL: [02:26:57] [Android mgl-srv-apply/INFO]: DirectVulkan: clamped GL_MAX_SHADER_STORAGE_BUFFER_BINDINGS from 16777216 to 256
09-23 02:26:57.409 32054 32541 I MobileGL: [02:26:57] [Android mgl-srv-apply/INFO]: DirectVulkan: clamped GL_MAX_UNIFORM_BUFFER_BINDINGS from 16777216 to 256
09-23 02:26:57.409 32054 32541 I MobileGL: [02:26:57] [Android mgl-srv-apply/INFO]: DirectVulkan: clamped GL_MAX_SHADER_STORAGE_BLOCK_SIZE from 2147483647 to 536870912
09-23 02:26:57.409 32054 32541 E MobileGL: [02:26:57] [Android mgl-srv-apply/ERROR]: NormalizePixelFormat: outFormat: unhandled internalFormat: GL_STENCIL_INDEX8
09-23 02:26:57.409 32054 32541 E MobileGL: [02:26:57] [Android mgl-srv-apply/ERROR]: NormalizePixelFormat: outType: unhandled internalFormat: GL_STENCIL_INDEX8
09-23 02:26:57.411 32054 32541 I MobileGL: [02:26:57] [Android mgl-srv-apply/INFO]: Vulkan shader subgroup support: detected=true advertised=true size=64 stages=0x30 operations=0x2bf
09-23 02:26:57.411 32054 32541 I MobileGL: [02:26:57] [Android mgl-srv-apply/INFO]: DirectVulkan: clamped GL_MAX_COMPUTE_SHADER_STORAGE_BLOCKS from 16777216 to 256
09-23 02:26:57.411 32054 32541 I MobileGL: [02:26:57] [Android mgl-srv-apply/INFO]: DirectVulkan: clamped GL_MAX_COMBINED_SHADER_STORAGE_BLOCKS from 16777216 to 256
09-23 02:26:57.411 32054 32541 I MobileGL: [02:26:57] [Android mgl-srv-apply/INFO]: DirectVulkan: clamped GL_MAX_COMPUTE_UNIFORM_BLOCKS from 16777216 to 256
09-23 02:26:57.411 32054 32541 I MobileGL: [02:26:57] [Android mgl-srv-apply/INFO]: DirectVulkan: clamped GL_MAX_SHADER_STORAGE_BUFFER_BINDINGS from 16777216 to 256
09-23 02:26:57.411 32054 32541 I MobileGL: [02:26:57] [Android mgl-srv-apply/INFO]: DirectVulkan: clamped GL_MAX_UNIFORM_BUFFER_BINDINGS from 16777216 to 256
09-23 02:26:57.411 32054 32541 I MobileGL: [02:26:57] [Android mgl-srv-apply/INFO]: DirectVulkan: clamped GL_MAX_SHADER_STORAGE_BLOCK_SIZE from 2147483647 to 536870912
09-23 02:26:57.413 32054 32540 I MobileGL: [02:26:57] [Android MobileGLTraceRe/INFO]: MG_Remote client: CapsMirror generation 2 adopted (backend=1, callMask=0x3fff00000470)
09-23 02:26:57.413 32054 32540 I MobileGL: [02:26:57] [Android MobileGLTraceRe/INFO]: MG_Remote client: format capabilities filled from caps mirror generation 2
09-23 02:26:57.413 32054 32540 I MobileGL: [02:26:57] [Android MobileGLTraceRe/INFO]: MG_Remote client: CapsMirror generation 3 adopted (backend=1, callMask=0x3fff00000470)
09-23 02:26:57.413 32054 32540 I MobileGL: [02:26:57] [Android MobileGLTraceRe/INFO]: MG_Remote client: format capabilities filled from caps mirror generation 3
09-23 02:26:57.418 32054 32540 W MobileGL: [02:26:57] [Android MobileGLTraceRe/WARN]: Stub function: glDebugMessageControl(...)
09-23 02:26:58.620 32054 32541 W MobileGL: [02:26:58] [Android mgl-srv-apply/WARN]: GetOrCreatePipeline: patching vertex input location=4 format=82 -> 80 to match shader input type=35666 for program=7
09-23 02:26:59.892  7990  8728 I libc    : kill: send 15 to pid 32568
09-23 02:26:59.892  7990  8728 I libc    : debug pid reuse, real pid 32568
09-23 02:27:01.533 32054 32541 I libc    : handling signal: 6
09-23 02:27:01.533 32054 32541 F libc    : Fatal signal 6 (SIGABRT), code -1 (SI_QUEUE) in tid 32541 (mgl-srv-apply), pid 32054 (ugin.p7w1.trace)
09-23 02:27:01.533 32054 32541 I libc    : debuggerd_dispatch_pseudothread start. crashing tid: 32541
09-23 02:27:01.659 32054 32541 I libc    : crash_dump pid: 32586
09-23 02:27:01.767 32586 32586 W libc    : Access denied finding property "persist.vendor.track.malloc.enable"
09-23 02:27:01.767 32586 32586 W libc    : Access denied finding property "persist.vendor.fd.monitor.enable"
09-23 02:27:02.667 32587 32587 F DEBUG   :       #00 pc 000000000007184c  /apex/com.android.runtime/lib64/bionic/libc.so (abort+160) (BuildId: 223a572c9f034c6a9337d8b3bedc75f3)
09-23 02:27:02.667 32587 32587 F DEBUG   :       #01 pc 000000000005d814  /apex/com.android.runtime/lib64/bionic/libc.so (scudo::die()+12) (BuildId: 223a572c9f034c6a9337d8b3bedc75f3)
09-23 02:27:02.667 32587 32587 F DEBUG   :       #02 pc 000000000005e264  /apex/com.android.runtime/lib64/bionic/libc.so (scudo::reportRawError(char const*)+32) (BuildId: 223a572c9f034c6a9337d8b3bedc75f3)
09-23 02:27:02.667 32587 32587 F DEBUG   :       #03 pc 000000000005eb04  /apex/com.android.runtime/lib64/bionic/libc.so (scudo::reportMapError(unsigned long)+176) (BuildId: 223a572c9f034c6a9337d8b3bedc75f3)
09-23 02:27:02.667 32587 32587 F DEBUG   :       #04 pc 000000000005de68  /apex/com.android.runtime/lib64/bionic/libc.so (scudo::MemMapLinux::remapImpl(unsigned long, unsigned long, char const*, unsigned long)+216) (BuildId: 223a572c9f034c6a9337d8b3bedc75f3)
09-23 02:27:02.667 32587 32587 F DEBUG   :       #05 pc 00000000000628b0  /apex/com.android.runtime/lib64/bionic/libc.so (scudo::MapAllocator<scudo::SecondaryConfig<scudo::AndroidNormalConfig>>::allocate(scudo::Options const&, unsigned long, unsigned long, unsigned long*, scudo::FillContentsMode)+464) (BuildId: 223a572c9f034c6a9337d8b3bedc75f3)
09-23 02:27:02.667 32587 32587 F DEBUG   :       #06 pc 000000000005fbd0  /apex/com.android.runtime/lib64/bionic/libc.so (scudo::Allocator<scudo::AndroidNormalConfig, &scudo_malloc_postinit>::allocate(unsigned long, scudo::Chunk::Origin, unsigned long, bool)+904) (BuildId: 223a572c9f034c6a9337d8b3bedc75f3)
09-23 02:27:02.667 32587 32587 F DEBUG   :       #07 pc 000000000005f7c0  /apex/com.android.runtime/lib64/bionic/libc.so (scudo_calloc+52) (BuildId: 223a572c9f034c6a9337d8b3bedc75f3)
09-23 02:27:02.667 32587 32587 F DEBUG   :       #08 pc 000000000005950c  /apex/com.android.runtime/lib64/bionic/libc.so (calloc+60) (BuildId: 223a572c9f034c6a9337d8b3bedc75f3)
09-23 02:27:02.667 32587 32587 F DEBUG   :       #14 pc 000000000088586c  /data/app/~~GTtJpgg4160VWYt1KJ1Fww==/top.mobilegl.plugin.p7w1.trace-yro313nlE_p3MnRQTGbTyQ==/lib/arm64/libMobileGL.so (BuildId: c18ad8c4a37ba920181e8e4a40c555021f01fb5d)
09-23 02:27:02.668 32587 32587 F DEBUG   :       #15 pc 000000000089eee4  /data/app/~~GTtJpgg4160VWYt1KJ1Fww==/top.mobilegl.plugin.p7w1.trace-yro313nlE_p3MnRQTGbTyQ==/lib/arm64/libMobileGL.so (BuildId: c18ad8c4a37ba920181e8e4a40c555021f01fb5d)
09-23 02:27:02.668 32587 32587 F DEBUG   :       #16 pc 0000000000859508  /data/app/~~GTtJpgg4160VWYt1KJ1Fww==/top.mobilegl.plugin.p7w1.trace-yro313nlE_p3MnRQTGbTyQ==/lib/arm64/libMobileGL.so (BuildId: c18ad8c4a37ba920181e8e4a40c555021f01fb5d)
09-23 02:27:02.668 32587 32587 F DEBUG   :       #17 pc 00000000009c5828  /data/app/~~GTtJpgg4160VWYt1KJ1Fww==/top.mobilegl.plugin.p7w1.trace-yro313nlE_p3MnRQTGbTyQ==/lib/arm64/libMobileGL.so (BuildId: c18ad8c4a37ba920181e8e4a40c555021f01fb5d)
09-23 02:27:02.668 32587 32587 F DEBUG   :       #18 pc 00000000009a3370  /data/app/~~GTtJpgg4160VWYt1KJ1Fww==/top.mobilegl.plugin.p7w1.trace-yro313nlE_p3MnRQTGbTyQ==/lib/arm64/libMobileGL.so (BuildId: c18ad8c4a37ba920181e8e4a40c555021f01fb5d)
09-23 02:27:02.668 32587 32587 F DEBUG   :       #19 pc 00000000009a3d4c  /data/app/~~GTtJpgg4160VWYt1KJ1Fww==/top.mobilegl.plugin.p7w1.trace-yro313nlE_p3MnRQTGbTyQ==/lib/arm64/libMobileGL.so (BuildId: c18ad8c4a37ba920181e8e4a40c555021f01fb5d)
09-23 02:27:02.668 32587 32587 F DEBUG   :       #20 pc 00000000009c6d60  /data/app/~~GTtJpgg4160VWYt1KJ1Fww==/top.mobilegl.plugin.p7w1.trace-yro313nlE_p3MnRQTGbTyQ==/lib/arm64/libMobileGL.so (BuildId: c18ad8c4a37ba920181e8e4a40c555021f01fb5d)
09-23 02:27:02.668 32587 32587 F DEBUG   :       #21 pc 00000000009c9e50  /data/app/~~GTtJpgg4160VWYt1KJ1Fww==/top.mobilegl.plugin.p7w1.trace-yro313nlE_p3MnRQTGbTyQ==/lib/arm64/libMobileGL.so (BuildId: c18ad8c4a37ba920181e8e4a40c555021f01fb5d)
09-23 02:27:02.668 32587 32587 F DEBUG   :       #22 pc 00000000009c9814  /data/app/~~GTtJpgg4160VWYt1KJ1Fww==/top.mobilegl.plugin.p7w1.trace-yro313nlE_p3MnRQTGbTyQ==/lib/arm64/libMobileGL.so (BuildId: c18ad8c4a37ba920181e8e4a40c555021f01fb5d)
09-23 02:27:02.668 32587 32587 F DEBUG   :       #23 pc 00000000009cbb4c  /data/app/~~GTtJpgg4160VWYt1KJ1Fww==/top.mobilegl.plugin.p7w1.trace-yro313nlE_p3MnRQTGbTyQ==/lib/arm64/libMobileGL.so (BuildId: c18ad8c4a37ba920181e8e4a40c555021f01fb5d)
09-23 02:27:02.668 32587 32587 F DEBUG   :       #24 pc 0000000000082d74  /apex/com.android.runtime/lib64/bionic/libc.so (__pthread_start(void*)+184) (BuildId: 223a572c9f034c6a9337d8b3bedc75f3)
09-23 02:27:02.668 32587 32587 F DEBUG   :       #25 pc 00000000000751f0  /apex/com.android.runtime/lib64/bionic/libc.so (__start_thread+68) (BuildId: 223a572c9f034c6a9337d8b3bedc75f3)
09-23 02:27:02.982 32587 32587 I libc    : tombstoned_notify_completion, socket: 8
09-23 02:27:02.996 32054 32497 I libc    : handling signal: 6
09-23 02:27:03.010  4411  5837 D RecentsTaskLoader: reloadTasksData [TaskKey{id=297, stackId=0, baseIntent=Intent { act=top.mobilegl.plugin.TRACE_REPLAY flg=0x10000000 cmp=top.mobilegl.plugin.p7w1.trace/top.mobilegl.plugin.trace.TraceReplayActivity }, userId=0, lastActiveTime=1278254, windowingMode=1, isThumbnailBlur=false, isAccessLocked=false, isScreening=false, topActivity=null, mHashCode=9771479}, title=MobileGL, titleDescription=MobileGL, bounds=null, isLaunchTarget=false, isStackTask=true, isSystemApp=false, isDockable=true, baseActivity=null, isLocked=false, mNeedHide=false, hasMultipleTasks=false, cti1Key=, cti2Key=, cti1Task=, cti2Task=] 
09-23 02:27:03.023  6687  7097 D DigestGenerator:  /apex/com.android.runtime/lib/bionic/libc.so (abort+) ()
09-23 02:27:03.023  6687  7097 D DigestGenerator:  /apex/com.android.runtime/lib/bionic/libc.so (scudo::die()+) ()
09-23 02:27:03.023  6687  7097 D DigestGenerator:  /apex/com.android.runtime/lib/bionic/libc.so (scudo::reportRawError(char const*)+) ()
09-23 02:27:03.023  6687  7097 D DigestGenerator:  /apex/com.android.runtime/lib/bionic/libc.so (scudo::reportMapError(unsigned long)+) ()
09-23 02:27:03.023  6687  7097 D DigestGenerator:  /apex/com.android.runtime/lib/bionic/libc.so (scudo::MemMapLinux::remapImpl(unsigned long, unsigned long, char const*, unsigned long)+) ()
09-23 02:27:03.023  6687  7097 D DigestGenerator:  /apex/com.android.runtime/lib/bionic/libc.so (scudo::MapAllocator<scudo::SecondaryConfig<scudo::AndroidNormalConfig>>::allocate(scudo::Options const&, unsigned long, unsigned long, unsigned long*, scudo::FillContentsMode)+) ()
09-23 02:27:03.023  6687  7097 D DigestGenerator:  /apex/com.android.runtime/lib/bionic/libc.so (scudo::Allocator<scudo::AndroidNormalConfig, &scudo_malloc_postinit>::allocate(unsigned long, scudo::Chunk::Origin, unsigned long, bool)+) ()
09-23 02:27:03.023  6687  7097 D DigestGenerator:  /apex/com.android.runtime/lib/bionic/libc.so (scudo_calloc+) ()
09-23 02:27:03.023  6687  7097 D DigestGenerator:  /apex/com.android.runtime/lib/bionic/libc.so (calloc+) ()
09-23 02:27:03.023  6687  7097 D DigestGenerator:  XXlib/arm/libMobileGL.so ()
09-23 02:27:03.023  6687  7097 D DigestGenerator:  XXlib/arm/libMobileGL.so ()
09-23 02:27:03.023  6687  7097 D DigestGenerator:  XXlib/arm/libMobileGL.so ()
09-23 02:27:03.023  6687  7097 D DigestGenerator:  XXlib/arm/libMobileGL.so ()
09-23 02:27:03.023  6687  7097 D DigestGenerator:  XXlib/arm/libMobileGL.so ()
09-23 02:27:03.023  6687  7097 D DigestGenerator:  XXlib/arm/libMobileGL.so ()
09-23 02:27:03.023  6687  7097 D DigestGenerator:  XXlib/arm/libMobileGL.so ()
09-23 02:27:03.023  6687  7097 D DigestGenerator:  XXlib/arm/libMobileGL.so ()
09-23 02:27:03.023  6687  7097 D DigestGenerator:  XXlib/arm/libMobileGL.so ()
09-23 02:27:03.023  6687  7097 D DigestGenerator:  XXlib/arm/libMobileGL.so ()
09-23 02:27:03.023  6687  7097 D DigestGenerator:  /apex/com.android.runtime/lib/bionic/libc.so (__pthread_start(void*)+) ()
09-23 02:27:03.023  6687  7097 D DigestGenerator:  /apex/com.android.runtime/lib/bionic/libc.so (__start_thread+) ()
09-23 02:27:03.024  6687  7097 D MiSightJni: MiSight: Java_com_miui_misight_MiSight_nativeSendEvent enter called. '{"Stacktrace":"#14 pc 000000000088586c  \/data\/app\/~~GTtJpgg4160VWYt1KJ1Fww==\/top.mobilegl.plugin.p7w1.trace-yro313nlE_p3MnRQTGbTyQ==\/lib\/arm64\/libMobileGL.so (BuildId: c18ad8c4a37ba920181e8e4a40c555021f01fb5d)\n      #15 pc 000000000089eee4  \/data\/app\/~~GTtJpgg4160VWYt1KJ1Fww==\/top.mobilegl.plugin.p7w1.trace-yro313nlE_p3MnRQTGbTyQ==\/lib\/arm64\/libMobileGL.so (BuildId: c18ad8c4a37ba920181e8e4a40c555021f01fb5d)\n      #16 pc 0000000000859508  \/data\/app\/~~GTtJpgg4160VWYt1KJ1Fww==\/top.mobilegl.plugin.p7w1.trace-yro313nlE_p3MnRQTGbTyQ==\/lib\/arm64\/libMobileGL.so (BuildId: c18ad8c4a37ba920181e8e4a40c555021f01fb5d)\n      #17 pc 00000000009c5828  \/data\/app\/~~GTtJpgg4160VWYt1KJ1Fww==\/top.mobilegl.plugin.p7w1.trace-yro313nlE_p3MnRQTGbTyQ==\/lib\/arm64\/libMobileGL.so (BuildId: c18ad8c4a37ba920181e8e4a40c555021f01fb5d)\n      #18 pc 00000000009a3370  \/data\/app\/~~GTtJpgg4160VWYt1KJ1Fww==\/top.mobilegl.plugin.p7w1.trace-yro31
09-23 02:27:03.024  6687  7097 D MiEvent : flatten EventId 901001003 -t 1790101623 -paraList {"CrashType":"100000000","CurrentTime":1790101622000,"Digest":"636d98e836715b816b6d28102d1241e6","Keyword":"{\"vn\":\"26.09.d260f11-trace\",\"vc\":\"26090876\",\"isRoot\":false,\"count\":1,\"preInstalled\":false,\"unfold\":false,\"ram\":15,\"rom\":264}","PackageName":"top.mobilegl.plugin.p7w1.trace","Stacktrace":"#14 pc 000000000088586c  /data/app/~~GTtJpgg4160VWYt1KJ1Fww==/top.mobilegl.plugin.p7w1.trace-yro313nlE_p3MnRQTGbTyQ==/lib/arm64/libMobileGL.so (BuildId: c18ad8c4a37ba920181e8e4a40c555021f01fb5d)\n      #15 pc 000000000089eee4  /data/app/~~GTtJpgg4160VWYt1KJ1Fww==/top.mobilegl.plugin.p7w1.trace-yro313nlE_p3MnRQTGbTyQ==/lib/arm64/libMobileGL.so (BuildId: c18ad8c4a37ba920181e8e4a40c555021f01fb5d)\n      #16 pc 0000000000859508  /data/app/~~GTtJpgg4160VWYt1KJ1Fww==/top.mobilegl.plugin.p7w1.trace-yro313nlE_p3MnRQTGbTyQ==/lib/arm64/libMobileGL.so (BuildId: c18ad8c4a37ba920181e8e4a40c555021f01fb5d)\n      #17 pc 00000000009c5828  /data/app/~~GTtJpgg4160VWYt
09-23 02:27:03.024  6687  7097 D MiEvent : report:EventId 901001003 -t 1790101623 -paraList {"CrashType":"100000000","CurrentTime":1790101622000,"Digest":"636d98e836715b816b6d28102d1241e6","Keyword":"{\"vn\":\"26.09.d260f11-trace\",\"vc\":\"26090876\",\"isRoot\":false,\"count\":1,\"preInstalled\":false,\"unfold\":false,\"ram\":15,\"rom\":264}","PackageName":"top.mobilegl.plugin.p7w1.trace","Stacktrace":"#14 pc 000000000088586c  /data/app/~~GTtJpgg4160VWYt1KJ1Fww==/top.mobilegl.plugin.p7w1.trace-yro313nlE_p3MnRQTGbTyQ==/lib/arm64/libMobileGL.so (BuildId: c18ad8c4a37ba920181e8e4a40c555021f01fb5d)\n      #15 pc 000000000089eee4  /data/app/~~GTtJpgg4160VWYt1KJ1Fww==/top.mobilegl.plugin.p7w1.trace-yro313nlE_p3MnRQTGbTyQ==/lib/arm64/libMobileGL.so (BuildId: c18ad8c4a37ba920181e8e4a40c555021f01fb5d)\n      #16 pc 0000000000859508  /data/app/~~GTtJpgg4160VWYt1KJ1Fww==/top.mobilegl.plugin.p7w1.trace-yro313nlE_p3MnRQTGbTyQ==/lib/arm64/libMobileGL.so (BuildId: c18ad8c4a37ba920181e8e4a40c555021f01fb5d)\n      #17 pc 00000000009c5828  /data/app/~~GTtJpgg4160VWYt1
09-23 02:27:03.034  2024  2024 W libc    : Access denied finding property "vendor.gpp.create_frc_extension"
09-23 02:27:03.068  4411  4411 I WindowAnimParamsProvider: getClosingWindowAnimParams getClosingShortcutIcon task before=  [TaskKey{id=297, stackId=0, baseIntent=Intent { act=top.mobilegl.plugin.TRACE_REPLAY flg=0x10000000 cmp=top.mobilegl.plugin.p7w1.trace/top.mobilegl.plugin.trace.TraceReplayActivity }, userId=0, lastActiveTime=1278254, windowingMode=1, isThumbnailBlur=false, isAccessLocked=false, isScreening=false, topActivity=null, mHashCode=9771479}, title=MobileGL, titleDescription=MobileGL, bounds=null, isLaunchTarget=false, isStackTask=true, isSystemApp=false, isDockable=true, baseActivity=null, isLocked=false, mNeedHide=false, hasMultipleTasks=false, cti1Key=, cti2Key=, cti1Task=, cti2Task=] 
09-23 02:27:03.068  4411  4411 I WindowAnimParamsProvider: getClosingWindowAnimParams getClosingShortcutIcon task after=  [TaskKey{id=297, stackId=0, baseIntent=Intent { act=top.mobilegl.plugin.TRACE_REPLAY flg=0x10000000 cmp=top.mobilegl.plugin.p7w1.trace/top.mobilegl.plugin.trace.TraceReplayActivity }, userId=0, lastActiveTime=1278254, windowingMode=1, isThumbnailBlur=false, isAccessLocked=false, isScreening=false, topActivity=null, mHashCode=9771479}, title=MobileGL, titleDescription=MobileGL, bounds=null, isLaunchTarget=false, isStackTask=true, isSystemApp=false, isDockable=true, baseActivity=null, isLocked=false, mNeedHide=false, hasMultipleTasks=false, cti1Key=, cti2Key=, cti1Task=, cti2Task=] 
09-23 02:27:03.068  4411  4411 I WindowAnimParamsProvider: getUserIdFromRemoteTarget task before=  [TaskKey{id=297, stackId=0, baseIntent=Intent { act=top.mobilegl.plugin.TRACE_REPLAY flg=0x10000000 cmp=top.mobilegl.plugin.p7w1.trace/top.mobilegl.plugin.trace.TraceReplayActivity }, userId=0, lastActiveTime=1278254, windowingMode=1, isThumbnailBlur=false, isAccessLocked=false, isScreening=false, topActivity=null, mHashCode=9771479}, title=MobileGL, titleDescription=MobileGL, bounds=null, isLaunchTarget=false, isStackTask=true, isSystemApp=false, isDockable=true, baseActivity=null, isLocked=false, mNeedHide=false, hasMultipleTasks=false, cti1Key=, cti2Key=, cti1Task=, cti2Task=] 
09-23 02:27:03.068  4411  4411 I WindowAnimParamsProvider: getUserIdFromRemoteTarget task after=  [TaskKey{id=297, stackId=0, baseIntent=Intent { act=top.mobilegl.plugin.TRACE_REPLAY flg=0x10000000 cmp=top.mobilegl.plugin.p7w1.trace/top.mobilegl.plugin.trace.TraceReplayActivity }, userId=0, lastActiveTime=1278254, windowingMode=1, isThumbnailBlur=false, isAccessLocked=false, isScreening=false, topActivity=null, mHashCode=9771479}, title=MobileGL, titleDescription=MobileGL, bounds=null, isLaunchTarget=false, isStackTask=true, isSystemApp=false, isDockable=true, baseActivity=null, isLocked=false, mNeedHide=false, hasMultipleTasks=false, cti1Key=, cti2Key=, cti1Task=, cti2Task=] 
09-23 02:27:03.105  4411  5837 D RecentsTaskLoader: reloadTasksData [TaskKey{id=297, stackId=0, baseIntent=Intent { act=top.mobilegl.plugin.TRACE_REPLAY flg=0x10000000 cmp=top.mobilegl.plugin.p7w1.trace/top.mobilegl.plugin.trace.TraceReplayActivity }, userId=0, lastActiveTime=1278254, windowingMode=1, isThumbnailBlur=false, isAccessLocked=false, isScreening=false, topActivity=null, mHashCode=9771479}, title=MobileGL, titleDescription=MobileGL, bounds=null, isLaunchTarget=false, isStackTask=true, isSystemApp=false, isDockable=true, baseActivity=null, isLocked=false, mNeedHide=false, hasMultipleTasks=false, cti1Key=, cti2Key=, cti1Task=, cti2Task=] 
09-23 02:27:03.515  3176  3422 I libc    : kill: send 9 to pid -32054
09-23 02:27:03.515  3176  3422 I libc    : debug pid reuse, real pid -32054
09-23 02:27:03.516  3176  3422 I libc    : kill: send 9 to pid -32054
09-23 02:27:03.516  3176  3422 I libc    : debug pid reuse, real pid -32054
09-23 02:27:03.709  4411  5837 D RecentsTaskLoader: reloadTasksData [TaskKey{id=297, stackId=0, baseIntent=Intent { act=top.mobilegl.plugin.TRACE_REPLAY flg=0x10000000 cmp=top.mobilegl.plugin.p7w1.trace/top.mobilegl.plugin.trace.TraceReplayActivity }, userId=0, lastActiveTime=1278254, windowingMode=1, isThumbnailBlur=false, isAccessLocked=false, isScreening=false, topActivity=null, mHashCode=9771479}, title=MobileGL, titleDescription=MobileGL, bounds=null, isLaunchTarget=false, isStackTask=true, isSystemApp=false, isDockable=true, baseActivity=null, isLocked=false, mNeedHide=false, hasMultipleTasks=false, cti1Key=, cti2Key=, cti1Task=, cti2Task=] 
09-23 02:27:03.725  3176  4362 W libc    : Access denied finding property "vendor.video.jpegopt.enable"
09-23 02:27:03.725  3176  4362 W libc    : Access denied finding property "vendor.video.jpegopt.enable"
trace-replay-ci.sh: app trace-replay files:
/data/user/0/top.mobilegl.plugin.p7w1.trace/files/trace-replay:
total 12
drwxrwxrwx 4 u0_a318 u0_a318 3452 2026-09-23 02:26 .
drwxrwxrwx 3 u0_a318 u0_a318 3452 2026-09-23 02:26 ..
drwxrwxrwx 2 u0_a318 u0_a318 3452 2026-09-23 02:26 input
drwxrwxrwx 2 u0_a318 u0_a318 3452 2026-09-23 02:26 output

/data/user/0/top.mobilegl.plugin.p7w1.trace/files/trace-replay/input:
total 7474
drwxrwxrwx 2 u0_a318 u0_a318    3452 2026-09-23 02:26 .
drwxrwxrwx 4 u0_a318 u0_a318    3452 2026-09-23 02:26 ..
-rw-r--r-- 1 u0_a318 u0_a318  227372 2026-09-23 02:26 golden.png
-rw-r--r-- 1 u0_a318 u0_a318 7409935 2026-09-23 02:26 trace.trace

/data/user/0/top.mobilegl.plugin.p7w1.trace/files/trace-replay/output:
total 42
drwxrwxrwx 2 u0_a318 u0_a318  3452 2026-09-23 02:26 .
drwxrwxrwx 4 u0_a318 u0_a318  3452 2026-09-23 02:26 ..
-rw------- 1 u0_a318 u0_a318  6897 2026-09-23 02:26 mobilegl.client.log
-rw------- 1 u0_a318 u0_a318 22783 2026-09-23 02:26 mobilegl.server.log
-rw------- 1 u0_a318 u0_a318   186 2026-09-23 02:27 retrace.log
archived repeat 1 to .trace-work\p7w1\E0a-inproc\minecraft-1.21.4-fabric-iris-bsl-esc-menu-854-DirectVulkan\repeat-01
C:\Users\geekerwan\AndroidStudioProjects\FoldCraftLauncher\MobileGL-disagg\.trace-work\android-retrace-summary\mobilegl-android-retrace-overview.html
