=== Android retrace: OpenRA / DirectVulkan (repeat 1/1) ===
C:\Users\geekerwan\AndroidStudioProjects\FoldCraftLauncher\MobileGL-disagg\.trace-work\android-retrace-fixture\OpenRA\openra.trace: 1 file pushed, 0 skipped. 67.8 MB/s (22192645 bytes in 0.312s)
C:\Users\geekerwan\AndroidStudioProjects\FoldCraftLauncher\MobileGL-disagg\tools\trace_replay\fixtures\openra.0000031249.png: 1 file pushed, 0 skipped. 21.9 MB/s (403752 bytes in 0.018s)
Starting: Intent { act=top.mobilegl.plugin.TRACE_REPLAY cmp=top.mobilegl.plugin.p7w1.trace/top.mobilegl.plugin.trace.TraceReplayActivity (has extras) }
{
  "passed": false,
  "statusCode": 6,
  "message": "retrace completed; ssim=0.988998, ssimThreshold=0.990000, mismatchPixels=9836, matchedGoldenPath=/data/user/0/top.mobilegl.plugin.p7w1.trace/files/trace-replay/input/golden.png",
  "tracePath": "/data/user/0/top.mobilegl.plugin.p7w1.trace/files/trace-replay/input/trace.trace",
  "goldenPath": "/data/user/0/top.mobilegl.plugin.p7w1.trace/files/trace-replay/input/golden.png",
  "alternateGoldenPaths": [],
  "matchedGoldenPath": "/data/user/0/top.mobilegl.plugin.p7w1.trace/files/trace-replay/input/golden.png",
  "actualPath": "/data/user/0/top.mobilegl.plugin.p7w1.trace/files/trace-replay/output/actual.png",
  "diffPath": "/data/user/0/top.mobilegl.plugin.p7w1.trace/files/trace-replay/output/OpenRA-diff.png",
  "backend": "DirectVulkan",
  "angleVariant": "",
  "targetFrame": -1,
  "targetCall": 31249,
  "width": 640,
  "height": 480,
  "cropX": 1,
  "cropY": 1,
  "cropWidth": 638,
  "cropHeight": 478,
  "ssim": 0.988997893,
  "ssimThreshold": 0.990000000,
  "useAngle": false,
  "usePbuffer": true,
  "avoidAngleLlvmpipeSamplerMipmapMinFilter": false,
  "avoidAngleLlvmpipeExplicitLodBias": false,
  "fixIterationRPSubgroupScratch": false,
  "deriveNumSubgroups": false,
  "iterationRPFixBarrier": false,
  "holdMs": 0,
  "mismatchPixels": 9836
}
trace-replay-ci.sh: tail of mobilegl.log:
[02:38:12] [Android mgl-srv-apply/INFO]:     VK_QCOM_render_pass_shader_resolve (r.4)
[02:38:12] [Android mgl-srv-apply/INFO]:     VK_KHR_maintenance1 (r.2)
[02:38:12] [Android mgl-srv-apply/INFO]:     VK_KHR_maintenance2 (r.1)
[02:38:12] [Android mgl-srv-apply/INFO]:     VK_KHR_maintenance3 (r.1)
[02:38:12] [Android mgl-srv-apply/INFO]:     VK_KHR_maintenance4 (r.2)
[02:38:12] [Android mgl-srv-apply/INFO]:     VK_KHR_maintenance5 (r.1)
[02:38:12] [Android mgl-srv-apply/INFO]:     VK_KHR_maintenance6 (r.1)
[02:38:12] [Android mgl-srv-apply/INFO]:     VK_KHR_separate_depth_stencil_layouts (r.1)
[02:38:12] [Android mgl-srv-apply/INFO]:     VK_EXT_image_robustness (r.1)
[02:38:12] [Android mgl-srv-apply/INFO]:     VK_EXT_calibrated_timestamps (r.2)
[02:38:12] [Android mgl-srv-apply/INFO]:     VK_KHR_buffer_device_address (r.1)
[02:38:12] [Android mgl-srv-apply/INFO]:     VK_EXT_extended_dynamic_state (r.1)
[02:38:12] [Android mgl-srv-apply/INFO]:     VK_EXT_queue_family_foreign (r.1)
[02:38:12] [Android mgl-srv-apply/INFO]:     VK_KHR_shader_quad_control (r.1)
[02:38:12] [Android mgl-srv-apply/INFO]:     VK_EXT_image_view_min_lod (r.1)
[02:38:12] [Android mgl-srv-apply/INFO]:     VK_ANDROID_external_format_resolve (r.1)
[02:38:12] [Android mgl-srv-apply/INFO]:     VK_QCOM_ycbcr_degamma (r.1)
[02:38:12] [Android mgl-srv-apply/INFO]:     VK_KHR_bind_memory2 (r.1)
[02:38:12] [Android mgl-srv-apply/INFO]:     VK_EXT_pipeline_protected_access (r.1)
[02:38:12] [Android mgl-srv-apply/INFO]:     VK_KHR_external_semaphore (r.1)
[02:38:12] [Android mgl-srv-apply/INFO]:     VK_KHR_shader_terminate_invocation (r.1)
[02:38:12] [Android mgl-srv-apply/INFO]:     VK_QCOM_fragment_density_map_offset (r.2)
[02:38:12] [Android mgl-srv-apply/INFO]:     VK_EXT_scalar_block_layout (r.1)
[02:38:12] [Android mgl-srv-apply/INFO]:     VK_KHR_map_memory2 (r.1)
[02:38:12] [Android mgl-srv-apply/INFO]:     VK_EXT_load_store_op_none (r.1)
[02:38:12] [Android mgl-srv-apply/INFO]:     VK_KHR_load_store_op_none (r.1)
[02:38:12] [Android mgl-srv-apply/INFO]:     VK_KHR_shader_maximal_reconvergence (r.1)
[02:38:12] [Android mgl-srv-apply/INFO]:     VK_KHR_sampler_ycbcr_conversion (r.14)
[02:38:12] [Android mgl-srv-apply/INFO]:     VK_EXT_vertex_attribute_divisor (r.3)
[02:38:12] [Android mgl-srv-apply/INFO]:     VK_KHR_variable_pointers (r.1)
[02:38:12] [Android mgl-srv-apply/INFO]:     VK_QCOM_multiview_per_view_viewports (r.1)
[02:38:12] [Android mgl-srv-apply/INFO]:     VK_KHR_ray_query (r.1)
[02:38:12] [Android mgl-srv-apply/INFO]:     VK_EXT_primitives_generated_query (r.1)
[02:38:12] [Android mgl-srv-apply/INFO]:     VK_KHR_push_descriptor (r.2)
[02:38:12] [Android mgl-srv-apply/INFO]:     VK_KHR_timeline_semaphore (r.2)
[02:38:12] [Android mgl-srv-apply/INFO]:     VK_EXT_device_memory_report (r.2)
[02:38:12] [Android mgl-srv-apply/INFO]:     VK_KHR_shader_subgroup_rotate (r.2)
[02:38:12] [Android mgl-srv-apply/INFO]:     VK_KHR_imageless_framebuffer (r.1)
[02:38:12] [Android mgl-srv-apply/INFO]:     VK_KHR_device_group (r.4)
[02:38:12] [Android mgl-srv-apply/INFO]:     VK_EXT_device_fault (r.2)
[02:38:12] [Android mgl-srv-apply/INFO]:     VK_KHR_relaxed_block_layout (r.1)
[02:38:12] [Android mgl-srv-apply/INFO]:     VK_KHR_shader_expect_assume (r.1)
[02:38:12] [Android mgl-srv-apply/INFO]:     VK_KHR_shader_atomic_int64 (r.1)
[02:38:12] [Android mgl-srv-apply/INFO]:     VK_KHR_external_fence (r.1)
[02:38:12] [Android mgl-srv-apply/INFO]:     VK_KHR_shader_non_semantic_info (r.1)
[02:38:12] [Android mgl-srv-apply/INFO]:     VK_EXT_shader_atomic_float (r.1)
[02:38:12] [Android mgl-srv-apply/INFO]:     VK_EXT_custom_border_color (r.12)
[02:38:12] [Android mgl-srv-apply/INFO]:     VK_EXT_host_query_reset (r.1)
[02:38:12] [Android mgl-srv-apply/INFO]:     VK_EXT_index_type_uint8 (r.1)
[02:38:12] [Android mgl-srv-apply/INFO]:     VK_KHR_multiview (r.1)
[02:38:12] [Android mgl-srv-apply/INFO]:     VK_KHR_storage_buffer_storage_class (r.1)
[02:38:12] [Android mgl-srv-apply/INFO]:     VK_EXT_fragment_density_map2 (r.1)
[02:38:12] [Android mgl-srv-apply/INFO]:     VK_QCOM_filter_cubic_weights (r.1)
[02:38:12] [Android mgl-srv-apply/INFO]:     VK_KHR_workgroup_memory_explicit_layout (r.1)
[02:38:12] [Android mgl-srv-apply/INFO]:     VK_QCOM_rotated_copy_commands (r.2)
[02:38:12] [Android mgl-srv-apply/INFO]:     VK_KHR_shader_subgroup_extended_types (r.1)
[02:38:12] [Android mgl-srv-apply/INFO]:     VK_EXT_external_memory_acquire_unmodified (r.1)
[02:38:12] [Android mgl-srv-apply/INFO]:     VK_EXT_private_data (r.1)
[02:38:12] [Android mgl-srv-apply/INFO]:     VK_EXT_descriptor_buffer (r.1)
[02:38:12] [Android mgl-srv-apply/INFO]:     VK_EXT_conditional_rendering (r.2)
[02:38:12] [Android mgl-srv-apply/INFO]:     VK_EXT_mutable_descriptor_type (r.1)
[02:38:12] [Android mgl-srv-apply/INFO]:     VK_EXT_pipeline_creation_cache_control (r.3)
[02:38:12] [Android mgl-srv-apply/INFO]:     VK_EXT_robustness2 (r.1)
[02:38:12] [Android mgl-srv-apply/INFO]:     VK_KHR_shader_clock (r.1)
[02:38:12] [Android mgl-srv-apply/INFO]:     VK_EXT_shader_module_identifier (r.1)
[02:38:12] [Android mgl-srv-apply/INFO]:     VK_KHR_vertex_attribute_divisor (r.1)
[02:38:12] [Android mgl-srv-apply/INFO]:     VK_EXT_global_priority_query (r.1)
[02:38:12] [Android mgl-srv-apply/INFO]:     VK_EXT_separate_stencil_usage (r.1)
[02:38:12] [Android mgl-srv-apply/INFO]:     VK_EXT_border_color_swizzle (r.1)
[02:38:12] [Android mgl-srv-apply/INFO]:     VK_EXT_vertex_input_dynamic_state (r.2)
[02:38:12] [Android mgl-srv-apply/INFO]:     VK_IMG_filter_cubic (r.1)
[02:38:12] [Android mgl-srv-apply/INFO]:     VK_EXT_filter_cubic (r.3)
[02:38:12] [Android mgl-srv-apply/INFO]:     VK_EXT_shader_subgroup_vote (r.1)
[02:38:12] [Android mgl-srv-apply/INFO]:     VK_EXT_device_address_binding_report (r.1)
[02:38:12] [Android mgl-srv-apply/INFO]:     VK_NV_optical_flow (r.1)
[02:38:12] [Android mgl-srv-apply/INFO]:     VK_QCOM_tile_properties (r.1)
[02:38:12] [Android mgl-srv-apply/INFO]:     VK_KHR_image_format_list (r.1)
[02:38:12] [Android mgl-srv-apply/INFO]:     VK_EXT_sampler_filter_minmax (r.2)
[02:38:12] [Android mgl-srv-apply/INFO]:     VK_KHR_16bit_storage (r.1)
[02:38:12] [Android mgl-srv-apply/INFO]:     VK_EXT_shader_viewport_index_layer (r.1)
[02:38:12] [Android mgl-srv-apply/INFO]:     VK_KHR_pipeline_executable_properties (r.1)
[02:38:12] [Android mgl-srv-apply/INFO]:     VK_EXT_shader_demote_to_helper_invocation (r.1)
[02:38:12] [Android mgl-srv-apply/INFO]:     VK_EXT_color_write_enable (r.1)
[02:38:12] [Android mgl-srv-apply/INFO]:     VK_KHR_dynamic_rendering_local_read (r.1)
[02:38:12] [Android mgl-srv-apply/INFO]:     VK_QCOM_render_pass_transform (r.4)
[02:38:12] [Android mgl-srv-apply/INFO]:     VK_KHR_create_renderpass2 (r.1)
[02:38:12] [Android mgl-srv-apply/INFO]:     VK_EXT_shader_image_atomic_int64 (r.1)
[02:38:12] [Android mgl-srv-apply/INFO]:     VK_KHR_acceleration_structure (r.13)
[02:38:12] [Android mgl-srv-apply/INFO]:     VK_EXT_depth_clip_control (r.1)
[02:38:12] [Android mgl-srv-apply/INFO]:     VK_EXT_transform_feedback (r.1)
[02:38:12] [Android mgl-srv-apply/INFO]:     VK_EXT_blend_operation_advanced (r.2)
[02:38:12] [Android mgl-srv-apply/INFO]:     VK_EXT_provoking_vertex (r.1)
[02:38:12] [Android mgl-srv-apply/INFO]:     VK_KHR_8bit_storage (r.1)
[02:38:12] [Android mgl-srv-apply/INFO]:     VK_QCOM_multiview_per_view_render_areas (r.1)
[02:38:12] [Android mgl-srv-apply/INFO]:     VK_EXT_inline_uniform_block (r.1)
[02:38:12] [Android mgl-srv-apply/INFO]:     VK_EXT_shader_subgroup_ballot (r.1)
[02:38:12] [Android mgl-srv-apply/INFO]:     VK_KHR_depth_stencil_resolve (r.1)
[02:38:12] [Android mgl-srv-apply/INFO]:     VK_KHR_shader_float_controls (r.4)
[02:38:12] [Android mgl-srv-apply/INFO]:     VK_EXT_texture_compression_astc_hdr (r.1)
[02:38:12] [Android mgl-srv-apply/INFO]:     VK_EXT_global_priority (r.2)
[02:38:12] [Android mgl-srv-apply/INFO]:     VK_EXT_4444_formats (r.1)
[02:38:12] [Android mgl-srv-apply/INFO]:     VK_KHR_shader_draw_parameters (r.1)
[02:38:12] [Android mgl-srv-apply/INFO]:     VK_KHR_vulkan_memory_model (r.3)
[02:38:12] [Android mgl-srv-apply/INFO]:     VK_EXT_descriptor_indexing (r.2)
[02:38:12] [Android mgl-srv-apply/INFO]:     VK_EXT_depth_clip_enable (r.1)
[02:38:12] [Android mgl-srv-apply/INFO]:     VK_KHR_synchronization2 (r.1)
[02:38:12] [Android mgl-srv-apply/INFO]:     VK_KHR_shader_integer_dot_product (r.1)
[02:38:12] [Android mgl-srv-apply/INFO]:     VK_EXT_line_rasterization (r.1)
[02:38:12] [Android mgl-srv-apply/INFO]:     VK_KHR_line_rasterization (r.1)
[02:38:12] [Android mgl-srv-apply/INFO]:     VK_QCOM_image_processing (r.1)
[02:38:12] [Android mgl-srv-apply/INFO]:     VK_KHR_shader_float_controls2 (r.1)
[02:38:12] [Android mgl-srv-apply/INFO]:     VK_KHR_fragment_shading_rate (r.2)
[02:38:12] [Android mgl-srv-apply/INFO]:     VK_KHR_descriptor_update_template (r.1)
[02:38:12] [Android mgl-srv-apply/INFO]:     VK_KHR_draw_indirect_count (r.1)
[02:38:12] [Android mgl-srv-apply/INFO]:     VK_KHR_driver_properties (r.1)
[02:38:12] [Android mgl-srv-apply/INFO]:     VK_KHR_ray_tracing_position_fetch (r.1)
[02:38:12] [Android mgl-srv-apply/INFO]:     VK_KHR_dynamic_rendering (r.1)
[02:38:12] [Android mgl-srv-apply/INFO]:     VK_KHR_zero_initialize_workgroup_memory (r.1)
[02:38:12] [Android mgl-srv-apply/INFO]:     VK_KHR_uniform_buffer_standard_layout (r.1)
[02:38:12] [Android mgl-srv-apply/INFO]:     VK_EXT_depth_clamp_zero_one (r.1)
[02:38:12] [Android mgl-srv-apply/INFO]:     VK_ANDROID_external_memory_android_hardware_buffer (r.5)
[02:38:12] [Android mgl-srv-apply/INFO]:     VK_EXT_image_2d_view_of_3d (r.1)
[02:38:12] [Android mgl-srv-apply/INFO]:     VK_EXT_extended_dynamic_state2 (r.1)
[02:38:12] [Android mgl-srv-apply/INFO]:     VK_KHR_dedicated_allocation (r.3)
[02:38:12] [Android mgl-srv-apply/INFO]:     VK_EXT_texel_buffer_alignment (r.1)
[02:38:12] [Android mgl-srv-apply/INFO]:     VK_EXT_primitive_topology_list_restart (r.1)
[02:38:12] [Android mgl-srv-apply/INFO]:     VK_EXT_rasterization_order_attachment_access (r.1)
[02:38:12] [Android mgl-srv-apply/INFO]:     VK_KHR_shader_subgroup_uniform_control_flow (r.1)
[02:38:12] [Android mgl-srv-apply/INFO]:     VK_EXT_tooling_info (r.1)
[02:38:12] [Android mgl-srv-apply/INFO]:     VK_KHR_format_feature_flags2 (r.2)
[02:38:12] [Android mgl-srv-apply/INFO]:     VK_KHR_global_priority (r.1)
[02:38:12] [Android mgl-srv-apply/INFO]:     VK_EXT_sample_locations (r.1)
[02:38:12] [Android mgl-srv-apply/INFO]:     VK_EXT_multi_draw (r.1)
[02:38:12] [Android mgl-srv-apply/INFO]:     VK_KHR_swapchain (r.70)
[02:38:12] [Android mgl-srv-apply/INFO]:     VK_KHR_sampler_mirror_clamp_to_edge (r.3)
[02:38:12] [Android mgl-srv-apply/INFO]:     VK_QCOM_image_processing2 (r.1)
[02:38:12] [Android mgl-srv-apply/INFO]:     VK_KHR_external_fence_fd (r.1)
[02:38:12] [Android mgl-srv-apply/INFO]: Required extension found: VK_KHR_swapchain
[02:38:12] [Android mgl-srv-apply/INFO]:     Picked physical device. (Reason: First suitable device)
[02:38:12] [Android mgl-srv-apply/INFO]: Picked physical device 0.
[02:38:12] [Android mgl-srv-apply/INFO]: Vulkan: multiViewport enabled; rasterizable viewports=16 (device limit 16, GL state width 16)
[02:38:12] [Android mgl-srv-apply/INFO]: Enabled optional device extension: VK_KHR_draw_indirect_count
[02:38:12] [Android mgl-srv-apply/INFO]: Enabled optional device extension: VK_KHR_shader_draw_parameters
[02:38:12] [Android mgl-srv-apply/INFO]: VK_KHR_image_format_list enabled: true
[02:38:12] [Android mgl-srv-apply/INFO]: VK_KHR_draw_indirect_count enabled: true
[02:38:12] [Android mgl-srv-apply/INFO]: Enabled optional device extension: VK_KHR_create_renderpass2
[02:38:12] [Android mgl-srv-apply/INFO]: Enabled optional device extension: VK_KHR_depth_stencil_resolve
[02:38:12] [Android mgl-srv-apply/INFO]: Vulkan: update-after-bind descriptor layouts enabled
[02:38:12] [Android mgl-srv-apply/INFO]: Enabled optional device extension: VK_KHR_index_type_uint8
[02:38:12] [Android mgl-srv-apply/INFO]: Enabled optional device extension: VK_EXT_primitive_topology_list_restart
[02:38:12] [Android mgl-srv-apply/INFO]: Enabled optional device extension: VK_EXT_custom_border_color (maxCustomBorderColorSamplers=4000)
[02:38:12] [Android mgl-srv-apply/INFO]: Enabled optional device extension: VK_EXT_subgroup_size_control (computeFullSubgroups)
[02:38:12] [Android mgl-srv-apply/INFO]: Enabled optional device extension: VK_EXT_transform_feedback
[02:38:12] [Android mgl-srv-apply/INFO]: Enabled optional device extension: VK_EXT_provoking_vertex (transformFeedbackPreservesProvokingVertex=false)
[02:38:12] [Android mgl-srv-apply/INFO]: Enabled optional device extension: VK_EXT_vertex_attribute_divisor
[02:38:12] [Android mgl-srv-apply/INFO]: Enabled optional device extension: VK_EXT_multi_draw (maxMultiDrawCount=1024)
[02:38:12] [Android mgl-srv-apply/INFO]: Device feature support: robustBufferAccess=true geometryShader=true independentBlend=true logicOp=true shaderClipDistance=true shaderCullDistance=true wideLines=true shaderInt64=true vertexStoresAtomics=true fragmentStoresAtomics=true storageImageExtendedFormats=true storageImageReadWithoutFormat=true storageImageWriteWithoutFormat=true drawIndirectFirstInstance=true multiDrawIndirect=true
[02:38:12] [Android mgl-srv-apply/INFO]: Device feature enabled: robustBufferAccess=true geometryShader=true independentBlend=true logicOp=true shaderClipDistance=true shaderCullDistance=true wideLines=true shaderInt64=true vertexStoresAtomics=true fragmentStoresAtomics=true storageImageExtendedFormats=true storageImageReadWithoutFormat=true storageImageWriteWithoutFormat=true drawIndirectFirstInstance=true multiDrawIndirect=true shaderDrawParameters=true
[02:38:12] [Android mgl-srv-apply/INFO]: Multi-draw dispatch tier: ext (VK_EXT_multi_draw=true, multiDrawIndirect=true, mode=auto)
[02:38:12] [Android mgl-srv-apply/INFO]: index type uint8 enabled: true
[02:38:12] [Android mgl-srv-apply/INFO]: Logical device created.
[02:38:12] [Android mgl-srv-apply/INFO]: Queues got successfully.
[02:38:12] [Android mgl-srv-apply/INFO]: Timer queries supported (timestampValidBits=48, timestampPeriod=52.083332 ns/tick)
[02:38:12] [Android mgl-srv-apply/INFO]: PRIMITIVES_GENERATED probe triangles: drawn=1 stream=0/1 pgq=0(0) stat=1(1)
[02:38:12] [Android mgl-srv-apply/INFO]: PRIMITIVES_GENERATED probe triangles+discard: drawn=1 stream=0/1 pgq=0(0) stat=0(1)
[02:38:12] [Android mgl-srv-apply/INFO]: PRIMITIVES_GENERATED probe patches+discard: drawn=1 stream=0/1 pgq=0(0) stat=0(1)
[02:38:12] [Android mgl-srv-apply/INFO]: PRIMITIVES_GENERATED for XFB-inactive draws will accumulate through a clipping-invocations pipeline-statistics pool
[02:38:12] [Android mgl-srv-apply/INFO]: Command pool created
[02:38:12] [Android mgl-srv-apply/INFO]: MaxFramesInFlight: configured request=3
[02:38:12] [Android mgl-srv-apply/INFO]: MaxFramesInFlight: using 3 (surface minImageCount=11, maxImageCount=64)
[02:38:12] [Android mgl-srv-apply/INFO]: CreateFrameContexts completed
[02:38:12] [Android mgl-srv-apply/INFO]: DirectVulkan: using 256 program descriptor bindings
[02:38:12] [Android mgl-srv-apply/INFO]: Got 5 surface formats:
[02:38:12] [Android mgl-srv-apply/INFO]: Picked surface format: [VK_FORMAT_R8G8B8A8_UNORM, VK_COLOR_SPACE_SRGB_NONLINEAR_KHR]
[02:38:12] [Android mgl-srv-apply/INFO]: Got 4 present modes:
[02:38:12] [Android mgl-srv-apply/INFO]: Picked present mode: VK_PRESENT_MODE_MAILBOX_KHR
[02:38:12] [Android mgl-srv-apply/INFO]: Set minImageCount = 11
[02:38:12] [Android mgl-srv-apply/INFO]: Swapchain currentTransform = VK_SURFACE_TRANSFORM_IDENTITY_BIT_KHR
[02:38:12] [Android mgl-srv-apply/INFO]: Swapchain imageUsage = 0x13 (supportedUsageFlags = 0x9f)
[02:38:12] [Android mgl-srv-apply/INFO]: Set swapchain preTransform = VK_SURFACE_TRANSFORM_IDENTITY_BIT_KHR
[02:38:12] [Android mgl-srv-apply/INFO]: Swapchain image views created
[02:38:12] [Android mgl-srv-apply/INFO]: Swapchain created, extent = 640x480, swapchain imageCount = 11
[02:38:12] [Android mgl-srv-apply/INFO]: DirectVulkan: suppressing depth writes on accumulation-blended pipelines (driver lacks cross-pipeline position invariance)
[02:38:12] [Android mgl-srv-apply/INFO]: Vulkan shader subgroup support: detected=true advertised=true size=64 stages=0x30 operations=0x2bf
[02:38:12] [Android mgl-srv-apply/INFO]: DirectVulkan: clamped GL_MAX_COMPUTE_SHADER_STORAGE_BLOCKS from 16777216 to 256
[02:38:12] [Android mgl-srv-apply/INFO]: DirectVulkan: clamped GL_MAX_COMBINED_SHADER_STORAGE_BLOCKS from 16777216 to 256
[02:38:12] [Android mgl-srv-apply/INFO]: DirectVulkan: clamped GL_MAX_COMPUTE_UNIFORM_BLOCKS from 16777216 to 256
[02:38:12] [Android mgl-srv-apply/INFO]: DirectVulkan: clamped GL_MAX_SHADER_STORAGE_BUFFER_BINDINGS from 16777216 to 256
[02:38:12] [Android mgl-srv-apply/INFO]: DirectVulkan: clamped GL_MAX_UNIFORM_BUFFER_BINDINGS from 16777216 to 256
[02:38:12] [Android mgl-srv-apply/INFO]: DirectVulkan: clamped GL_MAX_SHADER_STORAGE_BLOCK_SIZE from 2147483647 to 536870912
[02:38:12] [Android mgl-srv-apply/INFO]: Vulkan shader subgroup support: detected=true advertised=true size=64 stages=0x30 operations=0x2bf
[02:38:12] [Android mgl-srv-apply/INFO]: DirectVulkan: clamped GL_MAX_COMPUTE_SHADER_STORAGE_BLOCKS from 16777216 to 256
[02:38:12] [Android mgl-srv-apply/INFO]: DirectVulkan: clamped GL_MAX_COMBINED_SHADER_STORAGE_BLOCKS from 16777216 to 256
[02:38:12] [Android mgl-srv-apply/INFO]: DirectVulkan: clamped GL_MAX_COMPUTE_UNIFORM_BLOCKS from 16777216 to 256
[02:38:12] [Android mgl-srv-apply/INFO]: DirectVulkan: clamped GL_MAX_SHADER_STORAGE_BUFFER_BINDINGS from 16777216 to 256
[02:38:12] [Android mgl-srv-apply/INFO]: DirectVulkan: clamped GL_MAX_UNIFORM_BUFFER_BINDINGS from 16777216 to 256
[02:38:12] [Android mgl-srv-apply/INFO]: DirectVulkan: clamped GL_MAX_SHADER_STORAGE_BLOCK_SIZE from 2147483647 to 536870912
[02:38:12] [Android mgl-srv-apply/ERROR]: ProgramFactory: handing vkCreateShaderModule an INVALID module for program 2 stage 4 - a backend transform after the clip/XFB fixups broke it (The result pointer storage class and base pointer storage class in OpAccessChain do not match.
  %100 = OpAccessChain %_ptr_Input_float %151 %uint_2
)
trace replay failed: {'passed': False, 'statusCode': 6, 'message': 'retrace completed; ssim=0.988998, ssimThreshold=0.990000, mismatchPixels=9836, matchedGoldenPath=/data/user/0/top.mobilegl.plugin.p7w1.trace/files/trace-replay/input/golden.png', 'tracePath': '/data/user/0/top.mobilegl.plugin.p7w1.trace/files/trace-replay/input/trace.trace', 'goldenPath': '/data/user/0/top.mobilegl.plugin.p7w1.trace/files/trace-replay/input/golden.png', 'alternateGoldenPaths': [], 'matchedGoldenPath': '/data/user/0/top.mobilegl.plugin.p7w1.trace/files/trace-replay/input/golden.png', 'actualPath': '/data/user/0/top.mobilegl.plugin.p7w1.trace/files/trace-replay/output/actual.png', 'diffPath': '/data/user/0/top.mobilegl.plugin.p7w1.trace/files/trace-replay/output/OpenRA-diff.png', 'backend': 'DirectVulkan', 'angleVariant': '', 'targetFrame': -1, 'targetCall': 31249, 'width': 640, 'height': 480, 'cropX': 1, 'cropY': 1, 'cropWidth': 638, 'cropHeight': 478, 'ssim': 0.988997893, 'ssimThreshold': 0.99, 'useAngle': False, 'usePbuffer': True, 'avoidAngleLlvmpipeSamplerMipmapMinFilter': False, 'avoidAngleLlvmpipeExplicitLodBias': False, 'fixIterationRPSubgroupScratch': False, 'deriveNumSubgroups': False, 'iterationRPFixBarrier': False, 'holdMs': 0, 'mismatchPixels': 9836}
archived repeat 1 to .trace-work\p7w1\E1-inproc-ra0\OpenRA-DirectVulkan\repeat-01
C:\Users\geekerwan\AndroidStudioProjects\FoldCraftLauncher\MobileGL-disagg\.trace-work\android-retrace-summary\mobilegl-android-retrace-overview.html
=== Android retrace: minecraft-1.21.4-in-world / DirectVulkan (repeat 1/1) ===
C:\Users\geekerwan\AndroidStudioProjects\FoldCraftLauncher\MobileGL-disagg\.trace-work\android-retrace-fixture\minecraft-1.21.4-in-world\trace.trace: 1 file pushed, 0 skipped. 79.7 MB/s (48692730 bytes in 0.582s)
C:\Users\geekerwan\AndroidStudioProjects\FoldCraftLauncher\MobileGL-disagg\tools\trace_replay\fixtures\minecraft-1.21.4-in-world.0000280000.png: 1 file pushed, 0 skipped. 14.6 MB/s (296445 bytes in 0.019s)
Starting: Intent { act=top.mobilegl.plugin.TRACE_REPLAY cmp=top.mobilegl.plugin.p7w1.trace/top.mobilegl.plugin.trace.TraceReplayActivity (has extras) }
{
  "passed": true,
  "statusCode": 0,
  "message": "retrace completed; ssim=0.999996, ssimThreshold=0.990000, mismatchPixels=27574, matchedGoldenPath=/data/user/0/top.mobilegl.plugin.p7w1.trace/files/trace-replay/input/golden.png",
  "tracePath": "/data/user/0/top.mobilegl.plugin.p7w1.trace/files/trace-replay/input/trace.trace",
  "goldenPath": "/data/user/0/top.mobilegl.plugin.p7w1.trace/files/trace-replay/input/golden.png",
  "alternateGoldenPaths": [],
  "matchedGoldenPath": "/data/user/0/top.mobilegl.plugin.p7w1.trace/files/trace-replay/input/golden.png",
  "actualPath": "/data/user/0/top.mobilegl.plugin.p7w1.trace/files/trace-replay/output/actual.png",
  "diffPath": "/data/user/0/top.mobilegl.plugin.p7w1.trace/files/trace-replay/output/minecraft-1.21.4-in-world-diff.png",
  "backend": "DirectVulkan",
  "angleVariant": "",
  "targetFrame": -1,
  "targetCall": 280000,
  "width": 854,
  "height": 480,
  "cropX": 0,
  "cropY": 0,
  "cropWidth": 0,
  "cropHeight": 0,
  "ssim": 0.999995585,
  "ssimThreshold": 0.990000000,
  "useAngle": false,
  "usePbuffer": true,
  "avoidAngleLlvmpipeSamplerMipmapMinFilter": false,
  "avoidAngleLlvmpipeExplicitLodBias": false,
  "fixIterationRPSubgroupScratch": false,
  "deriveNumSubgroups": false,
  "iterationRPFixBarrier": false,
  "holdMs": 0,
  "mismatchPixels": 27574
}
trace replay failed actual inproc/strict/role/zero-Fatal proof: {"required_transport": "inproc", "library_log": "C:\\Users\\geekerwan\\AndroidStudioProjects\\FoldCraftLauncher\\MobileGL-disagg\\.trace-work\\android-retrace-result\\minecraft-1.21.4-in-world-DirectVulkan\\mobilegl.log", "transport_resolution_marker": true, "ipc_config_lines": ["Config: IPC ring=8MiB stage=32MiB spin=50us persistent-block=64KiB adopt-tier=2 verb-barrier=1 run-ahead=0 present-credit=1 strict=1 audit=0 role-split-state=1 affinity='auto'"], "required_ipc_settings": {"strict": "1", "role-split-state": "1", "run-ahead": "1"}, "ipc_settings_match": false, "fatal_count": 0, "fatal_lines": [], "passed": false}
archived repeat 1 to .trace-work\p7w1\E1-inproc-ra0\minecraft-1.21.4-in-world-DirectVulkan\repeat-01
C:\Users\geekerwan\AndroidStudioProjects\FoldCraftLauncher\MobileGL-disagg\.trace-work\android-retrace-summary\mobilegl-android-retrace-overview.html
=== Android retrace: minecraft-1.21.4-fabric-sodium-in-world / DirectVulkan (repeat 1/1) ===
C:\Users\geekerwan\AndroidStudioProjects\FoldCraftLauncher\MobileGL-disagg\.trace-work\android-retrace-fixture\minecraft-1.21.4-fabric-sodium-in-world\trace.trace: 1 file pushed, 0 skipped. 43.9 MB/s (30953189 bytes in 0.672s)
C:\Users\geekerwan\AndroidStudioProjects\FoldCraftLauncher\MobileGL-disagg\tools\trace_replay\fixtures\minecraft-1.21.4-fabric-sodium-in-world.0000923340.png: 1 file pushed, 0 skipped. 197.9 MB/s (174433 bytes in 0.001s)
Starting: Intent { act=top.mobilegl.plugin.TRACE_REPLAY cmp=top.mobilegl.plugin.p7w1.trace/top.mobilegl.plugin.trace.TraceReplayActivity (has extras) }
{
  "passed": true,
  "statusCode": 0,
  "message": "retrace completed; ssim=0.999994, ssimThreshold=0.990000, mismatchPixels=29858, matchedGoldenPath=/data/user/0/top.mobilegl.plugin.p7w1.trace/files/trace-replay/input/golden.png",
  "tracePath": "/data/user/0/top.mobilegl.plugin.p7w1.trace/files/trace-replay/input/trace.trace",
  "goldenPath": "/data/user/0/top.mobilegl.plugin.p7w1.trace/files/trace-replay/input/golden.png",
  "alternateGoldenPaths": [],
  "matchedGoldenPath": "/data/user/0/top.mobilegl.plugin.p7w1.trace/files/trace-replay/input/golden.png",
  "actualPath": "/data/user/0/top.mobilegl.plugin.p7w1.trace/files/trace-replay/output/actual.png",
  "diffPath": "/data/user/0/top.mobilegl.plugin.p7w1.trace/files/trace-replay/output/minecraft-1.21.4-fabric-sodium-in-world-diff.png",
  "backend": "DirectVulkan",
  "angleVariant": "",
  "targetFrame": -1,
  "targetCall": 923340,
  "width": 854,
  "height": 480,
  "cropX": 0,
  "cropY": 0,
  "cropWidth": 0,
  "cropHeight": 0,
  "ssim": 0.999993791,
  "ssimThreshold": 0.990000000,
  "useAngle": false,
  "usePbuffer": true,
  "avoidAngleLlvmpipeSamplerMipmapMinFilter": false,
  "avoidAngleLlvmpipeExplicitLodBias": false,
  "fixIterationRPSubgroupScratch": false,
  "deriveNumSubgroups": false,
  "iterationRPFixBarrier": false,
  "holdMs": 0,
  "mismatchPixels": 29858
}
trace replay failed actual inproc/strict/role/zero-Fatal proof: {"required_transport": "inproc", "library_log": "C:\\Users\\geekerwan\\AndroidStudioProjects\\FoldCraftLauncher\\MobileGL-disagg\\.trace-work\\android-retrace-result\\minecraft-1.21.4-fabric-sodium-in-world-DirectVulkan\\mobilegl.log", "transport_resolution_marker": true, "ipc_config_lines": ["Config: IPC ring=8MiB stage=32MiB spin=50us persistent-block=64KiB adopt-tier=2 verb-barrier=1 run-ahead=0 present-credit=1 strict=1 audit=0 role-split-state=1 affinity='auto'"], "required_ipc_settings": {"strict": "1", "role-split-state": "1", "run-ahead": "1"}, "ipc_settings_match": false, "fatal_count": 0, "fatal_lines": [], "passed": false}
archived repeat 1 to .trace-work\p7w1\E1-inproc-ra0\minecraft-1.21.4-fabric-sodium-in-world-DirectVulkan\repeat-01
C:\Users\geekerwan\AndroidStudioProjects\FoldCraftLauncher\MobileGL-disagg\.trace-work\android-retrace-summary\mobilegl-android-retrace-overview.html
=== Android retrace: minecraft-1.21.4-fabric-iris-iterationt-in-world / DirectVulkan (repeat 1/1) ===
C:\Users\geekerwan\AndroidStudioProjects\FoldCraftLauncher\MobileGL-disagg\.trace-work\android-retrace-fixture\minecraft-1.21.4-fabric-iris-iterationt-in-world\trace.trace: 1 file pushed, 0 skipped. 25.2 MB/s (94141776 bytes in 3.559s)
C:\Users\geekerwan\AndroidStudioProjects\FoldCraftLauncher\MobileGL-disagg\tools\trace_replay\fixtures\minecraft-1.21.4-fabric-iris-iterationt-in-world.0000110538.png: 1 file pushed, 0 skipped. 24.8 MB/s (705968 bytes in 0.027s)
Starting: Intent { act=top.mobilegl.plugin.TRACE_REPLAY cmp=top.mobilegl.plugin.p7w1.trace/top.mobilegl.plugin.trace.TraceReplayActivity (has extras) }
trace-replay-ci.sh: app process exited before result.json was created
trace-replay-ci.sh: retrace.log:
/opt/Java/jdk-21/bin/java
MGPipe: Fatal{UnmigratedVerb, "Magma:mipmap-shader-format-or-shape"}
apitrace: warning: caught signal 6
95543: error: caught an unhandled exception
trace-replay-ci.sh: tail of mobilegl.log:
[02:38:37] [Android mgl-srv-apply/INFO]:     VK_KHR_external_memory_fd (r.1)
[02:38:37] [Android mgl-srv-apply/INFO]:     VK_QCOM_render_pass_shader_resolve (r.4)
[02:38:37] [Android mgl-srv-apply/INFO]:     VK_KHR_maintenance1 (r.2)
[02:38:37] [Android mgl-srv-apply/INFO]:     VK_KHR_maintenance2 (r.1)
[02:38:37] [Android mgl-srv-apply/INFO]:     VK_KHR_maintenance3 (r.1)
[02:38:37] [Android mgl-srv-apply/INFO]:     VK_KHR_maintenance4 (r.2)
[02:38:37] [Android mgl-srv-apply/INFO]:     VK_KHR_maintenance5 (r.1)
[02:38:37] [Android mgl-srv-apply/INFO]:     VK_KHR_maintenance6 (r.1)
[02:38:37] [Android mgl-srv-apply/INFO]:     VK_KHR_separate_depth_stencil_layouts (r.1)
[02:38:37] [Android mgl-srv-apply/INFO]:     VK_EXT_image_robustness (r.1)
[02:38:37] [Android mgl-srv-apply/INFO]:     VK_EXT_calibrated_timestamps (r.2)
[02:38:37] [Android mgl-srv-apply/INFO]:     VK_KHR_buffer_device_address (r.1)
[02:38:37] [Android mgl-srv-apply/INFO]:     VK_EXT_extended_dynamic_state (r.1)
[02:38:37] [Android mgl-srv-apply/INFO]:     VK_EXT_queue_family_foreign (r.1)
[02:38:37] [Android mgl-srv-apply/INFO]:     VK_KHR_shader_quad_control (r.1)
[02:38:37] [Android mgl-srv-apply/INFO]:     VK_EXT_image_view_min_lod (r.1)
[02:38:37] [Android mgl-srv-apply/INFO]:     VK_ANDROID_external_format_resolve (r.1)
[02:38:37] [Android mgl-srv-apply/INFO]:     VK_QCOM_ycbcr_degamma (r.1)
[02:38:37] [Android mgl-srv-apply/INFO]:     VK_KHR_bind_memory2 (r.1)
[02:38:37] [Android mgl-srv-apply/INFO]:     VK_EXT_pipeline_protected_access (r.1)
[02:38:37] [Android mgl-srv-apply/INFO]:     VK_KHR_external_semaphore (r.1)
[02:38:37] [Android mgl-srv-apply/INFO]:     VK_KHR_shader_terminate_invocation (r.1)
[02:38:37] [Android mgl-srv-apply/INFO]:     VK_QCOM_fragment_density_map_offset (r.2)
[02:38:37] [Android mgl-srv-apply/INFO]:     VK_EXT_scalar_block_layout (r.1)
[02:38:37] [Android mgl-srv-apply/INFO]:     VK_KHR_map_memory2 (r.1)
[02:38:37] [Android mgl-srv-apply/INFO]:     VK_EXT_load_store_op_none (r.1)
[02:38:37] [Android mgl-srv-apply/INFO]:     VK_KHR_load_store_op_none (r.1)
[02:38:37] [Android mgl-srv-apply/INFO]:     VK_KHR_shader_maximal_reconvergence (r.1)
[02:38:37] [Android mgl-srv-apply/INFO]:     VK_KHR_sampler_ycbcr_conversion (r.14)
[02:38:37] [Android mgl-srv-apply/INFO]:     VK_EXT_vertex_attribute_divisor (r.3)
[02:38:37] [Android mgl-srv-apply/INFO]:     VK_KHR_variable_pointers (r.1)
[02:38:37] [Android mgl-srv-apply/INFO]:     VK_QCOM_multiview_per_view_viewports (r.1)
[02:38:37] [Android mgl-srv-apply/INFO]:     VK_KHR_ray_query (r.1)
[02:38:37] [Android mgl-srv-apply/INFO]:     VK_EXT_primitives_generated_query (r.1)
[02:38:37] [Android mgl-srv-apply/INFO]:     VK_KHR_push_descriptor (r.2)
[02:38:37] [Android mgl-srv-apply/INFO]:     VK_KHR_timeline_semaphore (r.2)
[02:38:37] [Android mgl-srv-apply/INFO]:     VK_EXT_device_memory_report (r.2)
[02:38:37] [Android mgl-srv-apply/INFO]:     VK_KHR_shader_subgroup_rotate (r.2)
[02:38:37] [Android mgl-srv-apply/INFO]:     VK_KHR_imageless_framebuffer (r.1)
[02:38:37] [Android mgl-srv-apply/INFO]:     VK_KHR_device_group (r.4)
[02:38:37] [Android mgl-srv-apply/INFO]:     VK_EXT_device_fault (r.2)
[02:38:37] [Android mgl-srv-apply/INFO]:     VK_KHR_relaxed_block_layout (r.1)
[02:38:37] [Android mgl-srv-apply/INFO]:     VK_KHR_shader_expect_assume (r.1)
[02:38:37] [Android mgl-srv-apply/INFO]:     VK_KHR_shader_atomic_int64 (r.1)
[02:38:37] [Android mgl-srv-apply/INFO]:     VK_KHR_external_fence (r.1)
[02:38:37] [Android mgl-srv-apply/INFO]:     VK_KHR_shader_non_semantic_info (r.1)
[02:38:37] [Android mgl-srv-apply/INFO]:     VK_EXT_shader_atomic_float (r.1)
[02:38:37] [Android mgl-srv-apply/INFO]:     VK_EXT_custom_border_color (r.12)
[02:38:37] [Android mgl-srv-apply/INFO]:     VK_EXT_host_query_reset (r.1)
[02:38:37] [Android mgl-srv-apply/INFO]:     VK_EXT_index_type_uint8 (r.1)
[02:38:37] [Android mgl-srv-apply/INFO]:     VK_KHR_multiview (r.1)
[02:38:37] [Android mgl-srv-apply/INFO]:     VK_KHR_storage_buffer_storage_class (r.1)
[02:38:37] [Android mgl-srv-apply/INFO]:     VK_EXT_fragment_density_map2 (r.1)
[02:38:37] [Android mgl-srv-apply/INFO]:     VK_QCOM_filter_cubic_weights (r.1)
[02:38:37] [Android mgl-srv-apply/INFO]:     VK_KHR_workgroup_memory_explicit_layout (r.1)
[02:38:37] [Android mgl-srv-apply/INFO]:     VK_QCOM_rotated_copy_commands (r.2)
[02:38:37] [Android mgl-srv-apply/INFO]:     VK_KHR_shader_subgroup_extended_types (r.1)
[02:38:37] [Android mgl-srv-apply/INFO]:     VK_EXT_external_memory_acquire_unmodified (r.1)
[02:38:37] [Android mgl-srv-apply/INFO]:     VK_EXT_private_data (r.1)
[02:38:37] [Android mgl-srv-apply/INFO]:     VK_EXT_descriptor_buffer (r.1)
[02:38:37] [Android mgl-srv-apply/INFO]:     VK_EXT_conditional_rendering (r.2)
[02:38:37] [Android mgl-srv-apply/INFO]:     VK_EXT_mutable_descriptor_type (r.1)
[02:38:37] [Android mgl-srv-apply/INFO]:     VK_EXT_pipeline_creation_cache_control (r.3)
[02:38:37] [Android mgl-srv-apply/INFO]:     VK_EXT_robustness2 (r.1)
[02:38:37] [Android mgl-srv-apply/INFO]:     VK_KHR_shader_clock (r.1)
[02:38:37] [Android mgl-srv-apply/INFO]:     VK_EXT_shader_module_identifier (r.1)
[02:38:37] [Android mgl-srv-apply/INFO]:     VK_KHR_vertex_attribute_divisor (r.1)
[02:38:37] [Android mgl-srv-apply/INFO]:     VK_EXT_global_priority_query (r.1)
[02:38:37] [Android mgl-srv-apply/INFO]:     VK_EXT_separate_stencil_usage (r.1)
[02:38:37] [Android mgl-srv-apply/INFO]:     VK_EXT_border_color_swizzle (r.1)
[02:38:37] [Android mgl-srv-apply/INFO]:     VK_EXT_vertex_input_dynamic_state (r.2)
[02:38:37] [Android mgl-srv-apply/INFO]:     VK_IMG_filter_cubic (r.1)
[02:38:37] [Android mgl-srv-apply/INFO]:     VK_EXT_filter_cubic (r.3)
[02:38:37] [Android mgl-srv-apply/INFO]:     VK_EXT_shader_subgroup_vote (r.1)
[02:38:37] [Android mgl-srv-apply/INFO]:     VK_EXT_device_address_binding_report (r.1)
[02:38:37] [Android mgl-srv-apply/INFO]:     VK_NV_optical_flow (r.1)
[02:38:37] [Android mgl-srv-apply/INFO]:     VK_QCOM_tile_properties (r.1)
[02:38:37] [Android mgl-srv-apply/INFO]:     VK_KHR_image_format_list (r.1)
[02:38:37] [Android mgl-srv-apply/INFO]:     VK_EXT_sampler_filter_minmax (r.2)
[02:38:37] [Android mgl-srv-apply/INFO]:     VK_KHR_16bit_storage (r.1)
[02:38:37] [Android mgl-srv-apply/INFO]:     VK_EXT_shader_viewport_index_layer (r.1)
[02:38:37] [Android mgl-srv-apply/INFO]:     VK_KHR_pipeline_executable_properties (r.1)
[02:38:37] [Android mgl-srv-apply/INFO]:     VK_EXT_shader_demote_to_helper_invocation (r.1)
[02:38:37] [Android mgl-srv-apply/INFO]:     VK_EXT_color_write_enable (r.1)
[02:38:37] [Android mgl-srv-apply/INFO]:     VK_KHR_dynamic_rendering_local_read (r.1)
[02:38:37] [Android mgl-srv-apply/INFO]:     VK_QCOM_render_pass_transform (r.4)
[02:38:37] [Android mgl-srv-apply/INFO]:     VK_KHR_create_renderpass2 (r.1)
[02:38:37] [Android mgl-srv-apply/INFO]:     VK_EXT_shader_image_atomic_int64 (r.1)
[02:38:37] [Android mgl-srv-apply/INFO]:     VK_KHR_acceleration_structure (r.13)
[02:38:37] [Android mgl-srv-apply/INFO]:     VK_EXT_depth_clip_control (r.1)
[02:38:37] [Android mgl-srv-apply/INFO]:     VK_EXT_transform_feedback (r.1)
[02:38:37] [Android mgl-srv-apply/INFO]:     VK_EXT_blend_operation_advanced (r.2)
[02:38:37] [Android mgl-srv-apply/INFO]:     VK_EXT_provoking_vertex (r.1)
[02:38:37] [Android mgl-srv-apply/INFO]:     VK_KHR_8bit_storage (r.1)
[02:38:37] [Android mgl-srv-apply/INFO]:     VK_QCOM_multiview_per_view_render_areas (r.1)
[02:38:37] [Android mgl-srv-apply/INFO]:     VK_EXT_inline_uniform_block (r.1)
[02:38:37] [Android mgl-srv-apply/INFO]:     VK_EXT_shader_subgroup_ballot (r.1)
[02:38:37] [Android mgl-srv-apply/INFO]:     VK_KHR_depth_stencil_resolve (r.1)
[02:38:37] [Android mgl-srv-apply/INFO]:     VK_KHR_shader_float_controls (r.4)
[02:38:37] [Android mgl-srv-apply/INFO]:     VK_EXT_texture_compression_astc_hdr (r.1)
[02:38:37] [Android mgl-srv-apply/INFO]:     VK_EXT_global_priority (r.2)
[02:38:37] [Android mgl-srv-apply/INFO]:     VK_EXT_4444_formats (r.1)
[02:38:37] [Android mgl-srv-apply/INFO]:     VK_KHR_shader_draw_parameters (r.1)
[02:38:37] [Android mgl-srv-apply/INFO]:     VK_KHR_vulkan_memory_model (r.3)
[02:38:37] [Android mgl-srv-apply/INFO]:     VK_EXT_descriptor_indexing (r.2)
[02:38:37] [Android mgl-srv-apply/INFO]:     VK_EXT_depth_clip_enable (r.1)
[02:38:37] [Android mgl-srv-apply/INFO]:     VK_KHR_synchronization2 (r.1)
[02:38:37] [Android mgl-srv-apply/INFO]:     VK_KHR_shader_integer_dot_product (r.1)
[02:38:37] [Android mgl-srv-apply/INFO]:     VK_EXT_line_rasterization (r.1)
[02:38:37] [Android mgl-srv-apply/INFO]:     VK_KHR_line_rasterization (r.1)
[02:38:37] [Android mgl-srv-apply/INFO]:     VK_QCOM_image_processing (r.1)
[02:38:37] [Android mgl-srv-apply/INFO]:     VK_KHR_shader_float_controls2 (r.1)
[02:38:37] [Android mgl-srv-apply/INFO]:     VK_KHR_fragment_shading_rate (r.2)
[02:38:37] [Android mgl-srv-apply/INFO]:     VK_KHR_descriptor_update_template (r.1)
[02:38:37] [Android mgl-srv-apply/INFO]:     VK_KHR_draw_indirect_count (r.1)
[02:38:37] [Android mgl-srv-apply/INFO]:     VK_KHR_driver_properties (r.1)
[02:38:37] [Android mgl-srv-apply/INFO]:     VK_KHR_ray_tracing_position_fetch (r.1)
[02:38:37] [Android mgl-srv-apply/INFO]:     VK_KHR_dynamic_rendering (r.1)
[02:38:37] [Android mgl-srv-apply/INFO]:     VK_KHR_zero_initialize_workgroup_memory (r.1)
[02:38:37] [Android mgl-srv-apply/INFO]:     VK_KHR_uniform_buffer_standard_layout (r.1)
[02:38:37] [Android mgl-srv-apply/INFO]:     VK_EXT_depth_clamp_zero_one (r.1)
[02:38:37] [Android mgl-srv-apply/INFO]:     VK_ANDROID_external_memory_android_hardware_buffer (r.5)
[02:38:37] [Android mgl-srv-apply/INFO]:     VK_EXT_image_2d_view_of_3d (r.1)
[02:38:37] [Android mgl-srv-apply/INFO]:     VK_EXT_extended_dynamic_state2 (r.1)
[02:38:37] [Android mgl-srv-apply/INFO]:     VK_KHR_dedicated_allocation (r.3)
[02:38:37] [Android mgl-srv-apply/INFO]:     VK_EXT_texel_buffer_alignment (r.1)
[02:38:37] [Android mgl-srv-apply/INFO]:     VK_EXT_primitive_topology_list_restart (r.1)
[02:38:37] [Android mgl-srv-apply/INFO]:     VK_EXT_rasterization_order_attachment_access (r.1)
[02:38:37] [Android mgl-srv-apply/INFO]:     VK_KHR_shader_subgroup_uniform_control_flow (r.1)
[02:38:37] [Android mgl-srv-apply/INFO]:     VK_EXT_tooling_info (r.1)
[02:38:37] [Android mgl-srv-apply/INFO]:     VK_KHR_format_feature_flags2 (r.2)
[02:38:37] [Android mgl-srv-apply/INFO]:     VK_KHR_global_priority (r.1)
[02:38:37] [Android mgl-srv-apply/INFO]:     VK_EXT_sample_locations (r.1)
[02:38:37] [Android mgl-srv-apply/INFO]:     VK_EXT_multi_draw (r.1)
[02:38:37] [Android mgl-srv-apply/INFO]:     VK_KHR_swapchain (r.70)
[02:38:37] [Android mgl-srv-apply/INFO]:     VK_KHR_sampler_mirror_clamp_to_edge (r.3)
[02:38:37] [Android mgl-srv-apply/INFO]:     VK_QCOM_image_processing2 (r.1)
[02:38:37] [Android mgl-srv-apply/INFO]:     VK_KHR_external_fence_fd (r.1)
[02:38:37] [Android mgl-srv-apply/INFO]: Required extension found: VK_KHR_swapchain
[02:38:37] [Android mgl-srv-apply/INFO]:     Picked physical device. (Reason: First suitable device)
[02:38:37] [Android mgl-srv-apply/INFO]: Picked physical device 0.
[02:38:37] [Android mgl-srv-apply/INFO]: Vulkan: multiViewport enabled; rasterizable viewports=16 (device limit 16, GL state width 16)
[02:38:37] [Android mgl-srv-apply/INFO]: Enabled optional device extension: VK_KHR_draw_indirect_count
[02:38:37] [Android mgl-srv-apply/INFO]: Enabled optional device extension: VK_KHR_shader_draw_parameters
[02:38:37] [Android mgl-srv-apply/INFO]: VK_KHR_image_format_list enabled: true
[02:38:37] [Android mgl-srv-apply/INFO]: VK_KHR_draw_indirect_count enabled: true
[02:38:37] [Android mgl-srv-apply/INFO]: Enabled optional device extension: VK_KHR_create_renderpass2
[02:38:37] [Android mgl-srv-apply/INFO]: Enabled optional device extension: VK_KHR_depth_stencil_resolve
[02:38:37] [Android mgl-srv-apply/INFO]: Vulkan: update-after-bind descriptor layouts enabled
[02:38:37] [Android mgl-srv-apply/INFO]: Enabled optional device extension: VK_KHR_index_type_uint8
[02:38:37] [Android mgl-srv-apply/INFO]: Enabled optional device extension: VK_EXT_primitive_topology_list_restart
[02:38:37] [Android mgl-srv-apply/INFO]: Enabled optional device extension: VK_EXT_custom_border_color (maxCustomBorderColorSamplers=4000)
[02:38:37] [Android mgl-srv-apply/INFO]: Enabled optional device extension: VK_EXT_subgroup_size_control (computeFullSubgroups)
[02:38:37] [Android mgl-srv-apply/INFO]: Enabled optional device extension: VK_EXT_transform_feedback
[02:38:37] [Android mgl-srv-apply/INFO]: Enabled optional device extension: VK_EXT_provoking_vertex (transformFeedbackPreservesProvokingVertex=false)
[02:38:37] [Android mgl-srv-apply/INFO]: Enabled optional device extension: VK_EXT_vertex_attribute_divisor
[02:38:37] [Android mgl-srv-apply/INFO]: Enabled optional device extension: VK_EXT_multi_draw (maxMultiDrawCount=1024)
[02:38:37] [Android mgl-srv-apply/INFO]: Device feature support: robustBufferAccess=true geometryShader=true independentBlend=true logicOp=true shaderClipDistance=true shaderCullDistance=true wideLines=true shaderInt64=true vertexStoresAtomics=true fragmentStoresAtomics=true storageImageExtendedFormats=true storageImageReadWithoutFormat=true storageImageWriteWithoutFormat=true drawIndirectFirstInstance=true multiDrawIndirect=true
[02:38:37] [Android mgl-srv-apply/INFO]: Device feature enabled: robustBufferAccess=true geometryShader=true independentBlend=true logicOp=true shaderClipDistance=true shaderCullDistance=true wideLines=true shaderInt64=true vertexStoresAtomics=true fragmentStoresAtomics=true storageImageExtendedFormats=true storageImageReadWithoutFormat=true storageImageWriteWithoutFormat=true drawIndirectFirstInstance=true multiDrawIndirect=true shaderDrawParameters=true
[02:38:37] [Android mgl-srv-apply/INFO]: Multi-draw dispatch tier: ext (VK_EXT_multi_draw=true, multiDrawIndirect=true, mode=auto)
[02:38:37] [Android mgl-srv-apply/INFO]: index type uint8 enabled: true
[02:38:37] [Android mgl-srv-apply/INFO]: Logical device created.
[02:38:37] [Android mgl-srv-apply/INFO]: Queues got successfully.
[02:38:37] [Android mgl-srv-apply/INFO]: Timer queries supported (timestampValidBits=48, timestampPeriod=52.083332 ns/tick)
[02:38:37] [Android mgl-srv-apply/INFO]: PRIMITIVES_GENERATED probe triangles: drawn=1 stream=0/1 pgq=0(0) stat=1(1)
[02:38:37] [Android mgl-srv-apply/INFO]: PRIMITIVES_GENERATED probe triangles+discard: drawn=1 stream=0/1 pgq=0(0) stat=0(1)
[02:38:37] [Android mgl-srv-apply/INFO]: PRIMITIVES_GENERATED probe patches+discard: drawn=1 stream=0/1 pgq=0(0) stat=0(1)
[02:38:37] [Android mgl-srv-apply/INFO]: PRIMITIVES_GENERATED for XFB-inactive draws will accumulate through a clipping-invocations pipeline-statistics pool
[02:38:37] [Android mgl-srv-apply/INFO]: Command pool created
[02:38:37] [Android mgl-srv-apply/INFO]: MaxFramesInFlight: configured request=3
[02:38:37] [Android mgl-srv-apply/INFO]: MaxFramesInFlight: using 3 (surface minImageCount=11, maxImageCount=64)
[02:38:37] [Android mgl-srv-apply/INFO]: CreateFrameContexts completed
[02:38:37] [Android mgl-srv-apply/INFO]: DirectVulkan: using 256 program descriptor bindings
[02:38:37] [Android mgl-srv-apply/INFO]: Got 5 surface formats:
[02:38:37] [Android mgl-srv-apply/INFO]: Picked surface format: [VK_FORMAT_R8G8B8A8_UNORM, VK_COLOR_SPACE_SRGB_NONLINEAR_KHR]
[02:38:37] [Android mgl-srv-apply/INFO]: Got 4 present modes:
[02:38:37] [Android mgl-srv-apply/INFO]: Picked present mode: VK_PRESENT_MODE_MAILBOX_KHR
[02:38:37] [Android mgl-srv-apply/INFO]: Set minImageCount = 11
[02:38:37] [Android mgl-srv-apply/INFO]: Swapchain currentTransform = VK_SURFACE_TRANSFORM_IDENTITY_BIT_KHR
[02:38:37] [Android mgl-srv-apply/INFO]: Swapchain imageUsage = 0x13 (supportedUsageFlags = 0x9f)
[02:38:37] [Android mgl-srv-apply/INFO]: Set swapchain preTransform = VK_SURFACE_TRANSFORM_IDENTITY_BIT_KHR
[02:38:37] [Android mgl-srv-apply/INFO]: Swapchain image views created
[02:38:37] [Android mgl-srv-apply/INFO]: Swapchain created, extent = 854x480, swapchain imageCount = 11
[02:38:37] [Android mgl-srv-apply/INFO]: DirectVulkan: suppressing depth writes on accumulation-blended pipelines (driver lacks cross-pipeline position invariance)
[02:38:37] [Android mgl-srv-apply/INFO]: Vulkan shader subgroup support: detected=true advertised=true size=64 stages=0x30 operations=0x2bf
[02:38:37] [Android mgl-srv-apply/INFO]: DirectVulkan: clamped GL_MAX_COMPUTE_SHADER_STORAGE_BLOCKS from 16777216 to 256
[02:38:37] [Android mgl-srv-apply/INFO]: DirectVulkan: clamped GL_MAX_COMBINED_SHADER_STORAGE_BLOCKS from 16777216 to 256
[02:38:37] [Android mgl-srv-apply/INFO]: DirectVulkan: clamped GL_MAX_COMPUTE_UNIFORM_BLOCKS from 16777216 to 256
[02:38:37] [Android mgl-srv-apply/INFO]: DirectVulkan: clamped GL_MAX_SHADER_STORAGE_BUFFER_BINDINGS from 16777216 to 256
[02:38:37] [Android mgl-srv-apply/INFO]: DirectVulkan: clamped GL_MAX_UNIFORM_BUFFER_BINDINGS from 16777216 to 256
[02:38:37] [Android mgl-srv-apply/INFO]: DirectVulkan: clamped GL_MAX_SHADER_STORAGE_BLOCK_SIZE from 2147483647 to 536870912
[02:38:37] [Android mgl-srv-apply/INFO]: Vulkan shader subgroup support: detected=true advertised=true size=64 stages=0x30 operations=0x2bf
[02:38:37] [Android mgl-srv-apply/INFO]: DirectVulkan: clamped GL_MAX_COMPUTE_SHADER_STORAGE_BLOCKS from 16777216 to 256
[02:38:37] [Android mgl-srv-apply/INFO]: DirectVulkan: clamped GL_MAX_COMBINED_SHADER_STORAGE_BLOCKS from 16777216 to 256
[02:38:37] [Android mgl-srv-apply/INFO]: DirectVulkan: clamped GL_MAX_COMPUTE_UNIFORM_BLOCKS from 16777216 to 256
[02:38:37] [Android mgl-srv-apply/INFO]: DirectVulkan: clamped GL_MAX_SHADER_STORAGE_BUFFER_BINDINGS from 16777216 to 256
[02:38:37] [Android mgl-srv-apply/INFO]: DirectVulkan: clamped GL_MAX_UNIFORM_BUFFER_BINDINGS from 16777216 to 256
[02:38:37] [Android mgl-srv-apply/INFO]: DirectVulkan: clamped GL_MAX_SHADER_STORAGE_BLOCK_SIZE from 2147483647 to 536870912
[02:38:38] [Android mgl-srv-apply/WARN]: GetOrCreatePipeline: patching vertex input location=6 format=88 -> 89 to match shader input type=35668 for program=7
[02:38:38] [Android mgl-srv-apply/FATAL]: MGPipe: Fatal{UnmigratedVerb, "Magma:mipmap-shader-format-or-shape"}
trace-replay-ci.sh: recent relevant logcat lines:
09-23 02:38:37.028  1686  3172 I MobileGL: [02:38:37] [Android mgl-srv-apply/INFO]:     VK_EXT_conditional_rendering (r.2)
09-23 02:38:37.028  1686  3172 I MobileGL: [02:38:37] [Android mgl-srv-apply/INFO]:     VK_EXT_mutable_descriptor_type (r.1)
09-23 02:38:37.028  1686  3172 I MobileGL: [02:38:37] [Android mgl-srv-apply/INFO]:     VK_EXT_pipeline_creation_cache_control (r.3)
09-23 02:38:37.028  1686  3172 I MobileGL: [02:38:37] [Android mgl-srv-apply/INFO]:     VK_EXT_robustness2 (r.1)
09-23 02:38:37.028  1686  3172 I MobileGL: [02:38:37] [Android mgl-srv-apply/INFO]:     VK_KHR_shader_clock (r.1)
09-23 02:38:37.028  1686  3172 I MobileGL: [02:38:37] [Android mgl-srv-apply/INFO]:     VK_EXT_shader_module_identifier (r.1)
09-23 02:38:37.028  1686  3172 I MobileGL: [02:38:37] [Android mgl-srv-apply/INFO]:     VK_KHR_vertex_attribute_divisor (r.1)
09-23 02:38:37.028  1686  3172 I MobileGL: [02:38:37] [Android mgl-srv-apply/INFO]:     VK_EXT_global_priority_query (r.1)
09-23 02:38:37.028  1686  3172 I MobileGL: [02:38:37] [Android mgl-srv-apply/INFO]:     VK_EXT_separate_stencil_usage (r.1)
09-23 02:38:37.028  1686  3172 I MobileGL: [02:38:37] [Android mgl-srv-apply/INFO]:     VK_EXT_border_color_swizzle (r.1)
09-23 02:38:37.028  1686  3172 I MobileGL: [02:38:37] [Android mgl-srv-apply/INFO]:     VK_EXT_vertex_input_dynamic_state (r.2)
09-23 02:38:37.028  1686  3172 I MobileGL: [02:38:37] [Android mgl-srv-apply/INFO]:     VK_IMG_filter_cubic (r.1)
09-23 02:38:37.028  1686  3172 I MobileGL: [02:38:37] [Android mgl-srv-apply/INFO]:     VK_EXT_filter_cubic (r.3)
09-23 02:38:37.028  1686  3172 I MobileGL: [02:38:37] [Android mgl-srv-apply/INFO]:     VK_EXT_shader_subgroup_vote (r.1)
09-23 02:38:37.028  1686  3172 I MobileGL: [02:38:37] [Android mgl-srv-apply/INFO]:     VK_EXT_device_address_binding_report (r.1)
09-23 02:38:37.028  1686  3172 I MobileGL: [02:38:37] [Android mgl-srv-apply/INFO]:     VK_NV_optical_flow (r.1)
09-23 02:38:37.029  1686  3172 I MobileGL: [02:38:37] [Android mgl-srv-apply/INFO]:     VK_QCOM_tile_properties (r.1)
09-23 02:38:37.029  1686  3172 I MobileGL: [02:38:37] [Android mgl-srv-apply/INFO]:     VK_KHR_image_format_list (r.1)
09-23 02:38:37.029  1686  3172 I MobileGL: [02:38:37] [Android mgl-srv-apply/INFO]:     VK_EXT_sampler_filter_minmax (r.2)
09-23 02:38:37.029  1686  3172 I MobileGL: [02:38:37] [Android mgl-srv-apply/INFO]:     VK_KHR_16bit_storage (r.1)
09-23 02:38:37.029  1686  3172 I MobileGL: [02:38:37] [Android mgl-srv-apply/INFO]:     VK_EXT_shader_viewport_index_layer (r.1)
09-23 02:38:37.029  1686  3172 I MobileGL: [02:38:37] [Android mgl-srv-apply/INFO]:     VK_KHR_pipeline_executable_properties (r.1)
09-23 02:38:37.029  1686  3172 I MobileGL: [02:38:37] [Android mgl-srv-apply/INFO]:     VK_EXT_shader_demote_to_helper_invocation (r.1)
09-23 02:38:37.029  1686  3172 I MobileGL: [02:38:37] [Android mgl-srv-apply/INFO]:     VK_EXT_color_write_enable (r.1)
09-23 02:38:37.029  1686  3172 I MobileGL: [02:38:37] [Android mgl-srv-apply/INFO]:     VK_KHR_dynamic_rendering_local_read (r.1)
09-23 02:38:37.029  1686  3172 I MobileGL: [02:38:37] [Android mgl-srv-apply/INFO]:     VK_QCOM_render_pass_transform (r.4)
09-23 02:38:37.029  1686  3172 I MobileGL: [02:38:37] [Android mgl-srv-apply/INFO]:     VK_KHR_create_renderpass2 (r.1)
09-23 02:38:37.029  1686  3172 I MobileGL: [02:38:37] [Android mgl-srv-apply/INFO]:     VK_EXT_shader_image_atomic_int64 (r.1)
09-23 02:38:37.029  1686  3172 I MobileGL: [02:38:37] [Android mgl-srv-apply/INFO]:     VK_KHR_acceleration_structure (r.13)
09-23 02:38:37.029  1686  3172 I MobileGL: [02:38:37] [Android mgl-srv-apply/INFO]:     VK_EXT_depth_clip_control (r.1)
09-23 02:38:37.029  1686  3172 I MobileGL: [02:38:37] [Android mgl-srv-apply/INFO]:     VK_EXT_transform_feedback (r.1)
09-23 02:38:37.029  1686  3172 I MobileGL: [02:38:37] [Android mgl-srv-apply/INFO]:     VK_EXT_blend_operation_advanced (r.2)
09-23 02:38:37.029  1686  3172 I MobileGL: [02:38:37] [Android mgl-srv-apply/INFO]:     VK_EXT_provoking_vertex (r.1)
09-23 02:38:37.029  1686  3172 I MobileGL: [02:38:37] [Android mgl-srv-apply/INFO]:     VK_KHR_8bit_storage (r.1)
09-23 02:38:37.029  1686  3172 I MobileGL: [02:38:37] [Android mgl-srv-apply/INFO]:     VK_QCOM_multiview_per_view_render_areas (r.1)
09-23 02:38:37.029  1686  3172 I MobileGL: [02:38:37] [Android mgl-srv-apply/INFO]:     VK_EXT_inline_uniform_block (r.1)
09-23 02:38:37.029  1686  3172 I MobileGL: [02:38:37] [Android mgl-srv-apply/INFO]:     VK_EXT_shader_subgroup_ballot (r.1)
09-23 02:38:37.029  1686  3172 I MobileGL: [02:38:37] [Android mgl-srv-apply/INFO]:     VK_KHR_depth_stencil_resolve (r.1)
09-23 02:38:37.029  1686  3172 I MobileGL: [02:38:37] [Android mgl-srv-apply/INFO]:     VK_KHR_shader_float_controls (r.4)
09-23 02:38:37.029  1686  3172 I MobileGL: [02:38:37] [Android mgl-srv-apply/INFO]:     VK_EXT_texture_compression_astc_hdr (r.1)
09-23 02:38:37.029  1686  3172 I MobileGL: [02:38:37] [Android mgl-srv-apply/INFO]:     VK_EXT_global_priority (r.2)
09-23 02:38:37.029  1686  3172 I MobileGL: [02:38:37] [Android mgl-srv-apply/INFO]:     VK_EXT_4444_formats (r.1)
09-23 02:38:37.029  1686  3172 I MobileGL: [02:38:37] [Android mgl-srv-apply/INFO]:     VK_KHR_shader_draw_parameters (r.1)
09-23 02:38:37.029  1686  3172 I MobileGL: [02:38:37] [Android mgl-srv-apply/INFO]:     VK_KHR_vulkan_memory_model (r.3)
09-23 02:38:37.029  1686  3172 I MobileGL: [02:38:37] [Android mgl-srv-apply/INFO]:     VK_EXT_descriptor_indexing (r.2)
09-23 02:38:37.029  1686  3172 I MobileGL: [02:38:37] [Android mgl-srv-apply/INFO]:     VK_EXT_depth_clip_enable (r.1)
09-23 02:38:37.029  1686  3172 I MobileGL: [02:38:37] [Android mgl-srv-apply/INFO]:     VK_KHR_synchronization2 (r.1)
09-23 02:38:37.029  1686  3172 I MobileGL: [02:38:37] [Android mgl-srv-apply/INFO]:     VK_KHR_shader_integer_dot_product (r.1)
09-23 02:38:37.029  1686  3172 I MobileGL: [02:38:37] [Android mgl-srv-apply/INFO]:     VK_EXT_line_rasterization (r.1)
09-23 02:38:37.029  1686  3172 I MobileGL: [02:38:37] [Android mgl-srv-apply/INFO]:     VK_KHR_line_rasterization (r.1)
09-23 02:38:37.029  1686  3172 I MobileGL: [02:38:37] [Android mgl-srv-apply/INFO]:     VK_QCOM_image_processing (r.1)
09-23 02:38:37.029  1686  3172 I MobileGL: [02:38:37] [Android mgl-srv-apply/INFO]:     VK_KHR_shader_float_controls2 (r.1)
09-23 02:38:37.029  1686  3172 I MobileGL: [02:38:37] [Android mgl-srv-apply/INFO]:     VK_KHR_fragment_shading_rate (r.2)
09-23 02:38:37.029  1686  3172 I MobileGL: [02:38:37] [Android mgl-srv-apply/INFO]:     VK_KHR_descriptor_update_template (r.1)
09-23 02:38:37.029  1686  3172 I MobileGL: [02:38:37] [Android mgl-srv-apply/INFO]:     VK_KHR_draw_indirect_count (r.1)
09-23 02:38:37.029  1686  3172 I MobileGL: [02:38:37] [Android mgl-srv-apply/INFO]:     VK_KHR_driver_properties (r.1)
09-23 02:38:37.029  1686  3172 I MobileGL: [02:38:37] [Android mgl-srv-apply/INFO]:     VK_KHR_ray_tracing_position_fetch (r.1)
09-23 02:38:37.029  1686  3172 I MobileGL: [02:38:37] [Android mgl-srv-apply/INFO]:     VK_KHR_dynamic_rendering (r.1)
09-23 02:38:37.029  1686  3172 I MobileGL: [02:38:37] [Android mgl-srv-apply/INFO]:     VK_KHR_zero_initialize_workgroup_memory (r.1)
09-23 02:38:37.029  1686  3172 I MobileGL: [02:38:37] [Android mgl-srv-apply/INFO]:     VK_KHR_uniform_buffer_standard_layout (r.1)
09-23 02:38:37.029  1686  3172 I MobileGL: [02:38:37] [Android mgl-srv-apply/INFO]:     VK_EXT_depth_clamp_zero_one (r.1)
09-23 02:38:37.029  1686  3172 I MobileGL: [02:38:37] [Android mgl-srv-apply/INFO]:     VK_ANDROID_external_memory_android_hardware_buffer (r.5)
09-23 02:38:37.029  1686  3172 I MobileGL: [02:38:37] [Android mgl-srv-apply/INFO]:     VK_EXT_image_2d_view_of_3d (r.1)
09-23 02:38:37.029  1686  3172 I MobileGL: [02:38:37] [Android mgl-srv-apply/INFO]:     VK_EXT_extended_dynamic_state2 (r.1)
09-23 02:38:37.029  1686  3172 I MobileGL: [02:38:37] [Android mgl-srv-apply/INFO]:     VK_KHR_dedicated_allocation (r.3)
09-23 02:38:37.029  1686  3172 I MobileGL: [02:38:37] [Android mgl-srv-apply/INFO]:     VK_EXT_texel_buffer_alignment (r.1)
09-23 02:38:37.029  1686  3172 I MobileGL: [02:38:37] [Android mgl-srv-apply/INFO]:     VK_EXT_primitive_topology_list_restart (r.1)
09-23 02:38:37.029  1686  3172 I MobileGL: [02:38:37] [Android mgl-srv-apply/INFO]:     VK_EXT_rasterization_order_attachment_access (r.1)
09-23 02:38:37.029  1686  3172 I MobileGL: [02:38:37] [Android mgl-srv-apply/INFO]:     VK_KHR_shader_subgroup_uniform_control_flow (r.1)
09-23 02:38:37.029  1686  3172 I MobileGL: [02:38:37] [Android mgl-srv-apply/INFO]:     VK_EXT_tooling_info (r.1)
09-23 02:38:37.029  1686  3172 I MobileGL: [02:38:37] [Android mgl-srv-apply/INFO]:     VK_KHR_format_feature_flags2 (r.2)
09-23 02:38:37.029  1686  3172 I MobileGL: [02:38:37] [Android mgl-srv-apply/INFO]:     VK_KHR_global_priority (r.1)
09-23 02:38:37.029  1686  3172 I MobileGL: [02:38:37] [Android mgl-srv-apply/INFO]:     VK_EXT_sample_locations (r.1)
09-23 02:38:37.029  1686  3172 I MobileGL: [02:38:37] [Android mgl-srv-apply/INFO]:     VK_EXT_multi_draw (r.1)
09-23 02:38:37.029  1686  3172 I MobileGL: [02:38:37] [Android mgl-srv-apply/INFO]:     VK_KHR_swapchain (r.70)
09-23 02:38:37.029  1686  3172 I MobileGL: [02:38:37] [Android mgl-srv-apply/INFO]:     VK_KHR_sampler_mirror_clamp_to_edge (r.3)
09-23 02:38:37.029  1686  3172 I MobileGL: [02:38:37] [Android mgl-srv-apply/INFO]:     VK_QCOM_image_processing2 (r.1)
09-23 02:38:37.029  1686  3172 I MobileGL: [02:38:37] [Android mgl-srv-apply/INFO]:     VK_KHR_external_fence_fd (r.1)
09-23 02:38:37.029  1686  3172 I MobileGL: [02:38:37] [Android mgl-srv-apply/INFO]: Required extension found: VK_KHR_swapchain
09-23 02:38:37.030  1686  3172 I MobileGL: [02:38:37] [Android mgl-srv-apply/INFO]:     Picked physical device. (Reason: First suitable device)
09-23 02:38:37.030  1686  3172 I MobileGL: [02:38:37] [Android mgl-srv-apply/INFO]: Picked physical device 0.
09-23 02:38:37.030  1686  3172 I MobileGL: [02:38:37] [Android mgl-srv-apply/INFO]: Vulkan: multiViewport enabled; rasterizable viewports=16 (device limit 16, GL state width 16)
09-23 02:38:37.030  1686  3172 I MobileGL: [02:38:37] [Android mgl-srv-apply/INFO]: Enabled optional device extension: VK_KHR_draw_indirect_count
09-23 02:38:37.030  1686  3172 I MobileGL: [02:38:37] [Android mgl-srv-apply/INFO]: Enabled optional device extension: VK_KHR_shader_draw_parameters
09-23 02:38:37.030  1686  3172 I MobileGL: [02:38:37] [Android mgl-srv-apply/INFO]: VK_KHR_image_format_list enabled: true
09-23 02:38:37.030  1686  3172 I MobileGL: [02:38:37] [Android mgl-srv-apply/INFO]: VK_KHR_draw_indirect_count enabled: true
09-23 02:38:37.030  1686  3172 I MobileGL: [02:38:37] [Android mgl-srv-apply/INFO]: Enabled optional device extension: VK_KHR_create_renderpass2
09-23 02:38:37.030  1686  3172 I MobileGL: [02:38:37] [Android mgl-srv-apply/INFO]: Enabled optional device extension: VK_KHR_depth_stencil_resolve
09-23 02:38:37.030  1686  3172 I MobileGL: [02:38:37] [Android mgl-srv-apply/INFO]: Vulkan: update-after-bind descriptor layouts enabled
09-23 02:38:37.030  1686  3172 I MobileGL: [02:38:37] [Android mgl-srv-apply/INFO]: Enabled optional device extension: VK_KHR_index_type_uint8
09-23 02:38:37.030  1686  3172 I MobileGL: [02:38:37] [Android mgl-srv-apply/INFO]: Enabled optional device extension: VK_EXT_primitive_topology_list_restart
09-23 02:38:37.030  1686  3172 I MobileGL: [02:38:37] [Android mgl-srv-apply/INFO]: Enabled optional device extension: VK_EXT_custom_border_color (maxCustomBorderColorSamplers=4000)
09-23 02:38:37.030  1686  3172 I MobileGL: [02:38:37] [Android mgl-srv-apply/INFO]: Enabled optional device extension: VK_EXT_subgroup_size_control (computeFullSubgroups)
09-23 02:38:37.030  1686  3172 I MobileGL: [02:38:37] [Android mgl-srv-apply/INFO]: Enabled optional device extension: VK_EXT_transform_feedback
09-23 02:38:37.030  1686  3172 I MobileGL: [02:38:37] [Android mgl-srv-apply/INFO]: Enabled optional device extension: VK_EXT_provoking_vertex (transformFeedbackPreservesProvokingVertex=false)
09-23 02:38:37.030  1686  3172 I MobileGL: [02:38:37] [Android mgl-srv-apply/INFO]: Enabled optional device extension: VK_EXT_vertex_attribute_divisor
09-23 02:38:37.030  1686  3172 I MobileGL: [02:38:37] [Android mgl-srv-apply/INFO]: Enabled optional device extension: VK_EXT_multi_draw (maxMultiDrawCount=1024)
09-23 02:38:37.030  1686  3172 I MobileGL: [02:38:37] [Android mgl-srv-apply/INFO]: Device feature support: robustBufferAccess=true geometryShader=true independentBlend=true logicOp=true shaderClipDistance=true shaderCullDistance=true wideLines=true shaderInt64=true vertexStoresAtomics=true fragmentStoresAtomics=true storageImageExtendedFormats=true storageImageReadWithoutFormat=true storageImageWriteWithoutFormat=true drawIndirectFirstInstance=true multiDrawIndirect=true
09-23 02:38:37.030  1686  3172 I MobileGL: [02:38:37] [Android mgl-srv-apply/INFO]: Device feature enabled: robustBufferAccess=true geometryShader=true independentBlend=true logicOp=true shaderClipDistance=true shaderCullDistance=true wideLines=true shaderInt64=true vertexStoresAtomics=true fragmentStoresAtomics=true storageImageExtendedFormats=true storageImageReadWithoutFormat=true storageImageWriteWithoutFormat=true drawIndirectFirstInstance=true multiDrawIndirect=true shaderDrawParameters=true
09-23 02:38:37.031  1686  3172 I MobileGL: [02:38:37] [Android mgl-srv-apply/INFO]: Multi-draw dispatch tier: ext (VK_EXT_multi_draw=true, multiDrawIndirect=true, mode=auto)
09-23 02:38:37.031  1686  3172 I MobileGL: [02:38:37] [Android mgl-srv-apply/INFO]: index type uint8 enabled: true
09-23 02:38:37.031  1686  3172 I MobileGL: [02:38:37] [Android mgl-srv-apply/INFO]: Logical device created.
09-23 02:38:37.031  1686  3172 I MobileGL: [02:38:37] [Android mgl-srv-apply/INFO]: Queues got successfully.
09-23 02:38:37.031  1686  3172 I MobileGL: [02:38:37] [Android mgl-srv-apply/INFO]: Timer queries supported (timestampValidBits=48, timestampPeriod=52.083332 ns/tick)
09-23 02:38:37.031  1686  3172 I MobileGL: [02:38:37] [Android mgl-srv-apply/INFO]: PRIMITIVES_GENERATED probe triangles: drawn=1 stream=0/1 pgq=0(0) stat=1(1)
09-23 02:38:37.031  1686  3172 I MobileGL: [02:38:37] [Android mgl-srv-apply/INFO]: PRIMITIVES_GENERATED probe triangles+discard: drawn=1 stream=0/1 pgq=0(0) stat=0(1)
09-23 02:38:37.031  1686  3172 I MobileGL: [02:38:37] [Android mgl-srv-apply/INFO]: PRIMITIVES_GENERATED probe patches+discard: drawn=1 stream=0/1 pgq=0(0) stat=0(1)
09-23 02:38:37.031  1686  3172 I MobileGL: [02:38:37] [Android mgl-srv-apply/INFO]: PRIMITIVES_GENERATED for XFB-inactive draws will accumulate through a clipping-invocations pipeline-statistics pool
09-23 02:38:37.031  1686  3172 I MobileGL: [02:38:37] [Android mgl-srv-apply/INFO]: Command pool created
09-23 02:38:37.031  1686  3172 I MobileGL: [02:38:37] [Android mgl-srv-apply/INFO]: MaxFramesInFlight: configured request=3
09-23 02:38:37.031  1686  3172 I MobileGL: [02:38:37] [Android mgl-srv-apply/INFO]: MaxFramesInFlight: using 3 (surface minImageCount=11, maxImageCount=64)
09-23 02:38:37.031  1686  3172 I MobileGL: [02:38:37] [Android mgl-srv-apply/INFO]: CreateFrameContexts completed
09-23 02:38:37.031  1686  3172 I MobileGL: [02:38:37] [Android mgl-srv-apply/INFO]: DirectVulkan: using 256 program descriptor bindings
09-23 02:38:37.033  1686  3172 I MobileGL: [02:38:37] [Android mgl-srv-apply/INFO]: Got 5 surface formats:
09-23 02:38:37.033  1686  3172 I MobileGL: [02:38:37] [Android mgl-srv-apply/INFO]: Picked surface format: [VK_FORMAT_R8G8B8A8_UNORM, VK_COLOR_SPACE_SRGB_NONLINEAR_KHR]
09-23 02:38:37.033  1686  3172 I MobileGL: [02:38:37] [Android mgl-srv-apply/INFO]: Got 4 present modes:
09-23 02:38:37.033  1686  3172 I MobileGL: [02:38:37] [Android mgl-srv-apply/INFO]: Picked present mode: VK_PRESENT_MODE_MAILBOX_KHR
09-23 02:38:37.033  1686  3172 I MobileGL: [02:38:37] [Android mgl-srv-apply/INFO]: Set minImageCount = 11
09-23 02:38:37.033  1686  3172 I MobileGL: [02:38:37] [Android mgl-srv-apply/INFO]: Swapchain currentTransform = VK_SURFACE_TRANSFORM_IDENTITY_BIT_KHR
09-23 02:38:37.033  1686  3172 I MobileGL: [02:38:37] [Android mgl-srv-apply/INFO]: Swapchain imageUsage = 0x13 (supportedUsageFlags = 0x9f)
09-23 02:38:37.033  1686  3172 I MobileGL: [02:38:37] [Android mgl-srv-apply/INFO]: Set swapchain preTransform = VK_SURFACE_TRANSFORM_IDENTITY_BIT_KHR
09-23 02:38:37.035  1686  3172 I MobileGL: [02:38:37] [Android mgl-srv-apply/INFO]: Swapchain image views created
09-23 02:38:37.037  1686  3172 I MobileGL: [02:38:37] [Android mgl-srv-apply/INFO]: Swapchain created, extent = 854x480, swapchain imageCount = 11
09-23 02:38:37.037  1686  3172 I MobileGL: [02:38:37] [Android mgl-srv-apply/INFO]: DirectVulkan: suppressing depth writes on accumulation-blended pipelines (driver lacks cross-pipeline position invariance)
09-23 02:38:37.038  1686  3172 I MobileGL: [02:38:37] [Android mgl-srv-apply/INFO]: Vulkan shader subgroup support: detected=true advertised=true size=64 stages=0x30 operations=0x2bf
09-23 02:38:37.038  1686  3172 I MobileGL: [02:38:37] [Android mgl-srv-apply/INFO]: DirectVulkan: clamped GL_MAX_COMPUTE_SHADER_STORAGE_BLOCKS from 16777216 to 256
09-23 02:38:37.038  1686  3172 I MobileGL: [02:38:37] [Android mgl-srv-apply/INFO]: DirectVulkan: clamped GL_MAX_COMBINED_SHADER_STORAGE_BLOCKS from 16777216 to 256
09-23 02:38:37.038  1686  3172 I MobileGL: [02:38:37] [Android mgl-srv-apply/INFO]: DirectVulkan: clamped GL_MAX_COMPUTE_UNIFORM_BLOCKS from 16777216 to 256
09-23 02:38:37.038  1686  3172 I MobileGL: [02:38:37] [Android mgl-srv-apply/INFO]: DirectVulkan: clamped GL_MAX_SHADER_STORAGE_BUFFER_BINDINGS from 16777216 to 256
09-23 02:38:37.038  1686  3172 I MobileGL: [02:38:37] [Android mgl-srv-apply/INFO]: DirectVulkan: clamped GL_MAX_UNIFORM_BUFFER_BINDINGS from 16777216 to 256
09-23 02:38:37.038  1686  3172 I MobileGL: [02:38:37] [Android mgl-srv-apply/INFO]: DirectVulkan: clamped GL_MAX_SHADER_STORAGE_BLOCK_SIZE from 2147483647 to 536870912
09-23 02:38:37.040  1686  3172 I MobileGL: [02:38:37] [Android mgl-srv-apply/INFO]: Vulkan shader subgroup support: detected=true advertised=true size=64 stages=0x30 operations=0x2bf
09-23 02:38:37.040  1686  3172 I MobileGL: [02:38:37] [Android mgl-srv-apply/INFO]: DirectVulkan: clamped GL_MAX_COMPUTE_SHADER_STORAGE_BLOCKS from 16777216 to 256
09-23 02:38:37.040  1686  3172 I MobileGL: [02:38:37] [Android mgl-srv-apply/INFO]: DirectVulkan: clamped GL_MAX_COMBINED_SHADER_STORAGE_BLOCKS from 16777216 to 256
09-23 02:38:37.040  1686  3172 I MobileGL: [02:38:37] [Android mgl-srv-apply/INFO]: DirectVulkan: clamped GL_MAX_COMPUTE_UNIFORM_BLOCKS from 16777216 to 256
09-23 02:38:37.040  1686  3172 I MobileGL: [02:38:37] [Android mgl-srv-apply/INFO]: DirectVulkan: clamped GL_MAX_SHADER_STORAGE_BUFFER_BINDINGS from 16777216 to 256
09-23 02:38:37.040  1686  3172 I MobileGL: [02:38:37] [Android mgl-srv-apply/INFO]: DirectVulkan: clamped GL_MAX_UNIFORM_BUFFER_BINDINGS from 16777216 to 256
09-23 02:38:37.040  1686  3172 I MobileGL: [02:38:37] [Android mgl-srv-apply/INFO]: DirectVulkan: clamped GL_MAX_SHADER_STORAGE_BLOCK_SIZE from 2147483647 to 536870912
09-23 02:38:37.041  1686  3171 I MobileGL: [02:38:37] [Android MobileGLTraceRe/INFO]: MG_Remote client: CapsMirror generation 4 adopted (backend=1, callMask=0x3fff00000470)
09-23 02:38:37.041  1686  3171 I MobileGL: [02:38:37] [Android MobileGLTraceRe/INFO]: MG_Remote client: format capabilities filled from caps mirror generation 4
09-23 02:38:37.041  1686  3171 I MobileGL: [02:38:37] [Android MobileGLTraceRe/INFO]: MG_Remote client: CapsMirror generation 5 adopted (backend=1, callMask=0x3fff00000470)
09-23 02:38:37.041  1686  3171 I MobileGL: [02:38:37] [Android MobileGLTraceRe/INFO]: MG_Remote client: format capabilities filled from caps mirror generation 5
09-23 02:38:37.047  1686  3171 W MobileGL: [02:38:37] [Android MobileGLTraceRe/WARN]: Stub function: glDebugMessageControl(...)
09-23 02:38:38.635  1686  3172 W MobileGL: [02:38:38] [Android mgl-srv-apply/WARN]: GetOrCreatePipeline: patching vertex input location=6 format=88 -> 89 to match shader input type=35668 for program=7
09-23 02:38:38.654  1686  3172 F MobileGL: [02:38:38] [Android mgl-srv-apply/FATAL]: MGPipe: Fatal{UnmigratedVerb, "Magma:mipmap-shader-format-or-shape"}
09-23 02:38:38.654  1686  3172 I libc    : handling signal: 6
09-23 02:38:38.655  1686  3172 F libc    : Fatal signal 6 (SIGABRT), code -1 (SI_QUEUE) in tid 3172 (mgl-srv-apply), pid 1686 (ugin.p7w1.trace)
09-23 02:38:38.655  1686  3172 I libc    : debuggerd_dispatch_pseudothread start. crashing tid: 3172
09-23 02:38:38.678  1686  3172 I libc    : crash_dump pid: 3235
09-23 02:38:38.705  3235  3235 W libc    : Access denied finding property "persist.vendor.track.malloc.enable"
09-23 02:38:38.705  3235  3235 W libc    : Access denied finding property "persist.vendor.fd.monitor.enable"
09-23 02:38:38.985  3236  3236 F DEBUG   :       #00 pc 000000000007184c  /apex/com.android.runtime/lib64/bionic/libc.so (abort+160) (BuildId: 223a572c9f034c6a9337d8b3bedc75f3)
09-23 02:38:38.985  3236  3236 F DEBUG   :       #01 pc 000000000099f620  /data/app/~~GTtJpgg4160VWYt1KJ1Fww==/top.mobilegl.plugin.p7w1.trace-yro313nlE_p3MnRQTGbTyQ==/lib/arm64/libMobileGL.so (BuildId: c18ad8c4a37ba920181e8e4a40c555021f01fb5d)
09-23 02:38:38.985  3236  3236 F DEBUG   :       #02 pc 000000000099f4f0  /data/app/~~GTtJpgg4160VWYt1KJ1Fww==/top.mobilegl.plugin.p7w1.trace-yro313nlE_p3MnRQTGbTyQ==/lib/arm64/libMobileGL.so (BuildId: c18ad8c4a37ba920181e8e4a40c555021f01fb5d)
09-23 02:38:38.985  3236  3236 F DEBUG   :       #03 pc 0000000000973eac  /data/app/~~GTtJpgg4160VWYt1KJ1Fww==/top.mobilegl.plugin.p7w1.trace-yro313nlE_p3MnRQTGbTyQ==/lib/arm64/libMobileGL.so (BuildId: c18ad8c4a37ba920181e8e4a40c555021f01fb5d)
09-23 02:38:38.985  3236  3236 F DEBUG   :       #04 pc 000000000088842c  /data/app/~~GTtJpgg4160VWYt1KJ1Fww==/top.mobilegl.plugin.p7w1.trace-yro313nlE_p3MnRQTGbTyQ==/lib/arm64/libMobileGL.so (BuildId: c18ad8c4a37ba920181e8e4a40c555021f01fb5d)
09-23 02:38:38.985  3236  3236 F DEBUG   :       #05 pc 000000000088e268  /data/app/~~GTtJpgg4160VWYt1KJ1Fww==/top.mobilegl.plugin.p7w1.trace-yro313nlE_p3MnRQTGbTyQ==/lib/arm64/libMobileGL.so (BuildId: c18ad8c4a37ba920181e8e4a40c555021f01fb5d)
09-23 02:38:38.986  3236  3236 F DEBUG   :       #06 pc 00000000009c6884  /data/app/~~GTtJpgg4160VWYt1KJ1Fww==/top.mobilegl.plugin.p7w1.trace-yro313nlE_p3MnRQTGbTyQ==/lib/arm64/libMobileGL.so (BuildId: c18ad8c4a37ba920181e8e4a40c555021f01fb5d)
09-23 02:38:38.986  3236  3236 F DEBUG   :       #07 pc 00000000009a30c8  /data/app/~~GTtJpgg4160VWYt1KJ1Fww==/top.mobilegl.plugin.p7w1.trace-yro313nlE_p3MnRQTGbTyQ==/lib/arm64/libMobileGL.so (BuildId: c18ad8c4a37ba920181e8e4a40c555021f01fb5d)
09-23 02:38:38.986  3236  3236 F DEBUG   :       #08 pc 00000000009a3d4c  /data/app/~~GTtJpgg4160VWYt1KJ1Fww==/top.mobilegl.plugin.p7w1.trace-yro313nlE_p3MnRQTGbTyQ==/lib/arm64/libMobileGL.so (BuildId: c18ad8c4a37ba920181e8e4a40c555021f01fb5d)
09-23 02:38:38.986  3236  3236 F DEBUG   :       #09 pc 00000000009c6d60  /data/app/~~GTtJpgg4160VWYt1KJ1Fww==/top.mobilegl.plugin.p7w1.trace-yro313nlE_p3MnRQTGbTyQ==/lib/arm64/libMobileGL.so (BuildId: c18ad8c4a37ba920181e8e4a40c555021f01fb5d)
09-23 02:38:38.986  3236  3236 F DEBUG   :       #10 pc 00000000009c9e50  /data/app/~~GTtJpgg4160VWYt1KJ1Fww==/top.mobilegl.plugin.p7w1.trace-yro313nlE_p3MnRQTGbTyQ==/lib/arm64/libMobileGL.so (BuildId: c18ad8c4a37ba920181e8e4a40c555021f01fb5d)
09-23 02:38:38.986  3236  3236 F DEBUG   :       #11 pc 00000000009c9814  /data/app/~~GTtJpgg4160VWYt1KJ1Fww==/top.mobilegl.plugin.p7w1.trace-yro313nlE_p3MnRQTGbTyQ==/lib/arm64/libMobileGL.so (BuildId: c18ad8c4a37ba920181e8e4a40c555021f01fb5d)
09-23 02:38:38.986  3236  3236 F DEBUG   :       #12 pc 00000000009cbb4c  /data/app/~~GTtJpgg4160VWYt1KJ1Fww==/top.mobilegl.plugin.p7w1.trace-yro313nlE_p3MnRQTGbTyQ==/lib/arm64/libMobileGL.so (BuildId: c18ad8c4a37ba920181e8e4a40c555021f01fb5d)
09-23 02:38:38.986  3236  3236 F DEBUG   :       #13 pc 0000000000082d74  /apex/com.android.runtime/lib64/bionic/libc.so (__pthread_start(void*)+184) (BuildId: 223a572c9f034c6a9337d8b3bedc75f3)
09-23 02:38:38.986  3236  3236 F DEBUG   :       #14 pc 00000000000751f0  /apex/com.android.runtime/lib64/bionic/libc.so (__start_thread+68) (BuildId: 223a572c9f034c6a9337d8b3bedc75f3)
09-23 02:38:39.026  3236  3236 I libc    : tombstoned_notify_completion, socket: 8
09-23 02:38:39.048  6687  7097 D DigestGenerator:  /apex/com.android.runtime/lib/bionic/libc.so (abort+) ()
09-23 02:38:39.048  6687  7097 D DigestGenerator:  XXlib/arm/libMobileGL.so ()
09-23 02:38:39.048  6687  7097 D DigestGenerator:  XXlib/arm/libMobileGL.so ()
09-23 02:38:39.048  6687  7097 D DigestGenerator:  XXlib/arm/libMobileGL.so ()
09-23 02:38:39.048  6687  7097 D DigestGenerator:  XXlib/arm/libMobileGL.so ()
09-23 02:38:39.048  6687  7097 D DigestGenerator:  XXlib/arm/libMobileGL.so ()
09-23 02:38:39.048  6687  7097 D DigestGenerator:  XXlib/arm/libMobileGL.so ()
09-23 02:38:39.048  6687  7097 D DigestGenerator:  XXlib/arm/libMobileGL.so ()
09-23 02:38:39.048  6687  7097 D DigestGenerator:  XXlib/arm/libMobileGL.so ()
09-23 02:38:39.048  6687  7097 D DigestGenerator:  XXlib/arm/libMobileGL.so ()
09-23 02:38:39.048  6687  7097 D DigestGenerator:  XXlib/arm/libMobileGL.so ()
09-23 02:38:39.048  6687  7097 D DigestGenerator:  XXlib/arm/libMobileGL.so ()
09-23 02:38:39.048  6687  7097 D DigestGenerator:  XXlib/arm/libMobileGL.so ()
09-23 02:38:39.048  6687  7097 D DigestGenerator:  /apex/com.android.runtime/lib/bionic/libc.so (__pthread_start(void*)+) ()
09-23 02:38:39.048  6687  7097 D DigestGenerator:  /apex/com.android.runtime/lib/bionic/libc.so (__start_thread+) ()
09-23 02:38:39.049  6687  7097 D MiSightJni: MiSight: Java_com_miui_misight_MiSight_nativeSendEvent enter called. '{"Stacktrace":"#02 pc 000000000099f4f0  \/data\/app\/~~GTtJpgg4160VWYt1KJ1Fww==\/top.mobilegl.plugin.p7w1.trace-yro313nlE_p3MnRQTGbTyQ==\/lib\/arm64\/libMobileGL.so (BuildId: c18ad8c4a37ba920181e8e4a40c555021f01fb5d)\n      #03 pc 0000000000973eac  \/data\/app\/~~GTtJpgg4160VWYt1KJ1Fww==\/top.mobilegl.plugin.p7w1.trace-yro313nlE_p3MnRQTGbTyQ==\/lib\/arm64\/libMobileGL.so (BuildId: c18ad8c4a37ba920181e8e4a40c555021f01fb5d)\n      #04 pc 000000000088842c  \/data\/app\/~~GTtJpgg4160VWYt1KJ1Fww==\/top.mobilegl.plugin.p7w1.trace-yro313nlE_p3MnRQTGbTyQ==\/lib\/arm64\/libMobileGL.so (BuildId: c18ad8c4a37ba920181e8e4a40c555021f01fb5d)\n      #05 pc 000000000088e268  \/data\/app\/~~GTtJpgg4160VWYt1KJ1Fww==\/top.mobilegl.plugin.p7w1.trace-yro313nlE_p3MnRQTGbTyQ==\/lib\/arm64\/libMobileGL.so (BuildId: c18ad8c4a37ba920181e8e4a40c555021f01fb5d)\n      #06 pc 00000000009c6884  \/data\/app\/~~GTtJpgg4160VWYt1KJ1Fww==\/top.mobilegl.plugin.p7w1.trace-yro31
09-23 02:38:39.050  6687  7097 D MiEvent : flatten EventId 901001003 -t 1790102319 -paraList {"CrashType":"100000000","CurrentTime":1790102318000,"Digest":"93cd9aa8a0a997df64f663cbca27e0e7","Keyword":"{\"vn\":\"26.09.d260f11-trace\",\"vc\":\"26090876\",\"isRoot\":false,\"count\":1,\"preInstalled\":false,\"unfold\":false,\"ram\":15,\"rom\":264}","PackageName":"top.mobilegl.plugin.p7w1.trace","Stacktrace":"#02 pc 000000000099f4f0  /data/app/~~GTtJpgg4160VWYt1KJ1Fww==/top.mobilegl.plugin.p7w1.trace-yro313nlE_p3MnRQTGbTyQ==/lib/arm64/libMobileGL.so (BuildId: c18ad8c4a37ba920181e8e4a40c555021f01fb5d)\n      #03 pc 0000000000973eac  /data/app/~~GTtJpgg4160VWYt1KJ1Fww==/top.mobilegl.plugin.p7w1.trace-yro313nlE_p3MnRQTGbTyQ==/lib/arm64/libMobileGL.so (BuildId: c18ad8c4a37ba920181e8e4a40c555021f01fb5d)\n      #04 pc 000000000088842c  /data/app/~~GTtJpgg4160VWYt1KJ1Fww==/top.mobilegl.plugin.p7w1.trace-yro313nlE_p3MnRQTGbTyQ==/lib/arm64/libMobileGL.so (BuildId: c18ad8c4a37ba920181e8e4a40c555021f01fb5d)\n      #05 pc 000000000088e268  /data/app/~~GTtJpgg4160VWYt
09-23 02:38:39.050  6687  7097 D MiEvent : report:EventId 901001003 -t 1790102319 -paraList {"CrashType":"100000000","CurrentTime":1790102318000,"Digest":"93cd9aa8a0a997df64f663cbca27e0e7","Keyword":"{\"vn\":\"26.09.d260f11-trace\",\"vc\":\"26090876\",\"isRoot\":false,\"count\":1,\"preInstalled\":false,\"unfold\":false,\"ram\":15,\"rom\":264}","PackageName":"top.mobilegl.plugin.p7w1.trace","Stacktrace":"#02 pc 000000000099f4f0  /data/app/~~GTtJpgg4160VWYt1KJ1Fww==/top.mobilegl.plugin.p7w1.trace-yro313nlE_p3MnRQTGbTyQ==/lib/arm64/libMobileGL.so (BuildId: c18ad8c4a37ba920181e8e4a40c555021f01fb5d)\n      #03 pc 0000000000973eac  /data/app/~~GTtJpgg4160VWYt1KJ1Fww==/top.mobilegl.plugin.p7w1.trace-yro313nlE_p3MnRQTGbTyQ==/lib/arm64/libMobileGL.so (BuildId: c18ad8c4a37ba920181e8e4a40c555021f01fb5d)\n      #04 pc 000000000088842c  /data/app/~~GTtJpgg4160VWYt1KJ1Fww==/top.mobilegl.plugin.p7w1.trace-yro313nlE_p3MnRQTGbTyQ==/lib/arm64/libMobileGL.so (BuildId: c18ad8c4a37ba920181e8e4a40c555021f01fb5d)\n      #05 pc 000000000088e268  /data/app/~~GTtJpgg4160VWYt1
09-23 02:38:39.051  4411  5837 D RecentsTaskLoader: reloadTasksData [TaskKey{id=301, stackId=0, baseIntent=Intent { act=top.mobilegl.plugin.TRACE_REPLAY flg=0x10000000 cmp=top.mobilegl.plugin.p7w1.trace/top.mobilegl.plugin.trace.TraceReplayActivity }, userId=0, lastActiveTime=1974299, windowingMode=1, isThumbnailBlur=false, isAccessLocked=false, isScreening=false, topActivity=null, mHashCode=9890643}, title=MobileGL, titleDescription=MobileGL, bounds=null, isLaunchTarget=false, isStackTask=true, isSystemApp=false, isDockable=true, baseActivity=null, isLocked=false, mNeedHide=false, hasMultipleTasks=false, cti1Key=, cti2Key=, cti1Task=, cti2Task=] 
09-23 02:38:39.137  3176  3422 I libc    : kill: send 9 to pid -1686
09-23 02:38:39.137  3176  3422 I libc    : debug pid reuse, real pid -1686
09-23 02:38:39.137  3176  3422 I libc    : kill: send 9 to pid -1686
09-23 02:38:39.137  3176  3422 I libc    : debug pid reuse, real pid -1686
09-23 02:38:39.161  2024  2024 W libc    : Access denied finding property "vendor.gpp.create_frc_extension"
09-23 02:38:39.195  4411  4411 I WindowAnimParamsProvider: getClosingWindowAnimParams getClosingShortcutIcon task before=  [TaskKey{id=301, stackId=0, baseIntent=Intent { act=top.mobilegl.plugin.TRACE_REPLAY flg=0x10000000 cmp=top.mobilegl.plugin.p7w1.trace/top.mobilegl.plugin.trace.TraceReplayActivity }, userId=0, lastActiveTime=1974299, windowingMode=1, isThumbnailBlur=false, isAccessLocked=false, isScreening=false, topActivity=null, mHashCode=9890643}, title=MobileGL, titleDescription=MobileGL, bounds=null, isLaunchTarget=false, isStackTask=true, isSystemApp=false, isDockable=true, baseActivity=null, isLocked=false, mNeedHide=false, hasMultipleTasks=false, cti1Key=, cti2Key=, cti1Task=, cti2Task=] 
09-23 02:38:39.195  4411  4411 I WindowAnimParamsProvider: getClosingWindowAnimParams getClosingShortcutIcon task after=  [TaskKey{id=301, stackId=0, baseIntent=Intent { act=top.mobilegl.plugin.TRACE_REPLAY flg=0x10000000 cmp=top.mobilegl.plugin.p7w1.trace/top.mobilegl.plugin.trace.TraceReplayActivity }, userId=0, lastActiveTime=1974299, windowingMode=1, isThumbnailBlur=false, isAccessLocked=false, isScreening=false, topActivity=null, mHashCode=9890643}, title=MobileGL, titleDescription=MobileGL, bounds=null, isLaunchTarget=false, isStackTask=true, isSystemApp=false, isDockable=true, baseActivity=null, isLocked=false, mNeedHide=false, hasMultipleTasks=false, cti1Key=, cti2Key=, cti1Task=, cti2Task=] 
09-23 02:38:39.196  4411  4411 I WindowAnimParamsProvider: getUserIdFromRemoteTarget task before=  [TaskKey{id=301, stackId=0, baseIntent=Intent { act=top.mobilegl.plugin.TRACE_REPLAY flg=0x10000000 cmp=top.mobilegl.plugin.p7w1.trace/top.mobilegl.plugin.trace.TraceReplayActivity }, userId=0, lastActiveTime=1974299, windowingMode=1, isThumbnailBlur=false, isAccessLocked=false, isScreening=false, topActivity=null, mHashCode=9890643}, title=MobileGL, titleDescription=MobileGL, bounds=null, isLaunchTarget=false, isStackTask=true, isSystemApp=false, isDockable=true, baseActivity=null, isLocked=false, mNeedHide=false, hasMultipleTasks=false, cti1Key=, cti2Key=, cti1Task=, cti2Task=] 
09-23 02:38:39.196  4411  4411 I WindowAnimParamsProvider: getUserIdFromRemoteTarget task after=  [TaskKey{id=301, stackId=0, baseIntent=Intent { act=top.mobilegl.plugin.TRACE_REPLAY flg=0x10000000 cmp=top.mobilegl.plugin.p7w1.trace/top.mobilegl.plugin.trace.TraceReplayActivity }, userId=0, lastActiveTime=1974299, windowingMode=1, isThumbnailBlur=false, isAccessLocked=false, isScreening=false, topActivity=null, mHashCode=9890643}, title=MobileGL, titleDescription=MobileGL, bounds=null, isLaunchTarget=false, isStackTask=true, isSystemApp=false, isDockable=true, baseActivity=null, isLocked=false, mNeedHide=false, hasMultipleTasks=false, cti1Key=, cti2Key=, cti1Task=, cti2Task=] 
09-23 02:38:39.533  7990  8728 I libc    : kill: send 15 to pid 3392
09-23 02:38:39.533  7990  8728 I libc    : debug pid reuse, real pid 3392
09-23 02:38:39.810  4411  5837 D RecentsTaskLoader: reloadTasksData [TaskKey{id=301, stackId=0, baseIntent=Intent { act=top.mobilegl.plugin.TRACE_REPLAY flg=0x10000000 cmp=top.mobilegl.plugin.p7w1.trace/top.mobilegl.plugin.trace.TraceReplayActivity }, userId=0, lastActiveTime=1974299, windowingMode=1, isThumbnailBlur=false, isAccessLocked=false, isScreening=false, topActivity=null, mHashCode=9890643}, title=MobileGL, titleDescription=MobileGL, bounds=null, isLaunchTarget=false, isStackTask=true, isSystemApp=false, isDockable=true, baseActivity=null, isLocked=false, mNeedHide=false, hasMultipleTasks=false, cti1Key=, cti2Key=, cti1Task=, cti2Task=] 
09-23 02:38:39.831  3176  4362 W libc    : Access denied finding property "vendor.video.jpegopt.enable"
09-23 02:38:39.831  3176  4362 W libc    : Access denied finding property "vendor.video.jpegopt.enable"
trace-replay-ci.sh: app trace-replay files:
/data/user/0/top.mobilegl.plugin.p7w1.trace/files/trace-replay:
total 12
drwxrwxrwx 4 u0_a318 u0_a318 3452 2026-09-23 02:38 .
drwxrwxrwx 3 u0_a318 u0_a318 3452 2026-09-23 02:38 ..
drwxrwxrwx 2 u0_a318 u0_a318 3452 2026-09-23 02:38 input
drwxrwxrwx 2 u0_a318 u0_a318 3452 2026-09-23 02:38 output

/data/user/0/top.mobilegl.plugin.p7w1.trace/files/trace-replay/input:
total 92726
drwxrwxrwx 2 u0_a318 u0_a318     3452 2026-09-23 02:38 .
drwxrwxrwx 4 u0_a318 u0_a318     3452 2026-09-23 02:38 ..
-rw-r--r-- 1 u0_a318 u0_a318   705968 2026-09-23 02:38 golden.png
-rw-r--r-- 1 u0_a318 u0_a318 94141776 2026-09-23 02:38 trace.trace

/data/user/0/top.mobilegl.plugin.p7w1.trace/files/trace-replay/output:
total 66
drwxrwxrwx 2 u0_a318 u0_a318  3452 2026-09-23 02:38 .
drwxrwxrwx 4 u0_a318 u0_a318  3452 2026-09-23 02:38 ..
-rw------- 1 u0_a318 u0_a318  7164 2026-09-23 02:38 mobilegl.client.log
-rw------- 1 u0_a318 u0_a318 45163 2026-09-23 02:38 mobilegl.server.log
-rw------- 1 u0_a318 u0_a318   174 2026-09-23 02:38 retrace.log
archived repeat 1 to .trace-work\p7w1\E1-inproc-ra0\minecraft-1.21.4-fabric-iris-iterationt-in-world-DirectVulkan\repeat-01
C:\Users\geekerwan\AndroidStudioProjects\FoldCraftLauncher\MobileGL-disagg\.trace-work\android-retrace-summary\mobilegl-android-retrace-overview.html
=== Android retrace: minecraft-1.21.1-neoforge-create-instancing-in-world / DirectVulkan (repeat 1/1) ===
C:\Users\geekerwan\AndroidStudioProjects\FoldCraftLauncher\MobileGL-disagg\.trace-work\android-retrace-fixture\minecraft-1.21.1-neoforge-create-instancing-in-world\trace.trace: 1 file pushed, 0 skipped. 15.1 MB/s (7713946 bytes in 0.486s)
C:\Users\geekerwan\AndroidStudioProjects\FoldCraftLauncher\MobileGL-disagg\tools\trace_replay\fixtures\minecraft-1.21.1-neoforge-create-instancing-in-world.0000530333.png: 1 file pushed, 0 skipped. 55.2 MB/s (280621 bytes in 0.005s)
Starting: Intent { act=top.mobilegl.plugin.TRACE_REPLAY cmp=top.mobilegl.plugin.p7w1.trace/top.mobilegl.plugin.trace.TraceReplayActivity (has extras) }
trace-replay-ci.sh: app process exited before result.json was created
trace-replay-ci.sh: retrace.log:
/opt/Java/jdk-21/bin/java
apitrace: warning: caught signal 11
208181: error: caught an unhandled exception
trace-replay-ci.sh: tail of mobilegl.log:
[02:39:04] [Android mgl-srv-apply/INFO]:     VK_KHR_calibrated_timestamps (r.1)
[02:39:04] [Android mgl-srv-apply/INFO]:     VK_KHR_external_memory_fd (r.1)
[02:39:04] [Android mgl-srv-apply/INFO]:     VK_QCOM_render_pass_shader_resolve (r.4)
[02:39:04] [Android mgl-srv-apply/INFO]:     VK_KHR_maintenance1 (r.2)
[02:39:04] [Android mgl-srv-apply/INFO]:     VK_KHR_maintenance2 (r.1)
[02:39:04] [Android mgl-srv-apply/INFO]:     VK_KHR_maintenance3 (r.1)
[02:39:04] [Android mgl-srv-apply/INFO]:     VK_KHR_maintenance4 (r.2)
[02:39:04] [Android mgl-srv-apply/INFO]:     VK_KHR_maintenance5 (r.1)
[02:39:04] [Android mgl-srv-apply/INFO]:     VK_KHR_maintenance6 (r.1)
[02:39:04] [Android mgl-srv-apply/INFO]:     VK_KHR_separate_depth_stencil_layouts (r.1)
[02:39:04] [Android mgl-srv-apply/INFO]:     VK_EXT_image_robustness (r.1)
[02:39:04] [Android mgl-srv-apply/INFO]:     VK_EXT_calibrated_timestamps (r.2)
[02:39:04] [Android mgl-srv-apply/INFO]:     VK_KHR_buffer_device_address (r.1)
[02:39:04] [Android mgl-srv-apply/INFO]:     VK_EXT_extended_dynamic_state (r.1)
[02:39:04] [Android mgl-srv-apply/INFO]:     VK_EXT_queue_family_foreign (r.1)
[02:39:04] [Android mgl-srv-apply/INFO]:     VK_KHR_shader_quad_control (r.1)
[02:39:04] [Android mgl-srv-apply/INFO]:     VK_EXT_image_view_min_lod (r.1)
[02:39:04] [Android mgl-srv-apply/INFO]:     VK_ANDROID_external_format_resolve (r.1)
[02:39:04] [Android mgl-srv-apply/INFO]:     VK_QCOM_ycbcr_degamma (r.1)
[02:39:04] [Android mgl-srv-apply/INFO]:     VK_KHR_bind_memory2 (r.1)
[02:39:04] [Android mgl-srv-apply/INFO]:     VK_EXT_pipeline_protected_access (r.1)
[02:39:04] [Android mgl-srv-apply/INFO]:     VK_KHR_external_semaphore (r.1)
[02:39:04] [Android mgl-srv-apply/INFO]:     VK_KHR_shader_terminate_invocation (r.1)
[02:39:04] [Android mgl-srv-apply/INFO]:     VK_QCOM_fragment_density_map_offset (r.2)
[02:39:04] [Android mgl-srv-apply/INFO]:     VK_EXT_scalar_block_layout (r.1)
[02:39:04] [Android mgl-srv-apply/INFO]:     VK_KHR_map_memory2 (r.1)
[02:39:04] [Android mgl-srv-apply/INFO]:     VK_EXT_load_store_op_none (r.1)
[02:39:04] [Android mgl-srv-apply/INFO]:     VK_KHR_load_store_op_none (r.1)
[02:39:04] [Android mgl-srv-apply/INFO]:     VK_KHR_shader_maximal_reconvergence (r.1)
[02:39:04] [Android mgl-srv-apply/INFO]:     VK_KHR_sampler_ycbcr_conversion (r.14)
[02:39:04] [Android mgl-srv-apply/INFO]:     VK_EXT_vertex_attribute_divisor (r.3)
[02:39:04] [Android mgl-srv-apply/INFO]:     VK_KHR_variable_pointers (r.1)
[02:39:04] [Android mgl-srv-apply/INFO]:     VK_QCOM_multiview_per_view_viewports (r.1)
[02:39:04] [Android mgl-srv-apply/INFO]:     VK_KHR_ray_query (r.1)
[02:39:04] [Android mgl-srv-apply/INFO]:     VK_EXT_primitives_generated_query (r.1)
[02:39:04] [Android mgl-srv-apply/INFO]:     VK_KHR_push_descriptor (r.2)
[02:39:04] [Android mgl-srv-apply/INFO]:     VK_KHR_timeline_semaphore (r.2)
[02:39:04] [Android mgl-srv-apply/INFO]:     VK_EXT_device_memory_report (r.2)
[02:39:04] [Android mgl-srv-apply/INFO]:     VK_KHR_shader_subgroup_rotate (r.2)
[02:39:04] [Android mgl-srv-apply/INFO]:     VK_KHR_imageless_framebuffer (r.1)
[02:39:04] [Android mgl-srv-apply/INFO]:     VK_KHR_device_group (r.4)
[02:39:04] [Android mgl-srv-apply/INFO]:     VK_EXT_device_fault (r.2)
[02:39:04] [Android mgl-srv-apply/INFO]:     VK_KHR_relaxed_block_layout (r.1)
[02:39:04] [Android mgl-srv-apply/INFO]:     VK_KHR_shader_expect_assume (r.1)
[02:39:04] [Android mgl-srv-apply/INFO]:     VK_KHR_shader_atomic_int64 (r.1)
[02:39:04] [Android mgl-srv-apply/INFO]:     VK_KHR_external_fence (r.1)
[02:39:04] [Android mgl-srv-apply/INFO]:     VK_KHR_shader_non_semantic_info (r.1)
[02:39:04] [Android mgl-srv-apply/INFO]:     VK_EXT_shader_atomic_float (r.1)
[02:39:04] [Android mgl-srv-apply/INFO]:     VK_EXT_custom_border_color (r.12)
[02:39:04] [Android mgl-srv-apply/INFO]:     VK_EXT_host_query_reset (r.1)
[02:39:04] [Android mgl-srv-apply/INFO]:     VK_EXT_index_type_uint8 (r.1)
[02:39:04] [Android mgl-srv-apply/INFO]:     VK_KHR_multiview (r.1)
[02:39:04] [Android mgl-srv-apply/INFO]:     VK_KHR_storage_buffer_storage_class (r.1)
[02:39:04] [Android mgl-srv-apply/INFO]:     VK_EXT_fragment_density_map2 (r.1)
[02:39:04] [Android mgl-srv-apply/INFO]:     VK_QCOM_filter_cubic_weights (r.1)
[02:39:04] [Android mgl-srv-apply/INFO]:     VK_KHR_workgroup_memory_explicit_layout (r.1)
[02:39:04] [Android mgl-srv-apply/INFO]:     VK_QCOM_rotated_copy_commands (r.2)
[02:39:04] [Android mgl-srv-apply/INFO]:     VK_KHR_shader_subgroup_extended_types (r.1)
[02:39:04] [Android mgl-srv-apply/INFO]:     VK_EXT_external_memory_acquire_unmodified (r.1)
[02:39:04] [Android mgl-srv-apply/INFO]:     VK_EXT_private_data (r.1)
[02:39:04] [Android mgl-srv-apply/INFO]:     VK_EXT_descriptor_buffer (r.1)
[02:39:04] [Android mgl-srv-apply/INFO]:     VK_EXT_conditional_rendering (r.2)
[02:39:04] [Android mgl-srv-apply/INFO]:     VK_EXT_mutable_descriptor_type (r.1)
[02:39:04] [Android mgl-srv-apply/INFO]:     VK_EXT_pipeline_creation_cache_control (r.3)
[02:39:04] [Android mgl-srv-apply/INFO]:     VK_EXT_robustness2 (r.1)
[02:39:04] [Android mgl-srv-apply/INFO]:     VK_KHR_shader_clock (r.1)
[02:39:04] [Android mgl-srv-apply/INFO]:     VK_EXT_shader_module_identifier (r.1)
[02:39:04] [Android mgl-srv-apply/INFO]:     VK_KHR_vertex_attribute_divisor (r.1)
[02:39:04] [Android mgl-srv-apply/INFO]:     VK_EXT_global_priority_query (r.1)
[02:39:04] [Android mgl-srv-apply/INFO]:     VK_EXT_separate_stencil_usage (r.1)
[02:39:04] [Android mgl-srv-apply/INFO]:     VK_EXT_border_color_swizzle (r.1)
[02:39:04] [Android mgl-srv-apply/INFO]:     VK_EXT_vertex_input_dynamic_state (r.2)
[02:39:04] [Android mgl-srv-apply/INFO]:     VK_IMG_filter_cubic (r.1)
[02:39:04] [Android mgl-srv-apply/INFO]:     VK_EXT_filter_cubic (r.3)
[02:39:04] [Android mgl-srv-apply/INFO]:     VK_EXT_shader_subgroup_vote (r.1)
[02:39:04] [Android mgl-srv-apply/INFO]:     VK_EXT_device_address_binding_report (r.1)
[02:39:04] [Android mgl-srv-apply/INFO]:     VK_NV_optical_flow (r.1)
[02:39:04] [Android mgl-srv-apply/INFO]:     VK_QCOM_tile_properties (r.1)
[02:39:04] [Android mgl-srv-apply/INFO]:     VK_KHR_image_format_list (r.1)
[02:39:04] [Android mgl-srv-apply/INFO]:     VK_EXT_sampler_filter_minmax (r.2)
[02:39:04] [Android mgl-srv-apply/INFO]:     VK_KHR_16bit_storage (r.1)
[02:39:04] [Android mgl-srv-apply/INFO]:     VK_EXT_shader_viewport_index_layer (r.1)
[02:39:04] [Android mgl-srv-apply/INFO]:     VK_KHR_pipeline_executable_properties (r.1)
[02:39:04] [Android mgl-srv-apply/INFO]:     VK_EXT_shader_demote_to_helper_invocation (r.1)
[02:39:04] [Android mgl-srv-apply/INFO]:     VK_EXT_color_write_enable (r.1)
[02:39:04] [Android mgl-srv-apply/INFO]:     VK_KHR_dynamic_rendering_local_read (r.1)
[02:39:04] [Android mgl-srv-apply/INFO]:     VK_QCOM_render_pass_transform (r.4)
[02:39:04] [Android mgl-srv-apply/INFO]:     VK_KHR_create_renderpass2 (r.1)
[02:39:04] [Android mgl-srv-apply/INFO]:     VK_EXT_shader_image_atomic_int64 (r.1)
[02:39:04] [Android mgl-srv-apply/INFO]:     VK_KHR_acceleration_structure (r.13)
[02:39:04] [Android mgl-srv-apply/INFO]:     VK_EXT_depth_clip_control (r.1)
[02:39:04] [Android mgl-srv-apply/INFO]:     VK_EXT_transform_feedback (r.1)
[02:39:04] [Android mgl-srv-apply/INFO]:     VK_EXT_blend_operation_advanced (r.2)
[02:39:04] [Android mgl-srv-apply/INFO]:     VK_EXT_provoking_vertex (r.1)
[02:39:04] [Android mgl-srv-apply/INFO]:     VK_KHR_8bit_storage (r.1)
[02:39:04] [Android mgl-srv-apply/INFO]:     VK_QCOM_multiview_per_view_render_areas (r.1)
[02:39:04] [Android mgl-srv-apply/INFO]:     VK_EXT_inline_uniform_block (r.1)
[02:39:04] [Android mgl-srv-apply/INFO]:     VK_EXT_shader_subgroup_ballot (r.1)
[02:39:04] [Android mgl-srv-apply/INFO]:     VK_KHR_depth_stencil_resolve (r.1)
[02:39:04] [Android mgl-srv-apply/INFO]:     VK_KHR_shader_float_controls (r.4)
[02:39:04] [Android mgl-srv-apply/INFO]:     VK_EXT_texture_compression_astc_hdr (r.1)
[02:39:04] [Android mgl-srv-apply/INFO]:     VK_EXT_global_priority (r.2)
[02:39:04] [Android mgl-srv-apply/INFO]:     VK_EXT_4444_formats (r.1)
[02:39:04] [Android mgl-srv-apply/INFO]:     VK_KHR_shader_draw_parameters (r.1)
[02:39:04] [Android mgl-srv-apply/INFO]:     VK_KHR_vulkan_memory_model (r.3)
[02:39:04] [Android mgl-srv-apply/INFO]:     VK_EXT_descriptor_indexing (r.2)
[02:39:04] [Android mgl-srv-apply/INFO]:     VK_EXT_depth_clip_enable (r.1)
[02:39:04] [Android mgl-srv-apply/INFO]:     VK_KHR_synchronization2 (r.1)
[02:39:04] [Android mgl-srv-apply/INFO]:     VK_KHR_shader_integer_dot_product (r.1)
[02:39:04] [Android mgl-srv-apply/INFO]:     VK_EXT_line_rasterization (r.1)
[02:39:04] [Android mgl-srv-apply/INFO]:     VK_KHR_line_rasterization (r.1)
[02:39:04] [Android mgl-srv-apply/INFO]:     VK_QCOM_image_processing (r.1)
[02:39:04] [Android mgl-srv-apply/INFO]:     VK_KHR_shader_float_controls2 (r.1)
[02:39:04] [Android mgl-srv-apply/INFO]:     VK_KHR_fragment_shading_rate (r.2)
[02:39:04] [Android mgl-srv-apply/INFO]:     VK_KHR_descriptor_update_template (r.1)
[02:39:04] [Android mgl-srv-apply/INFO]:     VK_KHR_draw_indirect_count (r.1)
[02:39:04] [Android mgl-srv-apply/INFO]:     VK_KHR_driver_properties (r.1)
[02:39:04] [Android mgl-srv-apply/INFO]:     VK_KHR_ray_tracing_position_fetch (r.1)
[02:39:04] [Android mgl-srv-apply/INFO]:     VK_KHR_dynamic_rendering (r.1)
[02:39:04] [Android mgl-srv-apply/INFO]:     VK_KHR_zero_initialize_workgroup_memory (r.1)
[02:39:04] [Android mgl-srv-apply/INFO]:     VK_KHR_uniform_buffer_standard_layout (r.1)
[02:39:04] [Android mgl-srv-apply/INFO]:     VK_EXT_depth_clamp_zero_one (r.1)
[02:39:04] [Android mgl-srv-apply/INFO]:     VK_ANDROID_external_memory_android_hardware_buffer (r.5)
[02:39:04] [Android mgl-srv-apply/INFO]:     VK_EXT_image_2d_view_of_3d (r.1)
[02:39:04] [Android mgl-srv-apply/INFO]:     VK_EXT_extended_dynamic_state2 (r.1)
[02:39:04] [Android mgl-srv-apply/INFO]:     VK_KHR_dedicated_allocation (r.3)
[02:39:04] [Android mgl-srv-apply/INFO]:     VK_EXT_texel_buffer_alignment (r.1)
[02:39:04] [Android mgl-srv-apply/INFO]:     VK_EXT_primitive_topology_list_restart (r.1)
[02:39:04] [Android mgl-srv-apply/INFO]:     VK_EXT_rasterization_order_attachment_access (r.1)
[02:39:04] [Android mgl-srv-apply/INFO]:     VK_KHR_shader_subgroup_uniform_control_flow (r.1)
[02:39:04] [Android mgl-srv-apply/INFO]:     VK_EXT_tooling_info (r.1)
[02:39:04] [Android mgl-srv-apply/INFO]:     VK_KHR_format_feature_flags2 (r.2)
[02:39:04] [Android mgl-srv-apply/INFO]:     VK_KHR_global_priority (r.1)
[02:39:04] [Android mgl-srv-apply/INFO]:     VK_EXT_sample_locations (r.1)
[02:39:04] [Android mgl-srv-apply/INFO]:     VK_EXT_multi_draw (r.1)
[02:39:04] [Android mgl-srv-apply/INFO]:     VK_KHR_swapchain (r.70)
[02:39:04] [Android mgl-srv-apply/INFO]:     VK_KHR_sampler_mirror_clamp_to_edge (r.3)
[02:39:04] [Android mgl-srv-apply/INFO]:     VK_QCOM_image_processing2 (r.1)
[02:39:04] [Android mgl-srv-apply/INFO]:     VK_KHR_external_fence_fd (r.1)
[02:39:04] [Android mgl-srv-apply/INFO]: Required extension found: VK_KHR_swapchain
[02:39:04] [Android mgl-srv-apply/INFO]:     Picked physical device. (Reason: First suitable device)
[02:39:04] [Android mgl-srv-apply/INFO]: Picked physical device 0.
[02:39:04] [Android mgl-srv-apply/INFO]: Vulkan: multiViewport enabled; rasterizable viewports=16 (device limit 16, GL state width 16)
[02:39:04] [Android mgl-srv-apply/INFO]: Enabled optional device extension: VK_KHR_draw_indirect_count
[02:39:04] [Android mgl-srv-apply/INFO]: Enabled optional device extension: VK_KHR_shader_draw_parameters
[02:39:04] [Android mgl-srv-apply/INFO]: VK_KHR_image_format_list enabled: true
[02:39:04] [Android mgl-srv-apply/INFO]: VK_KHR_draw_indirect_count enabled: true
[02:39:04] [Android mgl-srv-apply/INFO]: Enabled optional device extension: VK_KHR_create_renderpass2
[02:39:04] [Android mgl-srv-apply/INFO]: Enabled optional device extension: VK_KHR_depth_stencil_resolve
[02:39:04] [Android mgl-srv-apply/INFO]: Vulkan: update-after-bind descriptor layouts enabled
[02:39:04] [Android mgl-srv-apply/INFO]: Enabled optional device extension: VK_KHR_index_type_uint8
[02:39:04] [Android mgl-srv-apply/INFO]: Enabled optional device extension: VK_EXT_primitive_topology_list_restart
[02:39:04] [Android mgl-srv-apply/INFO]: Enabled optional device extension: VK_EXT_custom_border_color (maxCustomBorderColorSamplers=4000)
[02:39:04] [Android mgl-srv-apply/INFO]: Enabled optional device extension: VK_EXT_subgroup_size_control (computeFullSubgroups)
[02:39:04] [Android mgl-srv-apply/INFO]: Enabled optional device extension: VK_EXT_transform_feedback
[02:39:04] [Android mgl-srv-apply/INFO]: Enabled optional device extension: VK_EXT_provoking_vertex (transformFeedbackPreservesProvokingVertex=false)
[02:39:04] [Android mgl-srv-apply/INFO]: Enabled optional device extension: VK_EXT_vertex_attribute_divisor
[02:39:04] [Android mgl-srv-apply/INFO]: Enabled optional device extension: VK_EXT_multi_draw (maxMultiDrawCount=1024)
[02:39:04] [Android mgl-srv-apply/INFO]: Device feature support: robustBufferAccess=true geometryShader=true independentBlend=true logicOp=true shaderClipDistance=true shaderCullDistance=true wideLines=true shaderInt64=true vertexStoresAtomics=true fragmentStoresAtomics=true storageImageExtendedFormats=true storageImageReadWithoutFormat=true storageImageWriteWithoutFormat=true drawIndirectFirstInstance=true multiDrawIndirect=true
[02:39:04] [Android mgl-srv-apply/INFO]: Device feature enabled: robustBufferAccess=true geometryShader=true independentBlend=true logicOp=true shaderClipDistance=true shaderCullDistance=true wideLines=true shaderInt64=true vertexStoresAtomics=true fragmentStoresAtomics=true storageImageExtendedFormats=true storageImageReadWithoutFormat=true storageImageWriteWithoutFormat=true drawIndirectFirstInstance=true multiDrawIndirect=true shaderDrawParameters=true
[02:39:04] [Android mgl-srv-apply/INFO]: Multi-draw dispatch tier: ext (VK_EXT_multi_draw=true, multiDrawIndirect=true, mode=auto)
[02:39:04] [Android mgl-srv-apply/INFO]: index type uint8 enabled: true
[02:39:04] [Android mgl-srv-apply/INFO]: Logical device created.
[02:39:04] [Android mgl-srv-apply/INFO]: Queues got successfully.
[02:39:04] [Android mgl-srv-apply/INFO]: Timer queries supported (timestampValidBits=48, timestampPeriod=52.083332 ns/tick)
[02:39:04] [Android mgl-srv-apply/INFO]: PRIMITIVES_GENERATED probe triangles: drawn=1 stream=0/1 pgq=0(0) stat=1(1)
[02:39:04] [Android mgl-srv-apply/INFO]: PRIMITIVES_GENERATED probe triangles+discard: drawn=1 stream=0/1 pgq=0(0) stat=0(1)
[02:39:04] [Android mgl-srv-apply/INFO]: PRIMITIVES_GENERATED probe patches+discard: drawn=1 stream=0/1 pgq=0(0) stat=0(1)
[02:39:04] [Android mgl-srv-apply/INFO]: PRIMITIVES_GENERATED for XFB-inactive draws will accumulate through a clipping-invocations pipeline-statistics pool
[02:39:04] [Android mgl-srv-apply/INFO]: Command pool created
[02:39:04] [Android mgl-srv-apply/INFO]: MaxFramesInFlight: configured request=3
[02:39:04] [Android mgl-srv-apply/INFO]: MaxFramesInFlight: using 3 (surface minImageCount=11, maxImageCount=64)
[02:39:04] [Android mgl-srv-apply/INFO]: CreateFrameContexts completed
[02:39:04] [Android mgl-srv-apply/INFO]: DirectVulkan: using 256 program descriptor bindings
[02:39:04] [Android mgl-srv-apply/INFO]: Got 5 surface formats:
[02:39:04] [Android mgl-srv-apply/INFO]: Picked surface format: [VK_FORMAT_R8G8B8A8_UNORM, VK_COLOR_SPACE_SRGB_NONLINEAR_KHR]
[02:39:04] [Android mgl-srv-apply/INFO]: Got 4 present modes:
[02:39:04] [Android mgl-srv-apply/INFO]: Picked present mode: VK_PRESENT_MODE_MAILBOX_KHR
[02:39:04] [Android mgl-srv-apply/INFO]: Set minImageCount = 11
[02:39:04] [Android mgl-srv-apply/INFO]: Swapchain currentTransform = VK_SURFACE_TRANSFORM_IDENTITY_BIT_KHR
[02:39:04] [Android mgl-srv-apply/INFO]: Swapchain imageUsage = 0x13 (supportedUsageFlags = 0x9f)
[02:39:04] [Android mgl-srv-apply/INFO]: Set swapchain preTransform = VK_SURFACE_TRANSFORM_IDENTITY_BIT_KHR
[02:39:04] [Android mgl-srv-apply/INFO]: Swapchain image views created
[02:39:04] [Android mgl-srv-apply/INFO]: Swapchain created, extent = 854x480, swapchain imageCount = 11
[02:39:04] [Android mgl-srv-apply/INFO]: DirectVulkan: suppressing depth writes on accumulation-blended pipelines (driver lacks cross-pipeline position invariance)
[02:39:04] [Android mgl-srv-apply/INFO]: Vulkan shader subgroup support: detected=true advertised=true size=64 stages=0x30 operations=0x2bf
[02:39:04] [Android mgl-srv-apply/INFO]: DirectVulkan: clamped GL_MAX_COMPUTE_SHADER_STORAGE_BLOCKS from 16777216 to 256
[02:39:04] [Android mgl-srv-apply/INFO]: DirectVulkan: clamped GL_MAX_COMBINED_SHADER_STORAGE_BLOCKS from 16777216 to 256
[02:39:04] [Android mgl-srv-apply/INFO]: DirectVulkan: clamped GL_MAX_COMPUTE_UNIFORM_BLOCKS from 16777216 to 256
[02:39:04] [Android mgl-srv-apply/INFO]: DirectVulkan: clamped GL_MAX_SHADER_STORAGE_BUFFER_BINDINGS from 16777216 to 256
[02:39:04] [Android mgl-srv-apply/INFO]: DirectVulkan: clamped GL_MAX_UNIFORM_BUFFER_BINDINGS from 16777216 to 256
[02:39:04] [Android mgl-srv-apply/INFO]: DirectVulkan: clamped GL_MAX_SHADER_STORAGE_BLOCK_SIZE from 2147483647 to 536870912
[02:39:04] [Android mgl-srv-apply/INFO]: Vulkan shader subgroup support: detected=true advertised=true size=64 stages=0x30 operations=0x2bf
[02:39:04] [Android mgl-srv-apply/INFO]: DirectVulkan: clamped GL_MAX_COMPUTE_SHADER_STORAGE_BLOCKS from 16777216 to 256
[02:39:04] [Android mgl-srv-apply/INFO]: DirectVulkan: clamped GL_MAX_COMBINED_SHADER_STORAGE_BLOCKS from 16777216 to 256
[02:39:04] [Android mgl-srv-apply/INFO]: DirectVulkan: clamped GL_MAX_COMPUTE_UNIFORM_BLOCKS from 16777216 to 256
[02:39:04] [Android mgl-srv-apply/INFO]: DirectVulkan: clamped GL_MAX_SHADER_STORAGE_BUFFER_BINDINGS from 16777216 to 256
[02:39:04] [Android mgl-srv-apply/INFO]: DirectVulkan: clamped GL_MAX_UNIFORM_BUFFER_BINDINGS from 16777216 to 256
[02:39:04] [Android mgl-srv-apply/INFO]: DirectVulkan: clamped GL_MAX_SHADER_STORAGE_BLOCK_SIZE from 2147483647 to 536870912
[02:39:05] [Android mgl-srv-apply/WARN]: GetOrCreatePipeline: patching vertex input location=3 format=82 -> 80 to match shader input type=35664 for program=17
trace-replay-ci.sh: recent relevant logcat lines:
09-23 02:39:04.349  2406  3956 I MobileGL: [02:39:04] [Android mgl-srv-apply/INFO]:     VK_EXT_device_fault (r.2)
09-23 02:39:04.349  2406  3956 I MobileGL: [02:39:04] [Android mgl-srv-apply/INFO]:     VK_KHR_relaxed_block_layout (r.1)
09-23 02:39:04.349  2406  3956 I MobileGL: [02:39:04] [Android mgl-srv-apply/INFO]:     VK_KHR_shader_expect_assume (r.1)
09-23 02:39:04.349  2406  3956 I MobileGL: [02:39:04] [Android mgl-srv-apply/INFO]:     VK_KHR_shader_atomic_int64 (r.1)
09-23 02:39:04.349  2406  3956 I MobileGL: [02:39:04] [Android mgl-srv-apply/INFO]:     VK_KHR_external_fence (r.1)
09-23 02:39:04.349  2406  3956 I MobileGL: [02:39:04] [Android mgl-srv-apply/INFO]:     VK_KHR_shader_non_semantic_info (r.1)
09-23 02:39:04.349  2406  3956 I MobileGL: [02:39:04] [Android mgl-srv-apply/INFO]:     VK_EXT_shader_atomic_float (r.1)
09-23 02:39:04.349  2406  3956 I MobileGL: [02:39:04] [Android mgl-srv-apply/INFO]:     VK_EXT_custom_border_color (r.12)
09-23 02:39:04.349  2406  3956 I MobileGL: [02:39:04] [Android mgl-srv-apply/INFO]:     VK_EXT_host_query_reset (r.1)
09-23 02:39:04.349  2406  3956 I MobileGL: [02:39:04] [Android mgl-srv-apply/INFO]:     VK_EXT_index_type_uint8 (r.1)
09-23 02:39:04.349  2406  3956 I MobileGL: [02:39:04] [Android mgl-srv-apply/INFO]:     VK_KHR_multiview (r.1)
09-23 02:39:04.349  2406  3956 I MobileGL: [02:39:04] [Android mgl-srv-apply/INFO]:     VK_KHR_storage_buffer_storage_class (r.1)
09-23 02:39:04.349  2406  3956 I MobileGL: [02:39:04] [Android mgl-srv-apply/INFO]:     VK_EXT_fragment_density_map2 (r.1)
09-23 02:39:04.349  2406  3956 I MobileGL: [02:39:04] [Android mgl-srv-apply/INFO]:     VK_QCOM_filter_cubic_weights (r.1)
09-23 02:39:04.349  2406  3956 I MobileGL: [02:39:04] [Android mgl-srv-apply/INFO]:     VK_KHR_workgroup_memory_explicit_layout (r.1)
09-23 02:39:04.349  2406  3956 I MobileGL: [02:39:04] [Android mgl-srv-apply/INFO]:     VK_QCOM_rotated_copy_commands (r.2)
09-23 02:39:04.349  2406  3956 I MobileGL: [02:39:04] [Android mgl-srv-apply/INFO]:     VK_KHR_shader_subgroup_extended_types (r.1)
09-23 02:39:04.349  2406  3956 I MobileGL: [02:39:04] [Android mgl-srv-apply/INFO]:     VK_EXT_external_memory_acquire_unmodified (r.1)
09-23 02:39:04.349  2406  3956 I MobileGL: [02:39:04] [Android mgl-srv-apply/INFO]:     VK_EXT_private_data (r.1)
09-23 02:39:04.349  2406  3956 I MobileGL: [02:39:04] [Android mgl-srv-apply/INFO]:     VK_EXT_descriptor_buffer (r.1)
09-23 02:39:04.349  2406  3956 I MobileGL: [02:39:04] [Android mgl-srv-apply/INFO]:     VK_EXT_conditional_rendering (r.2)
09-23 02:39:04.349  2406  3956 I MobileGL: [02:39:04] [Android mgl-srv-apply/INFO]:     VK_EXT_mutable_descriptor_type (r.1)
09-23 02:39:04.349  2406  3956 I MobileGL: [02:39:04] [Android mgl-srv-apply/INFO]:     VK_EXT_pipeline_creation_cache_control (r.3)
09-23 02:39:04.349  2406  3956 I MobileGL: [02:39:04] [Android mgl-srv-apply/INFO]:     VK_EXT_robustness2 (r.1)
09-23 02:39:04.349  2406  3956 I MobileGL: [02:39:04] [Android mgl-srv-apply/INFO]:     VK_KHR_shader_clock (r.1)
09-23 02:39:04.349  2406  3956 I MobileGL: [02:39:04] [Android mgl-srv-apply/INFO]:     VK_EXT_shader_module_identifier (r.1)
09-23 02:39:04.349  2406  3956 I MobileGL: [02:39:04] [Android mgl-srv-apply/INFO]:     VK_KHR_vertex_attribute_divisor (r.1)
09-23 02:39:04.349  2406  3956 I MobileGL: [02:39:04] [Android mgl-srv-apply/INFO]:     VK_EXT_global_priority_query (r.1)
09-23 02:39:04.349  2406  3956 I MobileGL: [02:39:04] [Android mgl-srv-apply/INFO]:     VK_EXT_separate_stencil_usage (r.1)
09-23 02:39:04.349  2406  3956 I MobileGL: [02:39:04] [Android mgl-srv-apply/INFO]:     VK_EXT_border_color_swizzle (r.1)
09-23 02:39:04.349  2406  3956 I MobileGL: [02:39:04] [Android mgl-srv-apply/INFO]:     VK_EXT_vertex_input_dynamic_state (r.2)
09-23 02:39:04.349  2406  3956 I MobileGL: [02:39:04] [Android mgl-srv-apply/INFO]:     VK_IMG_filter_cubic (r.1)
09-23 02:39:04.349  2406  3956 I MobileGL: [02:39:04] [Android mgl-srv-apply/INFO]:     VK_EXT_filter_cubic (r.3)
09-23 02:39:04.349  2406  3956 I MobileGL: [02:39:04] [Android mgl-srv-apply/INFO]:     VK_EXT_shader_subgroup_vote (r.1)
09-23 02:39:04.349  2406  3956 I MobileGL: [02:39:04] [Android mgl-srv-apply/INFO]:     VK_EXT_device_address_binding_report (r.1)
09-23 02:39:04.349  2406  3956 I MobileGL: [02:39:04] [Android mgl-srv-apply/INFO]:     VK_NV_optical_flow (r.1)
09-23 02:39:04.349  2406  3956 I MobileGL: [02:39:04] [Android mgl-srv-apply/INFO]:     VK_QCOM_tile_properties (r.1)
09-23 02:39:04.349  2406  3956 I MobileGL: [02:39:04] [Android mgl-srv-apply/INFO]:     VK_KHR_image_format_list (r.1)
09-23 02:39:04.349  2406  3956 I MobileGL: [02:39:04] [Android mgl-srv-apply/INFO]:     VK_EXT_sampler_filter_minmax (r.2)
09-23 02:39:04.349  2406  3956 I MobileGL: [02:39:04] [Android mgl-srv-apply/INFO]:     VK_KHR_16bit_storage (r.1)
09-23 02:39:04.349  2406  3956 I MobileGL: [02:39:04] [Android mgl-srv-apply/INFO]:     VK_EXT_shader_viewport_index_layer (r.1)
09-23 02:39:04.349  2406  3956 I MobileGL: [02:39:04] [Android mgl-srv-apply/INFO]:     VK_KHR_pipeline_executable_properties (r.1)
09-23 02:39:04.349  2406  3956 I MobileGL: [02:39:04] [Android mgl-srv-apply/INFO]:     VK_EXT_shader_demote_to_helper_invocation (r.1)
09-23 02:39:04.349  2406  3956 I MobileGL: [02:39:04] [Android mgl-srv-apply/INFO]:     VK_EXT_color_write_enable (r.1)
09-23 02:39:04.349  2406  3956 I MobileGL: [02:39:04] [Android mgl-srv-apply/INFO]:     VK_KHR_dynamic_rendering_local_read (r.1)
09-23 02:39:04.350  2406  3956 I MobileGL: [02:39:04] [Android mgl-srv-apply/INFO]:     VK_QCOM_render_pass_transform (r.4)
09-23 02:39:04.350  2406  3956 I MobileGL: [02:39:04] [Android mgl-srv-apply/INFO]:     VK_KHR_create_renderpass2 (r.1)
09-23 02:39:04.350  2406  3956 I MobileGL: [02:39:04] [Android mgl-srv-apply/INFO]:     VK_EXT_shader_image_atomic_int64 (r.1)
09-23 02:39:04.350  2406  3956 I MobileGL: [02:39:04] [Android mgl-srv-apply/INFO]:     VK_KHR_acceleration_structure (r.13)
09-23 02:39:04.350  2406  3956 I MobileGL: [02:39:04] [Android mgl-srv-apply/INFO]:     VK_EXT_depth_clip_control (r.1)
09-23 02:39:04.350  2406  3956 I MobileGL: [02:39:04] [Android mgl-srv-apply/INFO]:     VK_EXT_transform_feedback (r.1)
09-23 02:39:04.350  2406  3956 I MobileGL: [02:39:04] [Android mgl-srv-apply/INFO]:     VK_EXT_blend_operation_advanced (r.2)
09-23 02:39:04.350  2406  3956 I MobileGL: [02:39:04] [Android mgl-srv-apply/INFO]:     VK_EXT_provoking_vertex (r.1)
09-23 02:39:04.350  2406  3956 I MobileGL: [02:39:04] [Android mgl-srv-apply/INFO]:     VK_KHR_8bit_storage (r.1)
09-23 02:39:04.350  2406  3956 I MobileGL: [02:39:04] [Android mgl-srv-apply/INFO]:     VK_QCOM_multiview_per_view_render_areas (r.1)
09-23 02:39:04.350  2406  3956 I MobileGL: [02:39:04] [Android mgl-srv-apply/INFO]:     VK_EXT_inline_uniform_block (r.1)
09-23 02:39:04.350  2406  3956 I MobileGL: [02:39:04] [Android mgl-srv-apply/INFO]:     VK_EXT_shader_subgroup_ballot (r.1)
09-23 02:39:04.350  2406  3956 I MobileGL: [02:39:04] [Android mgl-srv-apply/INFO]:     VK_KHR_depth_stencil_resolve (r.1)
09-23 02:39:04.350  2406  3956 I MobileGL: [02:39:04] [Android mgl-srv-apply/INFO]:     VK_KHR_shader_float_controls (r.4)
09-23 02:39:04.350  2406  3956 I MobileGL: [02:39:04] [Android mgl-srv-apply/INFO]:     VK_EXT_texture_compression_astc_hdr (r.1)
09-23 02:39:04.350  2406  3956 I MobileGL: [02:39:04] [Android mgl-srv-apply/INFO]:     VK_EXT_global_priority (r.2)
09-23 02:39:04.350  2406  3956 I MobileGL: [02:39:04] [Android mgl-srv-apply/INFO]:     VK_EXT_4444_formats (r.1)
09-23 02:39:04.350  2406  3956 I MobileGL: [02:39:04] [Android mgl-srv-apply/INFO]:     VK_KHR_shader_draw_parameters (r.1)
09-23 02:39:04.350  2406  3956 I MobileGL: [02:39:04] [Android mgl-srv-apply/INFO]:     VK_KHR_vulkan_memory_model (r.3)
09-23 02:39:04.350  2406  3956 I MobileGL: [02:39:04] [Android mgl-srv-apply/INFO]:     VK_EXT_descriptor_indexing (r.2)
09-23 02:39:04.350  2406  3956 I MobileGL: [02:39:04] [Android mgl-srv-apply/INFO]:     VK_EXT_depth_clip_enable (r.1)
09-23 02:39:04.350  2406  3956 I MobileGL: [02:39:04] [Android mgl-srv-apply/INFO]:     VK_KHR_synchronization2 (r.1)
09-23 02:39:04.350  2406  3956 I MobileGL: [02:39:04] [Android mgl-srv-apply/INFO]:     VK_KHR_shader_integer_dot_product (r.1)
09-23 02:39:04.350  2406  3956 I MobileGL: [02:39:04] [Android mgl-srv-apply/INFO]:     VK_EXT_line_rasterization (r.1)
09-23 02:39:04.350  2406  3956 I MobileGL: [02:39:04] [Android mgl-srv-apply/INFO]:     VK_KHR_line_rasterization (r.1)
09-23 02:39:04.350  2406  3956 I MobileGL: [02:39:04] [Android mgl-srv-apply/INFO]:     VK_QCOM_image_processing (r.1)
09-23 02:39:04.350  2406  3956 I MobileGL: [02:39:04] [Android mgl-srv-apply/INFO]:     VK_KHR_shader_float_controls2 (r.1)
09-23 02:39:04.350  2406  3956 I MobileGL: [02:39:04] [Android mgl-srv-apply/INFO]:     VK_KHR_fragment_shading_rate (r.2)
09-23 02:39:04.350  2406  3956 I MobileGL: [02:39:04] [Android mgl-srv-apply/INFO]:     VK_KHR_descriptor_update_template (r.1)
09-23 02:39:04.350  2406  3956 I MobileGL: [02:39:04] [Android mgl-srv-apply/INFO]:     VK_KHR_draw_indirect_count (r.1)
09-23 02:39:04.350  2406  3956 I MobileGL: [02:39:04] [Android mgl-srv-apply/INFO]:     VK_KHR_driver_properties (r.1)
09-23 02:39:04.350  2406  3956 I MobileGL: [02:39:04] [Android mgl-srv-apply/INFO]:     VK_KHR_ray_tracing_position_fetch (r.1)
09-23 02:39:04.350  2406  3956 I MobileGL: [02:39:04] [Android mgl-srv-apply/INFO]:     VK_KHR_dynamic_rendering (r.1)
09-23 02:39:04.350  2406  3956 I MobileGL: [02:39:04] [Android mgl-srv-apply/INFO]:     VK_KHR_zero_initialize_workgroup_memory (r.1)
09-23 02:39:04.350  2406  3956 I MobileGL: [02:39:04] [Android mgl-srv-apply/INFO]:     VK_KHR_uniform_buffer_standard_layout (r.1)
09-23 02:39:04.350  2406  3956 I MobileGL: [02:39:04] [Android mgl-srv-apply/INFO]:     VK_EXT_depth_clamp_zero_one (r.1)
09-23 02:39:04.350  2406  3956 I MobileGL: [02:39:04] [Android mgl-srv-apply/INFO]:     VK_ANDROID_external_memory_android_hardware_buffer (r.5)
09-23 02:39:04.350  2406  3956 I MobileGL: [02:39:04] [Android mgl-srv-apply/INFO]:     VK_EXT_image_2d_view_of_3d (r.1)
09-23 02:39:04.350  2406  3956 I MobileGL: [02:39:04] [Android mgl-srv-apply/INFO]:     VK_EXT_extended_dynamic_state2 (r.1)
09-23 02:39:04.350  2406  3956 I MobileGL: [02:39:04] [Android mgl-srv-apply/INFO]:     VK_KHR_dedicated_allocation (r.3)
09-23 02:39:04.350  2406  3956 I MobileGL: [02:39:04] [Android mgl-srv-apply/INFO]:     VK_EXT_texel_buffer_alignment (r.1)
09-23 02:39:04.350  2406  3956 I MobileGL: [02:39:04] [Android mgl-srv-apply/INFO]:     VK_EXT_primitive_topology_list_restart (r.1)
09-23 02:39:04.350  2406  3956 I MobileGL: [02:39:04] [Android mgl-srv-apply/INFO]:     VK_EXT_rasterization_order_attachment_access (r.1)
09-23 02:39:04.350  2406  3956 I MobileGL: [02:39:04] [Android mgl-srv-apply/INFO]:     VK_KHR_shader_subgroup_uniform_control_flow (r.1)
09-23 02:39:04.350  2406  3956 I MobileGL: [02:39:04] [Android mgl-srv-apply/INFO]:     VK_EXT_tooling_info (r.1)
09-23 02:39:04.350  2406  3956 I MobileGL: [02:39:04] [Android mgl-srv-apply/INFO]:     VK_KHR_format_feature_flags2 (r.2)
09-23 02:39:04.350  2406  3956 I MobileGL: [02:39:04] [Android mgl-srv-apply/INFO]:     VK_KHR_global_priority (r.1)
09-23 02:39:04.350  2406  3956 I MobileGL: [02:39:04] [Android mgl-srv-apply/INFO]:     VK_EXT_sample_locations (r.1)
09-23 02:39:04.350  2406  3956 I MobileGL: [02:39:04] [Android mgl-srv-apply/INFO]:     VK_EXT_multi_draw (r.1)
09-23 02:39:04.350  2406  3956 I MobileGL: [02:39:04] [Android mgl-srv-apply/INFO]:     VK_KHR_swapchain (r.70)
09-23 02:39:04.350  2406  3956 I MobileGL: [02:39:04] [Android mgl-srv-apply/INFO]:     VK_KHR_sampler_mirror_clamp_to_edge (r.3)
09-23 02:39:04.350  2406  3956 I MobileGL: [02:39:04] [Android mgl-srv-apply/INFO]:     VK_QCOM_image_processing2 (r.1)
09-23 02:39:04.350  2406  3956 I MobileGL: [02:39:04] [Android mgl-srv-apply/INFO]:     VK_KHR_external_fence_fd (r.1)
09-23 02:39:04.350  2406  3956 I MobileGL: [02:39:04] [Android mgl-srv-apply/INFO]: Required extension found: VK_KHR_swapchain
09-23 02:39:04.351  2406  3956 I MobileGL: [02:39:04] [Android mgl-srv-apply/INFO]:     Picked physical device. (Reason: First suitable device)
09-23 02:39:04.351  2406  3956 I MobileGL: [02:39:04] [Android mgl-srv-apply/INFO]: Picked physical device 0.
09-23 02:39:04.351  2406  3956 I MobileGL: [02:39:04] [Android mgl-srv-apply/INFO]: Vulkan: multiViewport enabled; rasterizable viewports=16 (device limit 16, GL state width 16)
09-23 02:39:04.351  2406  3956 I MobileGL: [02:39:04] [Android mgl-srv-apply/INFO]: Enabled optional device extension: VK_KHR_draw_indirect_count
09-23 02:39:04.351  2406  3956 I MobileGL: [02:39:04] [Android mgl-srv-apply/INFO]: Enabled optional device extension: VK_KHR_shader_draw_parameters
09-23 02:39:04.351  2406  3956 I MobileGL: [02:39:04] [Android mgl-srv-apply/INFO]: VK_KHR_image_format_list enabled: true
09-23 02:39:04.351  2406  3956 I MobileGL: [02:39:04] [Android mgl-srv-apply/INFO]: VK_KHR_draw_indirect_count enabled: true
09-23 02:39:04.351  2406  3956 I MobileGL: [02:39:04] [Android mgl-srv-apply/INFO]: Enabled optional device extension: VK_KHR_create_renderpass2
09-23 02:39:04.351  2406  3956 I MobileGL: [02:39:04] [Android mgl-srv-apply/INFO]: Enabled optional device extension: VK_KHR_depth_stencil_resolve
09-23 02:39:04.351  2406  3956 I MobileGL: [02:39:04] [Android mgl-srv-apply/INFO]: Vulkan: update-after-bind descriptor layouts enabled
09-23 02:39:04.351  2406  3956 I MobileGL: [02:39:04] [Android mgl-srv-apply/INFO]: Enabled optional device extension: VK_KHR_index_type_uint8
09-23 02:39:04.351  2406  3956 I MobileGL: [02:39:04] [Android mgl-srv-apply/INFO]: Enabled optional device extension: VK_EXT_primitive_topology_list_restart
09-23 02:39:04.351  2406  3956 I MobileGL: [02:39:04] [Android mgl-srv-apply/INFO]: Enabled optional device extension: VK_EXT_custom_border_color (maxCustomBorderColorSamplers=4000)
09-23 02:39:04.351  2406  3956 I MobileGL: [02:39:04] [Android mgl-srv-apply/INFO]: Enabled optional device extension: VK_EXT_subgroup_size_control (computeFullSubgroups)
09-23 02:39:04.351  2406  3956 I MobileGL: [02:39:04] [Android mgl-srv-apply/INFO]: Enabled optional device extension: VK_EXT_transform_feedback
09-23 02:39:04.351  2406  3956 I MobileGL: [02:39:04] [Android mgl-srv-apply/INFO]: Enabled optional device extension: VK_EXT_provoking_vertex (transformFeedbackPreservesProvokingVertex=false)
09-23 02:39:04.351  2406  3956 I MobileGL: [02:39:04] [Android mgl-srv-apply/INFO]: Enabled optional device extension: VK_EXT_vertex_attribute_divisor
09-23 02:39:04.351  2406  3956 I MobileGL: [02:39:04] [Android mgl-srv-apply/INFO]: Enabled optional device extension: VK_EXT_multi_draw (maxMultiDrawCount=1024)
09-23 02:39:04.351  2406  3956 I MobileGL: [02:39:04] [Android mgl-srv-apply/INFO]: Device feature support: robustBufferAccess=true geometryShader=true independentBlend=true logicOp=true shaderClipDistance=true shaderCullDistance=true wideLines=true shaderInt64=true vertexStoresAtomics=true fragmentStoresAtomics=true storageImageExtendedFormats=true storageImageReadWithoutFormat=true storageImageWriteWithoutFormat=true drawIndirectFirstInstance=true multiDrawIndirect=true
09-23 02:39:04.351  2406  3956 I MobileGL: [02:39:04] [Android mgl-srv-apply/INFO]: Device feature enabled: robustBufferAccess=true geometryShader=true independentBlend=true logicOp=true shaderClipDistance=true shaderCullDistance=true wideLines=true shaderInt64=true vertexStoresAtomics=true fragmentStoresAtomics=true storageImageExtendedFormats=true storageImageReadWithoutFormat=true storageImageWriteWithoutFormat=true drawIndirectFirstInstance=true multiDrawIndirect=true shaderDrawParameters=true
09-23 02:39:04.352  2406  3956 I MobileGL: [02:39:04] [Android mgl-srv-apply/INFO]: Multi-draw dispatch tier: ext (VK_EXT_multi_draw=true, multiDrawIndirect=true, mode=auto)
09-23 02:39:04.352  2406  3956 I MobileGL: [02:39:04] [Android mgl-srv-apply/INFO]: index type uint8 enabled: true
09-23 02:39:04.352  2406  3956 I MobileGL: [02:39:04] [Android mgl-srv-apply/INFO]: Logical device created.
09-23 02:39:04.352  2406  3956 I MobileGL: [02:39:04] [Android mgl-srv-apply/INFO]: Queues got successfully.
09-23 02:39:04.352  2406  3956 I MobileGL: [02:39:04] [Android mgl-srv-apply/INFO]: Timer queries supported (timestampValidBits=48, timestampPeriod=52.083332 ns/tick)
09-23 02:39:04.352  2406  3956 I MobileGL: [02:39:04] [Android mgl-srv-apply/INFO]: PRIMITIVES_GENERATED probe triangles: drawn=1 stream=0/1 pgq=0(0) stat=1(1)
09-23 02:39:04.352  2406  3956 I MobileGL: [02:39:04] [Android mgl-srv-apply/INFO]: PRIMITIVES_GENERATED probe triangles+discard: drawn=1 stream=0/1 pgq=0(0) stat=0(1)
09-23 02:39:04.352  2406  3956 I MobileGL: [02:39:04] [Android mgl-srv-apply/INFO]: PRIMITIVES_GENERATED probe patches+discard: drawn=1 stream=0/1 pgq=0(0) stat=0(1)
09-23 02:39:04.352  2406  3956 I MobileGL: [02:39:04] [Android mgl-srv-apply/INFO]: PRIMITIVES_GENERATED for XFB-inactive draws will accumulate through a clipping-invocations pipeline-statistics pool
09-23 02:39:04.352  2406  3956 I MobileGL: [02:39:04] [Android mgl-srv-apply/INFO]: Command pool created
09-23 02:39:04.352  2406  3956 I MobileGL: [02:39:04] [Android mgl-srv-apply/INFO]: MaxFramesInFlight: configured request=3
09-23 02:39:04.352  2406  3956 I MobileGL: [02:39:04] [Android mgl-srv-apply/INFO]: MaxFramesInFlight: using 3 (surface minImageCount=11, maxImageCount=64)
09-23 02:39:04.352  2406  3956 I MobileGL: [02:39:04] [Android mgl-srv-apply/INFO]: CreateFrameContexts completed
09-23 02:39:04.352  2406  3956 I MobileGL: [02:39:04] [Android mgl-srv-apply/INFO]: DirectVulkan: using 256 program descriptor bindings
09-23 02:39:04.353  2406  3956 I MobileGL: [02:39:04] [Android mgl-srv-apply/INFO]: Got 5 surface formats:
09-23 02:39:04.353  2406  3956 I MobileGL: [02:39:04] [Android mgl-srv-apply/INFO]: Picked surface format: [VK_FORMAT_R8G8B8A8_UNORM, VK_COLOR_SPACE_SRGB_NONLINEAR_KHR]
09-23 02:39:04.353  2406  3956 I MobileGL: [02:39:04] [Android mgl-srv-apply/INFO]: Got 4 present modes:
09-23 02:39:04.353  2406  3956 I MobileGL: [02:39:04] [Android mgl-srv-apply/INFO]: Picked present mode: VK_PRESENT_MODE_MAILBOX_KHR
09-23 02:39:04.353  2406  3956 I MobileGL: [02:39:04] [Android mgl-srv-apply/INFO]: Set minImageCount = 11
09-23 02:39:04.353  2406  3956 I MobileGL: [02:39:04] [Android mgl-srv-apply/INFO]: Swapchain currentTransform = VK_SURFACE_TRANSFORM_IDENTITY_BIT_KHR
09-23 02:39:04.354  2406  3956 I MobileGL: [02:39:04] [Android mgl-srv-apply/INFO]: Swapchain imageUsage = 0x13 (supportedUsageFlags = 0x9f)
09-23 02:39:04.354  2406  3956 I MobileGL: [02:39:04] [Android mgl-srv-apply/INFO]: Set swapchain preTransform = VK_SURFACE_TRANSFORM_IDENTITY_BIT_KHR
09-23 02:39:04.355  2406  3956 I MobileGL: [02:39:04] [Android mgl-srv-apply/INFO]: Swapchain image views created
09-23 02:39:04.358  2406  3956 I MobileGL: [02:39:04] [Android mgl-srv-apply/INFO]: Swapchain created, extent = 854x480, swapchain imageCount = 11
09-23 02:39:04.358  2406  3956 I MobileGL: [02:39:04] [Android mgl-srv-apply/INFO]: DirectVulkan: suppressing depth writes on accumulation-blended pipelines (driver lacks cross-pipeline position invariance)
09-23 02:39:04.359  2406  3956 I MobileGL: [02:39:04] [Android mgl-srv-apply/INFO]: Vulkan shader subgroup support: detected=true advertised=true size=64 stages=0x30 operations=0x2bf
09-23 02:39:04.359  2406  3956 I MobileGL: [02:39:04] [Android mgl-srv-apply/INFO]: DirectVulkan: clamped GL_MAX_COMPUTE_SHADER_STORAGE_BLOCKS from 16777216 to 256
09-23 02:39:04.359  2406  3956 I MobileGL: [02:39:04] [Android mgl-srv-apply/INFO]: DirectVulkan: clamped GL_MAX_COMBINED_SHADER_STORAGE_BLOCKS from 16777216 to 256
09-23 02:39:04.359  2406  3956 I MobileGL: [02:39:04] [Android mgl-srv-apply/INFO]: DirectVulkan: clamped GL_MAX_COMPUTE_UNIFORM_BLOCKS from 16777216 to 256
09-23 02:39:04.359  2406  3956 I MobileGL: [02:39:04] [Android mgl-srv-apply/INFO]: DirectVulkan: clamped GL_MAX_SHADER_STORAGE_BUFFER_BINDINGS from 16777216 to 256
09-23 02:39:04.359  2406  3956 I MobileGL: [02:39:04] [Android mgl-srv-apply/INFO]: DirectVulkan: clamped GL_MAX_UNIFORM_BUFFER_BINDINGS from 16777216 to 256
09-23 02:39:04.359  2406  3956 I MobileGL: [02:39:04] [Android mgl-srv-apply/INFO]: DirectVulkan: clamped GL_MAX_SHADER_STORAGE_BLOCK_SIZE from 2147483647 to 536870912
09-23 02:39:04.361  2406  3956 I MobileGL: [02:39:04] [Android mgl-srv-apply/INFO]: Vulkan shader subgroup support: detected=true advertised=true size=64 stages=0x30 operations=0x2bf
09-23 02:39:04.361  2406  3956 I MobileGL: [02:39:04] [Android mgl-srv-apply/INFO]: DirectVulkan: clamped GL_MAX_COMPUTE_SHADER_STORAGE_BLOCKS from 16777216 to 256
09-23 02:39:04.361  2406  3956 I MobileGL: [02:39:04] [Android mgl-srv-apply/INFO]: DirectVulkan: clamped GL_MAX_COMBINED_SHADER_STORAGE_BLOCKS from 16777216 to 256
09-23 02:39:04.361  2406  3956 I MobileGL: [02:39:04] [Android mgl-srv-apply/INFO]: DirectVulkan: clamped GL_MAX_COMPUTE_UNIFORM_BLOCKS from 16777216 to 256
09-23 02:39:04.361  2406  3956 I MobileGL: [02:39:04] [Android mgl-srv-apply/INFO]: DirectVulkan: clamped GL_MAX_SHADER_STORAGE_BUFFER_BINDINGS from 16777216 to 256
09-23 02:39:04.361  2406  3956 I MobileGL: [02:39:04] [Android mgl-srv-apply/INFO]: DirectVulkan: clamped GL_MAX_UNIFORM_BUFFER_BINDINGS from 16777216 to 256
09-23 02:39:04.361  2406  3956 I MobileGL: [02:39:04] [Android mgl-srv-apply/INFO]: DirectVulkan: clamped GL_MAX_SHADER_STORAGE_BLOCK_SIZE from 2147483647 to 536870912
09-23 02:39:04.362  2406  3951 I MobileGL: [02:39:04] [Android MobileGLTraceRe/INFO]: MG_Remote client: CapsMirror generation 4 adopted (backend=1, callMask=0x3fff00000470)
09-23 02:39:04.362  2406  3951 I MobileGL: [02:39:04] [Android MobileGLTraceRe/INFO]: MG_Remote client: format capabilities filled from caps mirror generation 4
09-23 02:39:04.362  2406  3951 I MobileGL: [02:39:04] [Android MobileGLTraceRe/INFO]: MG_Remote client: CapsMirror generation 5 adopted (backend=1, callMask=0x3fff00000470)
09-23 02:39:04.362  2406  3951 I MobileGL: [02:39:04] [Android MobileGLTraceRe/INFO]: MG_Remote client: format capabilities filled from caps mirror generation 5
09-23 02:39:04.464  2406  3951 W MobileGL: [02:39:04] [Android MobileGLTraceRe/WARN]: Stub function: glDebugMessageControl(...)
09-23 02:39:05.416  2406  3956 W MobileGL: [02:39:05] [Android mgl-srv-apply/WARN]: GetOrCreatePipeline: patching vertex input location=3 format=82 -> 80 to match shader input type=35664 for program=17
09-23 02:39:05.435  2406  3951 I libc    : handling signal: 11
09-23 02:39:05.435  2406  3951 F libc    : Fatal signal 11 (SIGSEGV), code 2 (SEGV_ACCERR), fault addr 0x7399b15000 in tid 3951 (MobileGLTraceRe), pid 2406 (ugin.p7w1.trace)
09-23 02:39:05.435  2406  3951 I libc    : debuggerd_dispatch_pseudothread start. crashing tid: 3951
09-23 02:39:05.456  2406  3951 I libc    : crash_dump pid: 3970
09-23 02:39:05.480  3970  3970 W libc    : Access denied finding property "persist.vendor.track.malloc.enable"
09-23 02:39:05.480  3970  3970 W libc    : Access denied finding property "persist.vendor.fd.monitor.enable"
09-23 02:39:05.732  3971  3971 F DEBUG   : pid: 2406, tid: 3951, name: MobileGLTraceRe  >>> top.mobilegl.plugin.p7w1.trace <<<
09-23 02:39:05.733  3971  3971 F DEBUG   :       #00 pc 0000000000099034  /apex/com.android.runtime/lib64/bionic/libc.so (__memcpy_aarch64_nt+308) (BuildId: 223a572c9f034c6a9337d8b3bedc75f3)
09-23 02:39:05.733  3971  3971 F DEBUG   :       #01 pc 0000000000691c80  /data/app/~~GTtJpgg4160VWYt1KJ1Fww==/top.mobilegl.plugin.p7w1.trace-yro313nlE_p3MnRQTGbTyQ==/lib/arm64/libtrace_replay_runner.so (BuildId: 3d06283277788e3c03041ce7ad63185ec723ff9c)
09-23 02:39:05.733  3971  3971 F DEBUG   :       #02 pc 00000000004614b0  /data/app/~~GTtJpgg4160VWYt1KJ1Fww==/top.mobilegl.plugin.p7w1.trace-yro313nlE_p3MnRQTGbTyQ==/lib/arm64/libtrace_replay_runner.so (BuildId: 3d06283277788e3c03041ce7ad63185ec723ff9c)
09-23 02:39:05.733  3971  3971 F DEBUG   :       #03 pc 00000000004602cc  /data/app/~~GTtJpgg4160VWYt1KJ1Fww==/top.mobilegl.plugin.p7w1.trace-yro313nlE_p3MnRQTGbTyQ==/lib/arm64/libtrace_replay_runner.so (mobilegl_apitrace_main+5072) (BuildId: 3d06283277788e3c03041ce7ad63185ec723ff9c)
09-23 02:39:05.733  3971  3971 F DEBUG   :       #04 pc 000000000045042c  /data/app/~~GTtJpgg4160VWYt1KJ1Fww==/top.mobilegl.plugin.p7w1.trace-yro313nlE_p3MnRQTGbTyQ==/lib/arm64/libtrace_replay_runner.so (BuildId: 3d06283277788e3c03041ce7ad63185ec723ff9c)
09-23 02:39:05.733  3971  3971 F DEBUG   :       #05 pc 000000000044ee68  /data/app/~~GTtJpgg4160VWYt1KJ1Fww==/top.mobilegl.plugin.p7w1.trace-yro313nlE_p3MnRQTGbTyQ==/lib/arm64/libtrace_replay_runner.so (mobilegl_trace::RunTraceReplay(mobilegl_trace::Request const&)+3176) (BuildId: 3d06283277788e3c03041ce7ad63185ec723ff9c)
09-23 02:39:05.733  3971  3971 F DEBUG   :       #06 pc 0000000000455178  /data/app/~~GTtJpgg4160VWYt1KJ1Fww==/top.mobilegl.plugin.p7w1.trace-yro313nlE_p3MnRQTGbTyQ==/lib/arm64/libtrace_replay_runner.so (Java_top_mobilegl_plugin_trace_TraceReplayActivity_nativeRunTraceReplay+2068) (BuildId: 3d06283277788e3c03041ce7ad63185ec723ff9c)
09-23 02:39:05.734  3971  3971 F DEBUG   :       #41 pc 0000000000082d74  /apex/com.android.runtime/lib64/bionic/libc.so (__pthread_start(void*)+184) (BuildId: 223a572c9f034c6a9337d8b3bedc75f3)
09-23 02:39:05.734  3971  3971 F DEBUG   :       #42 pc 00000000000751f0  /apex/com.android.runtime/lib64/bionic/libc.so (__start_thread+68) (BuildId: 223a572c9f034c6a9337d8b3bedc75f3)
09-23 02:39:05.776  3971  3971 I libc    : tombstoned_notify_completion, socket: 8
09-23 02:39:05.793  6687  7097 D DigestGenerator: digest=============The device has been root;The device bootloader is unlocked;com.topjohnwu.magisk have been installed;top.mobilegl.plugin.p7w1.trace /apex/com.android.runtime/lib/bionic/libc.so (__memcpy_aarch_nt+) ()
09-23 02:39:05.793  6687  7097 D DigestGenerator:  XXlib/arm/libtrace_replay_runner.so ()
09-23 02:39:05.793  6687  7097 D DigestGenerator:  XXlib/arm/libtrace_replay_runner.so ()
09-23 02:39:05.793  6687  7097 D DigestGenerator:  XXlib/arm/libtrace_replay_runner.so (mobilegl_apitrace_main+) ()
09-23 02:39:05.793  6687  7097 D DigestGenerator:  XXlib/arm/libtrace_replay_runner.so ()
09-23 02:39:05.793  6687  7097 D DigestGenerator:  XXlib/arm/libtrace_replay_runner.so (mobilegl_trace::RunTraceReplay(mobilegl_trace::Request const&)+) ()
09-23 02:39:05.793  6687  7097 D DigestGenerator:  XXlib/arm/libtrace_replay_runner.so (Java_top_mobilegl_plugin_trace_TraceReplayActivity_nativeRunTraceReplay+) ()
09-23 02:39:05.793  6687  7097 D DigestGenerator:  /apex/com.android.runtime/lib/bionic/libc.so (__pthread_start(void*)+) ()
09-23 02:39:05.793  6687  7097 D DigestGenerator:  /apex/com.android.runtime/lib/bionic/libc.so (__start_thread+) ()
09-23 02:39:05.794  4411  5837 D RecentsTaskLoader: reloadTasksData [TaskKey{id=302, stackId=0, baseIntent=Intent { act=top.mobilegl.plugin.TRACE_REPLAY flg=0x10000000 cmp=top.mobilegl.plugin.p7w1.trace/top.mobilegl.plugin.trace.TraceReplayActivity }, userId=0, lastActiveTime=2001048, windowingMode=1, isThumbnailBlur=false, isAccessLocked=false, isScreening=false, topActivity=null, mHashCode=9920434}, title=MobileGL, titleDescription=MobileGL, bounds=null, isLaunchTarget=false, isStackTask=true, isSystemApp=false, isDockable=true, baseActivity=null, isLocked=false, mNeedHide=false, hasMultipleTasks=false, cti1Key=, cti2Key=, cti1Task=, cti2Task=] 
09-23 02:39:05.849  3176  3422 I libc    : kill: send 9 to pid -2406
09-23 02:39:05.849  3176  3422 I libc    : debug pid reuse, real pid -2406
09-23 02:39:05.850  3176  3422 I libc    : kill: send 9 to pid -2406
09-23 02:39:05.850  3176  3422 I libc    : debug pid reuse, real pid -2406
09-23 02:39:05.871  2024  2024 W libc    : Access denied finding property "vendor.gpp.create_frc_extension"
09-23 02:39:05.909  4411  4411 I WindowAnimParamsProvider: getClosingWindowAnimParams getClosingShortcutIcon task before=  [TaskKey{id=302, stackId=0, baseIntent=Intent { act=top.mobilegl.plugin.TRACE_REPLAY flg=0x10000000 cmp=top.mobilegl.plugin.p7w1.trace/top.mobilegl.plugin.trace.TraceReplayActivity }, userId=0, lastActiveTime=2001048, windowingMode=1, isThumbnailBlur=false, isAccessLocked=false, isScreening=false, topActivity=null, mHashCode=9920434}, title=MobileGL, titleDescription=MobileGL, bounds=null, isLaunchTarget=false, isStackTask=true, isSystemApp=false, isDockable=true, baseActivity=null, isLocked=false, mNeedHide=false, hasMultipleTasks=false, cti1Key=, cti2Key=, cti1Task=, cti2Task=] 
09-23 02:39:05.910  4411  4411 I WindowAnimParamsProvider: getClosingWindowAnimParams getClosingShortcutIcon task after=  [TaskKey{id=302, stackId=0, baseIntent=Intent { act=top.mobilegl.plugin.TRACE_REPLAY flg=0x10000000 cmp=top.mobilegl.plugin.p7w1.trace/top.mobilegl.plugin.trace.TraceReplayActivity }, userId=0, lastActiveTime=2001048, windowingMode=1, isThumbnailBlur=false, isAccessLocked=false, isScreening=false, topActivity=null, mHashCode=9920434}, title=MobileGL, titleDescription=MobileGL, bounds=null, isLaunchTarget=false, isStackTask=true, isSystemApp=false, isDockable=true, baseActivity=null, isLocked=false, mNeedHide=false, hasMultipleTasks=false, cti1Key=, cti2Key=, cti1Task=, cti2Task=] 
09-23 02:39:05.910  4411  4411 I WindowAnimParamsProvider: getUserIdFromRemoteTarget task before=  [TaskKey{id=302, stackId=0, baseIntent=Intent { act=top.mobilegl.plugin.TRACE_REPLAY flg=0x10000000 cmp=top.mobilegl.plugin.p7w1.trace/top.mobilegl.plugin.trace.TraceReplayActivity }, userId=0, lastActiveTime=2001048, windowingMode=1, isThumbnailBlur=false, isAccessLocked=false, isScreening=false, topActivity=null, mHashCode=9920434}, title=MobileGL, titleDescription=MobileGL, bounds=null, isLaunchTarget=false, isStackTask=true, isSystemApp=false, isDockable=true, baseActivity=null, isLocked=false, mNeedHide=false, hasMultipleTasks=false, cti1Key=, cti2Key=, cti1Task=, cti2Task=] 
09-23 02:39:05.910  4411  4411 I WindowAnimParamsProvider: getUserIdFromRemoteTarget task after=  [TaskKey{id=302, stackId=0, baseIntent=Intent { act=top.mobilegl.plugin.TRACE_REPLAY flg=0x10000000 cmp=top.mobilegl.plugin.p7w1.trace/top.mobilegl.plugin.trace.TraceReplayActivity }, userId=0, lastActiveTime=2001048, windowingMode=1, isThumbnailBlur=false, isAccessLocked=false, isScreening=false, topActivity=null, mHashCode=9920434}, title=MobileGL, titleDescription=MobileGL, bounds=null, isLaunchTarget=false, isStackTask=true, isSystemApp=false, isDockable=true, baseActivity=null, isLocked=false, mNeedHide=false, hasMultipleTasks=false, cti1Key=, cti2Key=, cti1Task=, cti2Task=] 
trace-replay-ci.sh: app trace-replay files:
/data/user/0/top.mobilegl.plugin.p7w1.trace/files/trace-replay:
total 12
drwxrwxrwx 4 u0_a318 u0_a318 3452 2026-09-23 02:39 .
drwxrwxrwx 3 u0_a318 u0_a318 3452 2026-09-23 02:39 ..
drwxrwxrwx 2 u0_a318 u0_a318 3452 2026-09-23 02:39 input
drwxrwxrwx 2 u0_a318 u0_a318 3452 2026-09-23 02:39 output

/data/user/0/top.mobilegl.plugin.p7w1.trace/files/trace-replay/input:
total 7826
drwxrwxrwx 2 u0_a318 u0_a318    3452 2026-09-23 02:39 .
drwxrwxrwx 4 u0_a318 u0_a318    3452 2026-09-23 02:39 ..
-rw-r--r-- 1 u0_a318 u0_a318  280621 2026-09-23 02:39 golden.png
-rw-r--r-- 1 u0_a318 u0_a318 7713946 2026-09-23 02:39 trace.trace

/data/user/0/top.mobilegl.plugin.p7w1.trace/files/trace-replay/output:
total 62
drwxrwxrwx 2 u0_a318 u0_a318  3452 2026-09-23 02:39 .
drwxrwxrwx 4 u0_a318 u0_a318  3452 2026-09-23 02:39 ..
-rw------- 1 u0_a318 u0_a318  7164 2026-09-23 02:39 mobilegl.client.log
-rw------- 1 u0_a318 u0_a318 45053 2026-09-23 02:39 mobilegl.server.log
-rw------- 1 u0_a318 u0_a318   107 2026-09-23 02:39 retrace.log
archived repeat 1 to .trace-work\p7w1\E1-inproc-ra0\minecraft-1.21.1-neoforge-create-instancing-in-world-DirectVulkan\repeat-01
C:\Users\geekerwan\AndroidStudioProjects\FoldCraftLauncher\MobileGL-disagg\.trace-work\android-retrace-summary\mobilegl-android-retrace-overview.html
=== Android retrace: improved-transparency-minecraft-26.3 / DirectVulkan (repeat 1/1) ===
C:\Users\geekerwan\AndroidStudioProjects\FoldCraftLauncher\MobileGL-disagg\.trace-work\android-retrace-fixture\improved-transparency-minecraft-26.3\trace.trace: 1 file pushed, 0 skipped. 16.1 MB/s (14404890 bytes in 0.852s)
C:\Users\geekerwan\AndroidStudioProjects\FoldCraftLauncher\MobileGL-disagg\tools\trace_replay\fixtures\improved-transparency-minecraft-26.3.0002667619.png: 1 file pushed, 0 skipped. 92.3 MB/s (368306 bytes in 0.004s)
Starting: Intent { act=top.mobilegl.plugin.TRACE_REPLAY cmp=top.mobilegl.plugin.p7w1.trace/top.mobilegl.plugin.trace.TraceReplayActivity (has extras) }
trace-replay-ci.sh: app process exited before result.json was created
trace-replay-ci.sh: retrace.log:
/system/bin/app_process64
renderableType = 8
apitrace: warning: caught signal 11
7682: error: caught an unhandled exception
trace-replay-ci.sh: tail of mobilegl.log:
[02:39:09] [Android mgl-srv-apply/INFO]:     VK_KHR_external_memory_fd (r.1)
[02:39:09] [Android mgl-srv-apply/INFO]:     VK_QCOM_render_pass_shader_resolve (r.4)
[02:39:09] [Android mgl-srv-apply/INFO]:     VK_KHR_maintenance1 (r.2)
[02:39:09] [Android mgl-srv-apply/INFO]:     VK_KHR_maintenance2 (r.1)
[02:39:09] [Android mgl-srv-apply/INFO]:     VK_KHR_maintenance3 (r.1)
[02:39:09] [Android mgl-srv-apply/INFO]:     VK_KHR_maintenance4 (r.2)
[02:39:09] [Android mgl-srv-apply/INFO]:     VK_KHR_maintenance5 (r.1)
[02:39:09] [Android mgl-srv-apply/INFO]:     VK_KHR_maintenance6 (r.1)
[02:39:09] [Android mgl-srv-apply/INFO]:     VK_KHR_separate_depth_stencil_layouts (r.1)
[02:39:09] [Android mgl-srv-apply/INFO]:     VK_EXT_image_robustness (r.1)
[02:39:09] [Android mgl-srv-apply/INFO]:     VK_EXT_calibrated_timestamps (r.2)
[02:39:09] [Android mgl-srv-apply/INFO]:     VK_KHR_buffer_device_address (r.1)
[02:39:09] [Android mgl-srv-apply/INFO]:     VK_EXT_extended_dynamic_state (r.1)
[02:39:09] [Android mgl-srv-apply/INFO]:     VK_EXT_queue_family_foreign (r.1)
[02:39:09] [Android mgl-srv-apply/INFO]:     VK_KHR_shader_quad_control (r.1)
[02:39:09] [Android mgl-srv-apply/INFO]:     VK_EXT_image_view_min_lod (r.1)
[02:39:09] [Android mgl-srv-apply/INFO]:     VK_ANDROID_external_format_resolve (r.1)
[02:39:09] [Android mgl-srv-apply/INFO]:     VK_QCOM_ycbcr_degamma (r.1)
[02:39:09] [Android mgl-srv-apply/INFO]:     VK_KHR_bind_memory2 (r.1)
[02:39:09] [Android mgl-srv-apply/INFO]:     VK_EXT_pipeline_protected_access (r.1)
[02:39:09] [Android mgl-srv-apply/INFO]:     VK_KHR_external_semaphore (r.1)
[02:39:09] [Android mgl-srv-apply/INFO]:     VK_KHR_shader_terminate_invocation (r.1)
[02:39:09] [Android mgl-srv-apply/INFO]:     VK_QCOM_fragment_density_map_offset (r.2)
[02:39:09] [Android mgl-srv-apply/INFO]:     VK_EXT_scalar_block_layout (r.1)
[02:39:09] [Android mgl-srv-apply/INFO]:     VK_KHR_map_memory2 (r.1)
[02:39:09] [Android mgl-srv-apply/INFO]:     VK_EXT_load_store_op_none (r.1)
[02:39:09] [Android mgl-srv-apply/INFO]:     VK_KHR_load_store_op_none (r.1)
[02:39:09] [Android mgl-srv-apply/INFO]:     VK_KHR_shader_maximal_reconvergence (r.1)
[02:39:09] [Android mgl-srv-apply/INFO]:     VK_KHR_sampler_ycbcr_conversion (r.14)
[02:39:09] [Android mgl-srv-apply/INFO]:     VK_EXT_vertex_attribute_divisor (r.3)
[02:39:09] [Android mgl-srv-apply/INFO]:     VK_KHR_variable_pointers (r.1)
[02:39:09] [Android mgl-srv-apply/INFO]:     VK_QCOM_multiview_per_view_viewports (r.1)
[02:39:09] [Android mgl-srv-apply/INFO]:     VK_KHR_ray_query (r.1)
[02:39:09] [Android mgl-srv-apply/INFO]:     VK_EXT_primitives_generated_query (r.1)
[02:39:09] [Android mgl-srv-apply/INFO]:     VK_KHR_push_descriptor (r.2)
[02:39:09] [Android mgl-srv-apply/INFO]:     VK_KHR_timeline_semaphore (r.2)
[02:39:09] [Android mgl-srv-apply/INFO]:     VK_EXT_device_memory_report (r.2)
[02:39:09] [Android mgl-srv-apply/INFO]:     VK_KHR_shader_subgroup_rotate (r.2)
[02:39:09] [Android mgl-srv-apply/INFO]:     VK_KHR_imageless_framebuffer (r.1)
[02:39:09] [Android mgl-srv-apply/INFO]:     VK_KHR_device_group (r.4)
[02:39:09] [Android mgl-srv-apply/INFO]:     VK_EXT_device_fault (r.2)
[02:39:09] [Android mgl-srv-apply/INFO]:     VK_KHR_relaxed_block_layout (r.1)
[02:39:09] [Android mgl-srv-apply/INFO]:     VK_KHR_shader_expect_assume (r.1)
[02:39:09] [Android mgl-srv-apply/INFO]:     VK_KHR_shader_atomic_int64 (r.1)
[02:39:09] [Android mgl-srv-apply/INFO]:     VK_KHR_external_fence (r.1)
[02:39:09] [Android mgl-srv-apply/INFO]:     VK_KHR_shader_non_semantic_info (r.1)
[02:39:09] [Android mgl-srv-apply/INFO]:     VK_EXT_shader_atomic_float (r.1)
[02:39:09] [Android mgl-srv-apply/INFO]:     VK_EXT_custom_border_color (r.12)
[02:39:09] [Android mgl-srv-apply/INFO]:     VK_EXT_host_query_reset (r.1)
[02:39:09] [Android mgl-srv-apply/INFO]:     VK_EXT_index_type_uint8 (r.1)
[02:39:09] [Android mgl-srv-apply/INFO]:     VK_KHR_multiview (r.1)
[02:39:09] [Android mgl-srv-apply/INFO]:     VK_KHR_storage_buffer_storage_class (r.1)
[02:39:09] [Android mgl-srv-apply/INFO]:     VK_EXT_fragment_density_map2 (r.1)
[02:39:09] [Android mgl-srv-apply/INFO]:     VK_QCOM_filter_cubic_weights (r.1)
[02:39:09] [Android mgl-srv-apply/INFO]:     VK_KHR_workgroup_memory_explicit_layout (r.1)
[02:39:09] [Android mgl-srv-apply/INFO]:     VK_QCOM_rotated_copy_commands (r.2)
[02:39:09] [Android mgl-srv-apply/INFO]:     VK_KHR_shader_subgroup_extended_types (r.1)
[02:39:09] [Android mgl-srv-apply/INFO]:     VK_EXT_external_memory_acquire_unmodified (r.1)
[02:39:09] [Android mgl-srv-apply/INFO]:     VK_EXT_private_data (r.1)
[02:39:09] [Android mgl-srv-apply/INFO]:     VK_EXT_descriptor_buffer (r.1)
[02:39:09] [Android mgl-srv-apply/INFO]:     VK_EXT_conditional_rendering (r.2)
[02:39:09] [Android mgl-srv-apply/INFO]:     VK_EXT_mutable_descriptor_type (r.1)
[02:39:09] [Android mgl-srv-apply/INFO]:     VK_EXT_pipeline_creation_cache_control (r.3)
[02:39:09] [Android mgl-srv-apply/INFO]:     VK_EXT_robustness2 (r.1)
[02:39:09] [Android mgl-srv-apply/INFO]:     VK_KHR_shader_clock (r.1)
[02:39:09] [Android mgl-srv-apply/INFO]:     VK_EXT_shader_module_identifier (r.1)
[02:39:09] [Android mgl-srv-apply/INFO]:     VK_KHR_vertex_attribute_divisor (r.1)
[02:39:09] [Android mgl-srv-apply/INFO]:     VK_EXT_global_priority_query (r.1)
[02:39:09] [Android mgl-srv-apply/INFO]:     VK_EXT_separate_stencil_usage (r.1)
[02:39:09] [Android mgl-srv-apply/INFO]:     VK_EXT_border_color_swizzle (r.1)
[02:39:09] [Android mgl-srv-apply/INFO]:     VK_EXT_vertex_input_dynamic_state (r.2)
[02:39:09] [Android mgl-srv-apply/INFO]:     VK_IMG_filter_cubic (r.1)
[02:39:09] [Android mgl-srv-apply/INFO]:     VK_EXT_filter_cubic (r.3)
[02:39:09] [Android mgl-srv-apply/INFO]:     VK_EXT_shader_subgroup_vote (r.1)
[02:39:09] [Android mgl-srv-apply/INFO]:     VK_EXT_device_address_binding_report (r.1)
[02:39:09] [Android mgl-srv-apply/INFO]:     VK_NV_optical_flow (r.1)
[02:39:09] [Android mgl-srv-apply/INFO]:     VK_QCOM_tile_properties (r.1)
[02:39:09] [Android mgl-srv-apply/INFO]:     VK_KHR_image_format_list (r.1)
[02:39:09] [Android mgl-srv-apply/INFO]:     VK_EXT_sampler_filter_minmax (r.2)
[02:39:09] [Android mgl-srv-apply/INFO]:     VK_KHR_16bit_storage (r.1)
[02:39:09] [Android mgl-srv-apply/INFO]:     VK_EXT_shader_viewport_index_layer (r.1)
[02:39:09] [Android mgl-srv-apply/INFO]:     VK_KHR_pipeline_executable_properties (r.1)
[02:39:09] [Android mgl-srv-apply/INFO]:     VK_EXT_shader_demote_to_helper_invocation (r.1)
[02:39:09] [Android mgl-srv-apply/INFO]:     VK_EXT_color_write_enable (r.1)
[02:39:09] [Android mgl-srv-apply/INFO]:     VK_KHR_dynamic_rendering_local_read (r.1)
[02:39:09] [Android mgl-srv-apply/INFO]:     VK_QCOM_render_pass_transform (r.4)
[02:39:09] [Android mgl-srv-apply/INFO]:     VK_KHR_create_renderpass2 (r.1)
[02:39:09] [Android mgl-srv-apply/INFO]:     VK_EXT_shader_image_atomic_int64 (r.1)
[02:39:09] [Android mgl-srv-apply/INFO]:     VK_KHR_acceleration_structure (r.13)
[02:39:09] [Android mgl-srv-apply/INFO]:     VK_EXT_depth_clip_control (r.1)
[02:39:09] [Android mgl-srv-apply/INFO]:     VK_EXT_transform_feedback (r.1)
[02:39:09] [Android mgl-srv-apply/INFO]:     VK_EXT_blend_operation_advanced (r.2)
[02:39:09] [Android mgl-srv-apply/INFO]:     VK_EXT_provoking_vertex (r.1)
[02:39:09] [Android mgl-srv-apply/INFO]:     VK_KHR_8bit_storage (r.1)
[02:39:09] [Android mgl-srv-apply/INFO]:     VK_QCOM_multiview_per_view_render_areas (r.1)
[02:39:09] [Android mgl-srv-apply/INFO]:     VK_EXT_inline_uniform_block (r.1)
[02:39:09] [Android mgl-srv-apply/INFO]:     VK_EXT_shader_subgroup_ballot (r.1)
[02:39:09] [Android mgl-srv-apply/INFO]:     VK_KHR_depth_stencil_resolve (r.1)
[02:39:09] [Android mgl-srv-apply/INFO]:     VK_KHR_shader_float_controls (r.4)
[02:39:09] [Android mgl-srv-apply/INFO]:     VK_EXT_texture_compression_astc_hdr (r.1)
[02:39:09] [Android mgl-srv-apply/INFO]:     VK_EXT_global_priority (r.2)
[02:39:09] [Android mgl-srv-apply/INFO]:     VK_EXT_4444_formats (r.1)
[02:39:09] [Android mgl-srv-apply/INFO]:     VK_KHR_shader_draw_parameters (r.1)
[02:39:09] [Android mgl-srv-apply/INFO]:     VK_KHR_vulkan_memory_model (r.3)
[02:39:09] [Android mgl-srv-apply/INFO]:     VK_EXT_descriptor_indexing (r.2)
[02:39:09] [Android mgl-srv-apply/INFO]:     VK_EXT_depth_clip_enable (r.1)
[02:39:09] [Android mgl-srv-apply/INFO]:     VK_KHR_synchronization2 (r.1)
[02:39:09] [Android mgl-srv-apply/INFO]:     VK_KHR_shader_integer_dot_product (r.1)
[02:39:09] [Android mgl-srv-apply/INFO]:     VK_EXT_line_rasterization (r.1)
[02:39:09] [Android mgl-srv-apply/INFO]:     VK_KHR_line_rasterization (r.1)
[02:39:09] [Android mgl-srv-apply/INFO]:     VK_QCOM_image_processing (r.1)
[02:39:09] [Android mgl-srv-apply/INFO]:     VK_KHR_shader_float_controls2 (r.1)
[02:39:09] [Android mgl-srv-apply/INFO]:     VK_KHR_fragment_shading_rate (r.2)
[02:39:09] [Android mgl-srv-apply/INFO]:     VK_KHR_descriptor_update_template (r.1)
[02:39:09] [Android mgl-srv-apply/INFO]:     VK_KHR_draw_indirect_count (r.1)
[02:39:09] [Android mgl-srv-apply/INFO]:     VK_KHR_driver_properties (r.1)
[02:39:09] [Android mgl-srv-apply/INFO]:     VK_KHR_ray_tracing_position_fetch (r.1)
[02:39:09] [Android mgl-srv-apply/INFO]:     VK_KHR_dynamic_rendering (r.1)
[02:39:09] [Android mgl-srv-apply/INFO]:     VK_KHR_zero_initialize_workgroup_memory (r.1)
[02:39:09] [Android mgl-srv-apply/INFO]:     VK_KHR_uniform_buffer_standard_layout (r.1)
[02:39:09] [Android mgl-srv-apply/INFO]:     VK_EXT_depth_clamp_zero_one (r.1)
[02:39:09] [Android mgl-srv-apply/INFO]:     VK_ANDROID_external_memory_android_hardware_buffer (r.5)
[02:39:09] [Android mgl-srv-apply/INFO]:     VK_EXT_image_2d_view_of_3d (r.1)
[02:39:09] [Android mgl-srv-apply/INFO]:     VK_EXT_extended_dynamic_state2 (r.1)
[02:39:09] [Android mgl-srv-apply/INFO]:     VK_KHR_dedicated_allocation (r.3)
[02:39:09] [Android mgl-srv-apply/INFO]:     VK_EXT_texel_buffer_alignment (r.1)
[02:39:09] [Android mgl-srv-apply/INFO]:     VK_EXT_primitive_topology_list_restart (r.1)
[02:39:09] [Android mgl-srv-apply/INFO]:     VK_EXT_rasterization_order_attachment_access (r.1)
[02:39:09] [Android mgl-srv-apply/INFO]:     VK_KHR_shader_subgroup_uniform_control_flow (r.1)
[02:39:09] [Android mgl-srv-apply/INFO]:     VK_EXT_tooling_info (r.1)
[02:39:09] [Android mgl-srv-apply/INFO]:     VK_KHR_format_feature_flags2 (r.2)
[02:39:09] [Android mgl-srv-apply/INFO]:     VK_KHR_global_priority (r.1)
[02:39:09] [Android mgl-srv-apply/INFO]:     VK_EXT_sample_locations (r.1)
[02:39:09] [Android mgl-srv-apply/INFO]:     VK_EXT_multi_draw (r.1)
[02:39:09] [Android mgl-srv-apply/INFO]:     VK_KHR_swapchain (r.70)
[02:39:09] [Android mgl-srv-apply/INFO]:     VK_KHR_sampler_mirror_clamp_to_edge (r.3)
[02:39:09] [Android mgl-srv-apply/INFO]:     VK_QCOM_image_processing2 (r.1)
[02:39:09] [Android mgl-srv-apply/INFO]:     VK_KHR_external_fence_fd (r.1)
[02:39:09] [Android mgl-srv-apply/INFO]: Required extension found: VK_KHR_swapchain
[02:39:09] [Android mgl-srv-apply/INFO]:     Picked physical device. (Reason: First suitable device)
[02:39:09] [Android mgl-srv-apply/INFO]: Picked physical device 0.
[02:39:09] [Android mgl-srv-apply/INFO]: Vulkan: multiViewport enabled; rasterizable viewports=16 (device limit 16, GL state width 16)
[02:39:09] [Android mgl-srv-apply/INFO]: Enabled optional device extension: VK_KHR_draw_indirect_count
[02:39:09] [Android mgl-srv-apply/INFO]: Enabled optional device extension: VK_KHR_shader_draw_parameters
[02:39:09] [Android mgl-srv-apply/INFO]: VK_KHR_image_format_list enabled: true
[02:39:09] [Android mgl-srv-apply/INFO]: VK_KHR_draw_indirect_count enabled: true
[02:39:09] [Android mgl-srv-apply/INFO]: Enabled optional device extension: VK_KHR_create_renderpass2
[02:39:09] [Android mgl-srv-apply/INFO]: Enabled optional device extension: VK_KHR_depth_stencil_resolve
[02:39:09] [Android mgl-srv-apply/INFO]: Vulkan: update-after-bind descriptor layouts enabled
[02:39:09] [Android mgl-srv-apply/INFO]: Enabled optional device extension: VK_KHR_index_type_uint8
[02:39:09] [Android mgl-srv-apply/INFO]: Enabled optional device extension: VK_EXT_primitive_topology_list_restart
[02:39:09] [Android mgl-srv-apply/INFO]: Enabled optional device extension: VK_EXT_custom_border_color (maxCustomBorderColorSamplers=4000)
[02:39:09] [Android mgl-srv-apply/INFO]: Enabled optional device extension: VK_EXT_subgroup_size_control (computeFullSubgroups)
[02:39:09] [Android mgl-srv-apply/INFO]: Enabled optional device extension: VK_EXT_transform_feedback
[02:39:09] [Android mgl-srv-apply/INFO]: Enabled optional device extension: VK_EXT_provoking_vertex (transformFeedbackPreservesProvokingVertex=false)
[02:39:09] [Android mgl-srv-apply/INFO]: Enabled optional device extension: VK_EXT_vertex_attribute_divisor
[02:39:09] [Android mgl-srv-apply/INFO]: Enabled optional device extension: VK_EXT_multi_draw (maxMultiDrawCount=1024)
[02:39:09] [Android mgl-srv-apply/INFO]: Device feature support: robustBufferAccess=true geometryShader=true independentBlend=true logicOp=true shaderClipDistance=true shaderCullDistance=true wideLines=true shaderInt64=true vertexStoresAtomics=true fragmentStoresAtomics=true storageImageExtendedFormats=true storageImageReadWithoutFormat=true storageImageWriteWithoutFormat=true drawIndirectFirstInstance=true multiDrawIndirect=true
[02:39:09] [Android mgl-srv-apply/INFO]: Device feature enabled: robustBufferAccess=true geometryShader=true independentBlend=true logicOp=true shaderClipDistance=true shaderCullDistance=true wideLines=true shaderInt64=true vertexStoresAtomics=true fragmentStoresAtomics=true storageImageExtendedFormats=true storageImageReadWithoutFormat=true storageImageWriteWithoutFormat=true drawIndirectFirstInstance=true multiDrawIndirect=true shaderDrawParameters=true
[02:39:09] [Android mgl-srv-apply/INFO]: Multi-draw dispatch tier: ext (VK_EXT_multi_draw=true, multiDrawIndirect=true, mode=auto)
[02:39:09] [Android mgl-srv-apply/INFO]: index type uint8 enabled: true
[02:39:09] [Android mgl-srv-apply/INFO]: Logical device created.
[02:39:09] [Android mgl-srv-apply/INFO]: Queues got successfully.
[02:39:09] [Android mgl-srv-apply/INFO]: Timer queries supported (timestampValidBits=48, timestampPeriod=52.083332 ns/tick)
[02:39:09] [Android mgl-srv-apply/INFO]: PRIMITIVES_GENERATED probe triangles: drawn=1 stream=0/1 pgq=0(0) stat=1(1)
[02:39:09] [Android mgl-srv-apply/INFO]: PRIMITIVES_GENERATED probe triangles+discard: drawn=1 stream=0/1 pgq=0(0) stat=0(1)
[02:39:09] [Android mgl-srv-apply/INFO]: PRIMITIVES_GENERATED probe patches+discard: drawn=1 stream=0/1 pgq=0(0) stat=0(1)
[02:39:09] [Android mgl-srv-apply/INFO]: PRIMITIVES_GENERATED for XFB-inactive draws will accumulate through a clipping-invocations pipeline-statistics pool
[02:39:09] [Android mgl-srv-apply/INFO]: Command pool created
[02:39:09] [Android mgl-srv-apply/INFO]: MaxFramesInFlight: configured request=3
[02:39:09] [Android mgl-srv-apply/INFO]: MaxFramesInFlight: using 3 (surface minImageCount=11, maxImageCount=64)
[02:39:09] [Android mgl-srv-apply/INFO]: CreateFrameContexts completed
[02:39:09] [Android mgl-srv-apply/INFO]: DirectVulkan: using 256 program descriptor bindings
[02:39:09] [Android mgl-srv-apply/INFO]: Got 5 surface formats:
[02:39:09] [Android mgl-srv-apply/INFO]: Picked surface format: [VK_FORMAT_R8G8B8A8_UNORM, VK_COLOR_SPACE_SRGB_NONLINEAR_KHR]
[02:39:09] [Android mgl-srv-apply/INFO]: Got 4 present modes:
[02:39:09] [Android mgl-srv-apply/INFO]: Picked present mode: VK_PRESENT_MODE_MAILBOX_KHR
[02:39:09] [Android mgl-srv-apply/INFO]: Set minImageCount = 11
[02:39:09] [Android mgl-srv-apply/INFO]: Swapchain currentTransform = VK_SURFACE_TRANSFORM_IDENTITY_BIT_KHR
[02:39:09] [Android mgl-srv-apply/INFO]: Swapchain imageUsage = 0x13 (supportedUsageFlags = 0x9f)
[02:39:09] [Android mgl-srv-apply/INFO]: Set swapchain preTransform = VK_SURFACE_TRANSFORM_IDENTITY_BIT_KHR
[02:39:09] [Android mgl-srv-apply/INFO]: Swapchain image views created
[02:39:09] [Android mgl-srv-apply/INFO]: Swapchain created, extent = 854x480, swapchain imageCount = 11
[02:39:09] [Android mgl-srv-apply/INFO]: DirectVulkan: suppressing depth writes on accumulation-blended pipelines (driver lacks cross-pipeline position invariance)
[02:39:09] [Android mgl-srv-apply/INFO]: Vulkan shader subgroup support: detected=true advertised=true size=64 stages=0x30 operations=0x2bf
[02:39:09] [Android mgl-srv-apply/INFO]: DirectVulkan: clamped GL_MAX_COMPUTE_SHADER_STORAGE_BLOCKS from 16777216 to 256
[02:39:09] [Android mgl-srv-apply/INFO]: DirectVulkan: clamped GL_MAX_COMBINED_SHADER_STORAGE_BLOCKS from 16777216 to 256
[02:39:09] [Android mgl-srv-apply/INFO]: DirectVulkan: clamped GL_MAX_COMPUTE_UNIFORM_BLOCKS from 16777216 to 256
[02:39:09] [Android mgl-srv-apply/INFO]: DirectVulkan: clamped GL_MAX_SHADER_STORAGE_BUFFER_BINDINGS from 16777216 to 256
[02:39:09] [Android mgl-srv-apply/INFO]: DirectVulkan: clamped GL_MAX_UNIFORM_BUFFER_BINDINGS from 16777216 to 256
[02:39:09] [Android mgl-srv-apply/INFO]: DirectVulkan: clamped GL_MAX_SHADER_STORAGE_BLOCK_SIZE from 2147483647 to 536870912
[02:39:09] [Android mgl-srv-apply/ERROR]: NormalizePixelFormat: outFormat: unhandled internalFormat: GL_STENCIL_INDEX8
[02:39:09] [Android mgl-srv-apply/ERROR]: NormalizePixelFormat: outType: unhandled internalFormat: GL_STENCIL_INDEX8
[02:39:09] [Android mgl-srv-apply/INFO]: Vulkan shader subgroup support: detected=true advertised=true size=64 stages=0x30 operations=0x2bf
[02:39:09] [Android mgl-srv-apply/INFO]: DirectVulkan: clamped GL_MAX_COMPUTE_SHADER_STORAGE_BLOCKS from 16777216 to 256
[02:39:09] [Android mgl-srv-apply/INFO]: DirectVulkan: clamped GL_MAX_COMBINED_SHADER_STORAGE_BLOCKS from 16777216 to 256
[02:39:09] [Android mgl-srv-apply/INFO]: DirectVulkan: clamped GL_MAX_COMPUTE_UNIFORM_BLOCKS from 16777216 to 256
[02:39:09] [Android mgl-srv-apply/INFO]: DirectVulkan: clamped GL_MAX_SHADER_STORAGE_BUFFER_BINDINGS from 16777216 to 256
[02:39:09] [Android mgl-srv-apply/INFO]: DirectVulkan: clamped GL_MAX_UNIFORM_BUFFER_BINDINGS from 16777216 to 256
[02:39:09] [Android mgl-srv-apply/INFO]: DirectVulkan: clamped GL_MAX_SHADER_STORAGE_BLOCK_SIZE from 2147483647 to 536870912
trace-replay-ci.sh: recent relevant logcat lines:
09-23 02:39:09.715  2840  4256 I MobileGL: [02:39:09] [Android mgl-srv-apply/INFO]:     VK_EXT_device_fault (r.2)
09-23 02:39:09.715  2840  4256 I MobileGL: [02:39:09] [Android mgl-srv-apply/INFO]:     VK_KHR_relaxed_block_layout (r.1)
09-23 02:39:09.715  2840  4256 I MobileGL: [02:39:09] [Android mgl-srv-apply/INFO]:     VK_KHR_shader_expect_assume (r.1)
09-23 02:39:09.715  2840  4256 I MobileGL: [02:39:09] [Android mgl-srv-apply/INFO]:     VK_KHR_shader_atomic_int64 (r.1)
09-23 02:39:09.715  2840  4256 I MobileGL: [02:39:09] [Android mgl-srv-apply/INFO]:     VK_KHR_external_fence (r.1)
09-23 02:39:09.715  2840  4256 I MobileGL: [02:39:09] [Android mgl-srv-apply/INFO]:     VK_KHR_shader_non_semantic_info (r.1)
09-23 02:39:09.715  2840  4256 I MobileGL: [02:39:09] [Android mgl-srv-apply/INFO]:     VK_EXT_shader_atomic_float (r.1)
09-23 02:39:09.715  2840  4256 I MobileGL: [02:39:09] [Android mgl-srv-apply/INFO]:     VK_EXT_custom_border_color (r.12)
09-23 02:39:09.715  2840  4256 I MobileGL: [02:39:09] [Android mgl-srv-apply/INFO]:     VK_EXT_host_query_reset (r.1)
09-23 02:39:09.715  2840  4256 I MobileGL: [02:39:09] [Android mgl-srv-apply/INFO]:     VK_EXT_index_type_uint8 (r.1)
09-23 02:39:09.715  2840  4256 I MobileGL: [02:39:09] [Android mgl-srv-apply/INFO]:     VK_KHR_multiview (r.1)
09-23 02:39:09.715  2840  4256 I MobileGL: [02:39:09] [Android mgl-srv-apply/INFO]:     VK_KHR_storage_buffer_storage_class (r.1)
09-23 02:39:09.715  2840  4256 I MobileGL: [02:39:09] [Android mgl-srv-apply/INFO]:     VK_EXT_fragment_density_map2 (r.1)
09-23 02:39:09.715  2840  4256 I MobileGL: [02:39:09] [Android mgl-srv-apply/INFO]:     VK_QCOM_filter_cubic_weights (r.1)
09-23 02:39:09.715  2840  4256 I MobileGL: [02:39:09] [Android mgl-srv-apply/INFO]:     VK_KHR_workgroup_memory_explicit_layout (r.1)
09-23 02:39:09.715  2840  4256 I MobileGL: [02:39:09] [Android mgl-srv-apply/INFO]:     VK_QCOM_rotated_copy_commands (r.2)
09-23 02:39:09.715  2840  4256 I MobileGL: [02:39:09] [Android mgl-srv-apply/INFO]:     VK_KHR_shader_subgroup_extended_types (r.1)
09-23 02:39:09.715  2840  4256 I MobileGL: [02:39:09] [Android mgl-srv-apply/INFO]:     VK_EXT_external_memory_acquire_unmodified (r.1)
09-23 02:39:09.715  2840  4256 I MobileGL: [02:39:09] [Android mgl-srv-apply/INFO]:     VK_EXT_private_data (r.1)
09-23 02:39:09.715  2840  4256 I MobileGL: [02:39:09] [Android mgl-srv-apply/INFO]:     VK_EXT_descriptor_buffer (r.1)
09-23 02:39:09.715  2840  4256 I MobileGL: [02:39:09] [Android mgl-srv-apply/INFO]:     VK_EXT_conditional_rendering (r.2)
09-23 02:39:09.715  2840  4256 I MobileGL: [02:39:09] [Android mgl-srv-apply/INFO]:     VK_EXT_mutable_descriptor_type (r.1)
09-23 02:39:09.715  2840  4256 I MobileGL: [02:39:09] [Android mgl-srv-apply/INFO]:     VK_EXT_pipeline_creation_cache_control (r.3)
09-23 02:39:09.715  2840  4256 I MobileGL: [02:39:09] [Android mgl-srv-apply/INFO]:     VK_EXT_robustness2 (r.1)
09-23 02:39:09.715  2840  4256 I MobileGL: [02:39:09] [Android mgl-srv-apply/INFO]:     VK_KHR_shader_clock (r.1)
09-23 02:39:09.715  2840  4256 I MobileGL: [02:39:09] [Android mgl-srv-apply/INFO]:     VK_EXT_shader_module_identifier (r.1)
09-23 02:39:09.715  2840  4256 I MobileGL: [02:39:09] [Android mgl-srv-apply/INFO]:     VK_KHR_vertex_attribute_divisor (r.1)
09-23 02:39:09.715  2840  4256 I MobileGL: [02:39:09] [Android mgl-srv-apply/INFO]:     VK_EXT_global_priority_query (r.1)
09-23 02:39:09.715  2840  4256 I MobileGL: [02:39:09] [Android mgl-srv-apply/INFO]:     VK_EXT_separate_stencil_usage (r.1)
09-23 02:39:09.715  2840  4256 I MobileGL: [02:39:09] [Android mgl-srv-apply/INFO]:     VK_EXT_border_color_swizzle (r.1)
09-23 02:39:09.715  2840  4256 I MobileGL: [02:39:09] [Android mgl-srv-apply/INFO]:     VK_EXT_vertex_input_dynamic_state (r.2)
09-23 02:39:09.715  2840  4256 I MobileGL: [02:39:09] [Android mgl-srv-apply/INFO]:     VK_IMG_filter_cubic (r.1)
09-23 02:39:09.715  2840  4256 I MobileGL: [02:39:09] [Android mgl-srv-apply/INFO]:     VK_EXT_filter_cubic (r.3)
09-23 02:39:09.715  2840  4256 I MobileGL: [02:39:09] [Android mgl-srv-apply/INFO]:     VK_EXT_shader_subgroup_vote (r.1)
09-23 02:39:09.715  2840  4256 I MobileGL: [02:39:09] [Android mgl-srv-apply/INFO]:     VK_EXT_device_address_binding_report (r.1)
09-23 02:39:09.715  2840  4256 I MobileGL: [02:39:09] [Android mgl-srv-apply/INFO]:     VK_NV_optical_flow (r.1)
09-23 02:39:09.715  2840  4256 I MobileGL: [02:39:09] [Android mgl-srv-apply/INFO]:     VK_QCOM_tile_properties (r.1)
09-23 02:39:09.715  2840  4256 I MobileGL: [02:39:09] [Android mgl-srv-apply/INFO]:     VK_KHR_image_format_list (r.1)
09-23 02:39:09.715  2840  4256 I MobileGL: [02:39:09] [Android mgl-srv-apply/INFO]:     VK_EXT_sampler_filter_minmax (r.2)
09-23 02:39:09.715  2840  4256 I MobileGL: [02:39:09] [Android mgl-srv-apply/INFO]:     VK_KHR_16bit_storage (r.1)
09-23 02:39:09.715  2840  4256 I MobileGL: [02:39:09] [Android mgl-srv-apply/INFO]:     VK_EXT_shader_viewport_index_layer (r.1)
09-23 02:39:09.715  2840  4256 I MobileGL: [02:39:09] [Android mgl-srv-apply/INFO]:     VK_KHR_pipeline_executable_properties (r.1)
09-23 02:39:09.715  2840  4256 I MobileGL: [02:39:09] [Android mgl-srv-apply/INFO]:     VK_EXT_shader_demote_to_helper_invocation (r.1)
09-23 02:39:09.715  2840  4256 I MobileGL: [02:39:09] [Android mgl-srv-apply/INFO]:     VK_EXT_color_write_enable (r.1)
09-23 02:39:09.715  2840  4256 I MobileGL: [02:39:09] [Android mgl-srv-apply/INFO]:     VK_KHR_dynamic_rendering_local_read (r.1)
09-23 02:39:09.715  2840  4256 I MobileGL: [02:39:09] [Android mgl-srv-apply/INFO]:     VK_QCOM_render_pass_transform (r.4)
09-23 02:39:09.715  2840  4256 I MobileGL: [02:39:09] [Android mgl-srv-apply/INFO]:     VK_KHR_create_renderpass2 (r.1)
09-23 02:39:09.715  2840  4256 I MobileGL: [02:39:09] [Android mgl-srv-apply/INFO]:     VK_EXT_shader_image_atomic_int64 (r.1)
09-23 02:39:09.715  2840  4256 I MobileGL: [02:39:09] [Android mgl-srv-apply/INFO]:     VK_KHR_acceleration_structure (r.13)
09-23 02:39:09.715  2840  4256 I MobileGL: [02:39:09] [Android mgl-srv-apply/INFO]:     VK_EXT_depth_clip_control (r.1)
09-23 02:39:09.715  2840  4256 I MobileGL: [02:39:09] [Android mgl-srv-apply/INFO]:     VK_EXT_transform_feedback (r.1)
09-23 02:39:09.715  2840  4256 I MobileGL: [02:39:09] [Android mgl-srv-apply/INFO]:     VK_EXT_blend_operation_advanced (r.2)
09-23 02:39:09.715  2840  4256 I MobileGL: [02:39:09] [Android mgl-srv-apply/INFO]:     VK_EXT_provoking_vertex (r.1)
09-23 02:39:09.715  2840  4256 I MobileGL: [02:39:09] [Android mgl-srv-apply/INFO]:     VK_KHR_8bit_storage (r.1)
09-23 02:39:09.715  2840  4256 I MobileGL: [02:39:09] [Android mgl-srv-apply/INFO]:     VK_QCOM_multiview_per_view_render_areas (r.1)
09-23 02:39:09.715  2840  4256 I MobileGL: [02:39:09] [Android mgl-srv-apply/INFO]:     VK_EXT_inline_uniform_block (r.1)
09-23 02:39:09.715  2840  4256 I MobileGL: [02:39:09] [Android mgl-srv-apply/INFO]:     VK_EXT_shader_subgroup_ballot (r.1)
09-23 02:39:09.715  2840  4256 I MobileGL: [02:39:09] [Android mgl-srv-apply/INFO]:     VK_KHR_depth_stencil_resolve (r.1)
09-23 02:39:09.715  2840  4256 I MobileGL: [02:39:09] [Android mgl-srv-apply/INFO]:     VK_KHR_shader_float_controls (r.4)
09-23 02:39:09.715  2840  4256 I MobileGL: [02:39:09] [Android mgl-srv-apply/INFO]:     VK_EXT_texture_compression_astc_hdr (r.1)
09-23 02:39:09.715  2840  4256 I MobileGL: [02:39:09] [Android mgl-srv-apply/INFO]:     VK_EXT_global_priority (r.2)
09-23 02:39:09.715  2840  4256 I MobileGL: [02:39:09] [Android mgl-srv-apply/INFO]:     VK_EXT_4444_formats (r.1)
09-23 02:39:09.715  2840  4256 I MobileGL: [02:39:09] [Android mgl-srv-apply/INFO]:     VK_KHR_shader_draw_parameters (r.1)
09-23 02:39:09.715  2840  4256 I MobileGL: [02:39:09] [Android mgl-srv-apply/INFO]:     VK_KHR_vulkan_memory_model (r.3)
09-23 02:39:09.715  2840  4256 I MobileGL: [02:39:09] [Android mgl-srv-apply/INFO]:     VK_EXT_descriptor_indexing (r.2)
09-23 02:39:09.715  2840  4256 I MobileGL: [02:39:09] [Android mgl-srv-apply/INFO]:     VK_EXT_depth_clip_enable (r.1)
09-23 02:39:09.715  2840  4256 I MobileGL: [02:39:09] [Android mgl-srv-apply/INFO]:     VK_KHR_synchronization2 (r.1)
09-23 02:39:09.715  2840  4256 I MobileGL: [02:39:09] [Android mgl-srv-apply/INFO]:     VK_KHR_shader_integer_dot_product (r.1)
09-23 02:39:09.715  2840  4256 I MobileGL: [02:39:09] [Android mgl-srv-apply/INFO]:     VK_EXT_line_rasterization (r.1)
09-23 02:39:09.715  2840  4256 I MobileGL: [02:39:09] [Android mgl-srv-apply/INFO]:     VK_KHR_line_rasterization (r.1)
09-23 02:39:09.715  2840  4256 I MobileGL: [02:39:09] [Android mgl-srv-apply/INFO]:     VK_QCOM_image_processing (r.1)
09-23 02:39:09.715  2840  4256 I MobileGL: [02:39:09] [Android mgl-srv-apply/INFO]:     VK_KHR_shader_float_controls2 (r.1)
09-23 02:39:09.715  2840  4256 I MobileGL: [02:39:09] [Android mgl-srv-apply/INFO]:     VK_KHR_fragment_shading_rate (r.2)
09-23 02:39:09.715  2840  4256 I MobileGL: [02:39:09] [Android mgl-srv-apply/INFO]:     VK_KHR_descriptor_update_template (r.1)
09-23 02:39:09.715  2840  4256 I MobileGL: [02:39:09] [Android mgl-srv-apply/INFO]:     VK_KHR_draw_indirect_count (r.1)
09-23 02:39:09.715  2840  4256 I MobileGL: [02:39:09] [Android mgl-srv-apply/INFO]:     VK_KHR_driver_properties (r.1)
09-23 02:39:09.715  2840  4256 I MobileGL: [02:39:09] [Android mgl-srv-apply/INFO]:     VK_KHR_ray_tracing_position_fetch (r.1)
09-23 02:39:09.715  2840  4256 I MobileGL: [02:39:09] [Android mgl-srv-apply/INFO]:     VK_KHR_dynamic_rendering (r.1)
09-23 02:39:09.715  2840  4256 I MobileGL: [02:39:09] [Android mgl-srv-apply/INFO]:     VK_KHR_zero_initialize_workgroup_memory (r.1)
09-23 02:39:09.715  2840  4256 I MobileGL: [02:39:09] [Android mgl-srv-apply/INFO]:     VK_KHR_uniform_buffer_standard_layout (r.1)
09-23 02:39:09.715  2840  4256 I MobileGL: [02:39:09] [Android mgl-srv-apply/INFO]:     VK_EXT_depth_clamp_zero_one (r.1)
09-23 02:39:09.715  2840  4256 I MobileGL: [02:39:09] [Android mgl-srv-apply/INFO]:     VK_ANDROID_external_memory_android_hardware_buffer (r.5)
09-23 02:39:09.715  2840  4256 I MobileGL: [02:39:09] [Android mgl-srv-apply/INFO]:     VK_EXT_image_2d_view_of_3d (r.1)
09-23 02:39:09.715  2840  4256 I MobileGL: [02:39:09] [Android mgl-srv-apply/INFO]:     VK_EXT_extended_dynamic_state2 (r.1)
09-23 02:39:09.715  2840  4256 I MobileGL: [02:39:09] [Android mgl-srv-apply/INFO]:     VK_KHR_dedicated_allocation (r.3)
09-23 02:39:09.715  2840  4256 I MobileGL: [02:39:09] [Android mgl-srv-apply/INFO]:     VK_EXT_texel_buffer_alignment (r.1)
09-23 02:39:09.715  2840  4256 I MobileGL: [02:39:09] [Android mgl-srv-apply/INFO]:     VK_EXT_primitive_topology_list_restart (r.1)
09-23 02:39:09.715  2840  4256 I MobileGL: [02:39:09] [Android mgl-srv-apply/INFO]:     VK_EXT_rasterization_order_attachment_access (r.1)
09-23 02:39:09.715  2840  4256 I MobileGL: [02:39:09] [Android mgl-srv-apply/INFO]:     VK_KHR_shader_subgroup_uniform_control_flow (r.1)
09-23 02:39:09.715  2840  4256 I MobileGL: [02:39:09] [Android mgl-srv-apply/INFO]:     VK_EXT_tooling_info (r.1)
09-23 02:39:09.715  2840  4256 I MobileGL: [02:39:09] [Android mgl-srv-apply/INFO]:     VK_KHR_format_feature_flags2 (r.2)
09-23 02:39:09.715  2840  4256 I MobileGL: [02:39:09] [Android mgl-srv-apply/INFO]:     VK_KHR_global_priority (r.1)
09-23 02:39:09.715  2840  4256 I MobileGL: [02:39:09] [Android mgl-srv-apply/INFO]:     VK_EXT_sample_locations (r.1)
09-23 02:39:09.715  2840  4256 I MobileGL: [02:39:09] [Android mgl-srv-apply/INFO]:     VK_EXT_multi_draw (r.1)
09-23 02:39:09.715  2840  4256 I MobileGL: [02:39:09] [Android mgl-srv-apply/INFO]:     VK_KHR_swapchain (r.70)
09-23 02:39:09.715  2840  4256 I MobileGL: [02:39:09] [Android mgl-srv-apply/INFO]:     VK_KHR_sampler_mirror_clamp_to_edge (r.3)
09-23 02:39:09.715  2840  4256 I MobileGL: [02:39:09] [Android mgl-srv-apply/INFO]:     VK_QCOM_image_processing2 (r.1)
09-23 02:39:09.715  2840  4256 I MobileGL: [02:39:09] [Android mgl-srv-apply/INFO]:     VK_KHR_external_fence_fd (r.1)
09-23 02:39:09.715  2840  4256 I MobileGL: [02:39:09] [Android mgl-srv-apply/INFO]: Required extension found: VK_KHR_swapchain
09-23 02:39:09.716  2840  4256 I MobileGL: [02:39:09] [Android mgl-srv-apply/INFO]:     Picked physical device. (Reason: First suitable device)
09-23 02:39:09.716  2840  4256 I MobileGL: [02:39:09] [Android mgl-srv-apply/INFO]: Picked physical device 0.
09-23 02:39:09.716  2840  4256 I MobileGL: [02:39:09] [Android mgl-srv-apply/INFO]: Vulkan: multiViewport enabled; rasterizable viewports=16 (device limit 16, GL state width 16)
09-23 02:39:09.716  2840  4256 I MobileGL: [02:39:09] [Android mgl-srv-apply/INFO]: Enabled optional device extension: VK_KHR_draw_indirect_count
09-23 02:39:09.716  2840  4256 I MobileGL: [02:39:09] [Android mgl-srv-apply/INFO]: Enabled optional device extension: VK_KHR_shader_draw_parameters
09-23 02:39:09.716  2840  4256 I MobileGL: [02:39:09] [Android mgl-srv-apply/INFO]: VK_KHR_image_format_list enabled: true
09-23 02:39:09.716  2840  4256 I MobileGL: [02:39:09] [Android mgl-srv-apply/INFO]: VK_KHR_draw_indirect_count enabled: true
09-23 02:39:09.716  2840  4256 I MobileGL: [02:39:09] [Android mgl-srv-apply/INFO]: Enabled optional device extension: VK_KHR_create_renderpass2
09-23 02:39:09.716  2840  4256 I MobileGL: [02:39:09] [Android mgl-srv-apply/INFO]: Enabled optional device extension: VK_KHR_depth_stencil_resolve
09-23 02:39:09.716  2840  4256 I MobileGL: [02:39:09] [Android mgl-srv-apply/INFO]: Vulkan: update-after-bind descriptor layouts enabled
09-23 02:39:09.716  2840  4256 I MobileGL: [02:39:09] [Android mgl-srv-apply/INFO]: Enabled optional device extension: VK_KHR_index_type_uint8
09-23 02:39:09.716  2840  4256 I MobileGL: [02:39:09] [Android mgl-srv-apply/INFO]: Enabled optional device extension: VK_EXT_primitive_topology_list_restart
09-23 02:39:09.716  2840  4256 I MobileGL: [02:39:09] [Android mgl-srv-apply/INFO]: Enabled optional device extension: VK_EXT_custom_border_color (maxCustomBorderColorSamplers=4000)
09-23 02:39:09.716  2840  4256 I MobileGL: [02:39:09] [Android mgl-srv-apply/INFO]: Enabled optional device extension: VK_EXT_subgroup_size_control (computeFullSubgroups)
09-23 02:39:09.716  2840  4256 I MobileGL: [02:39:09] [Android mgl-srv-apply/INFO]: Enabled optional device extension: VK_EXT_transform_feedback
09-23 02:39:09.717  2840  4256 I MobileGL: [02:39:09] [Android mgl-srv-apply/INFO]: Enabled optional device extension: VK_EXT_provoking_vertex (transformFeedbackPreservesProvokingVertex=false)
09-23 02:39:09.717  2840  4256 I MobileGL: [02:39:09] [Android mgl-srv-apply/INFO]: Enabled optional device extension: VK_EXT_vertex_attribute_divisor
09-23 02:39:09.717  2840  4256 I MobileGL: [02:39:09] [Android mgl-srv-apply/INFO]: Enabled optional device extension: VK_EXT_multi_draw (maxMultiDrawCount=1024)
09-23 02:39:09.717  2840  4256 I MobileGL: [02:39:09] [Android mgl-srv-apply/INFO]: Device feature support: robustBufferAccess=true geometryShader=true independentBlend=true logicOp=true shaderClipDistance=true shaderCullDistance=true wideLines=true shaderInt64=true vertexStoresAtomics=true fragmentStoresAtomics=true storageImageExtendedFormats=true storageImageReadWithoutFormat=true storageImageWriteWithoutFormat=true drawIndirectFirstInstance=true multiDrawIndirect=true
09-23 02:39:09.717  2840  4256 I MobileGL: [02:39:09] [Android mgl-srv-apply/INFO]: Device feature enabled: robustBufferAccess=true geometryShader=true independentBlend=true logicOp=true shaderClipDistance=true shaderCullDistance=true wideLines=true shaderInt64=true vertexStoresAtomics=true fragmentStoresAtomics=true storageImageExtendedFormats=true storageImageReadWithoutFormat=true storageImageWriteWithoutFormat=true drawIndirectFirstInstance=true multiDrawIndirect=true shaderDrawParameters=true
09-23 02:39:09.718  2840  4256 I MobileGL: [02:39:09] [Android mgl-srv-apply/INFO]: Multi-draw dispatch tier: ext (VK_EXT_multi_draw=true, multiDrawIndirect=true, mode=auto)
09-23 02:39:09.718  2840  4256 I MobileGL: [02:39:09] [Android mgl-srv-apply/INFO]: index type uint8 enabled: true
09-23 02:39:09.718  2840  4256 I MobileGL: [02:39:09] [Android mgl-srv-apply/INFO]: Logical device created.
09-23 02:39:09.718  2840  4256 I MobileGL: [02:39:09] [Android mgl-srv-apply/INFO]: Queues got successfully.
09-23 02:39:09.718  2840  4256 I MobileGL: [02:39:09] [Android mgl-srv-apply/INFO]: Timer queries supported (timestampValidBits=48, timestampPeriod=52.083332 ns/tick)
09-23 02:39:09.736  2840  4256 I MobileGL: [02:39:09] [Android mgl-srv-apply/INFO]: PRIMITIVES_GENERATED probe triangles: drawn=1 stream=0/1 pgq=0(0) stat=1(1)
09-23 02:39:09.736  2840  4256 I MobileGL: [02:39:09] [Android mgl-srv-apply/INFO]: PRIMITIVES_GENERATED probe triangles+discard: drawn=1 stream=0/1 pgq=0(0) stat=0(1)
09-23 02:39:09.736  2840  4256 I MobileGL: [02:39:09] [Android mgl-srv-apply/INFO]: PRIMITIVES_GENERATED probe patches+discard: drawn=1 stream=0/1 pgq=0(0) stat=0(1)
09-23 02:39:09.736  2840  4256 I MobileGL: [02:39:09] [Android mgl-srv-apply/INFO]: PRIMITIVES_GENERATED for XFB-inactive draws will accumulate through a clipping-invocations pipeline-statistics pool
09-23 02:39:09.736  2840  4256 I MobileGL: [02:39:09] [Android mgl-srv-apply/INFO]: Command pool created
09-23 02:39:09.736  2840  4256 I MobileGL: [02:39:09] [Android mgl-srv-apply/INFO]: MaxFramesInFlight: configured request=3
09-23 02:39:09.736  2840  4256 I MobileGL: [02:39:09] [Android mgl-srv-apply/INFO]: MaxFramesInFlight: using 3 (surface minImageCount=11, maxImageCount=64)
09-23 02:39:09.736  2840  4256 I MobileGL: [02:39:09] [Android mgl-srv-apply/INFO]: CreateFrameContexts completed
09-23 02:39:09.736  2840  4256 I MobileGL: [02:39:09] [Android mgl-srv-apply/INFO]: DirectVulkan: using 256 program descriptor bindings
09-23 02:39:09.737  2840  4256 I MobileGL: [02:39:09] [Android mgl-srv-apply/INFO]: Got 5 surface formats:
09-23 02:39:09.737  2840  4256 I MobileGL: [02:39:09] [Android mgl-srv-apply/INFO]: Picked surface format: [VK_FORMAT_R8G8B8A8_UNORM, VK_COLOR_SPACE_SRGB_NONLINEAR_KHR]
09-23 02:39:09.737  2840  4256 I MobileGL: [02:39:09] [Android mgl-srv-apply/INFO]: Got 4 present modes:
09-23 02:39:09.737  2840  4256 I MobileGL: [02:39:09] [Android mgl-srv-apply/INFO]: Picked present mode: VK_PRESENT_MODE_MAILBOX_KHR
09-23 02:39:09.737  2840  4256 I MobileGL: [02:39:09] [Android mgl-srv-apply/INFO]: Set minImageCount = 11
09-23 02:39:09.737  2840  4256 I MobileGL: [02:39:09] [Android mgl-srv-apply/INFO]: Swapchain currentTransform = VK_SURFACE_TRANSFORM_IDENTITY_BIT_KHR
09-23 02:39:09.737  2840  4256 I MobileGL: [02:39:09] [Android mgl-srv-apply/INFO]: Swapchain imageUsage = 0x13 (supportedUsageFlags = 0x9f)
09-23 02:39:09.737  2840  4256 I MobileGL: [02:39:09] [Android mgl-srv-apply/INFO]: Set swapchain preTransform = VK_SURFACE_TRANSFORM_IDENTITY_BIT_KHR
09-23 02:39:09.740  2840  4256 I MobileGL: [02:39:09] [Android mgl-srv-apply/INFO]: Swapchain image views created
09-23 02:39:09.742  2840  4256 I MobileGL: [02:39:09] [Android mgl-srv-apply/INFO]: Swapchain created, extent = 854x480, swapchain imageCount = 11
09-23 02:39:09.742  2840  4256 I MobileGL: [02:39:09] [Android mgl-srv-apply/INFO]: DirectVulkan: suppressing depth writes on accumulation-blended pipelines (driver lacks cross-pipeline position invariance)
09-23 02:39:09.743  2840  4256 I MobileGL: [02:39:09] [Android mgl-srv-apply/INFO]: Vulkan shader subgroup support: detected=true advertised=true size=64 stages=0x30 operations=0x2bf
09-23 02:39:09.743  2840  4256 I MobileGL: [02:39:09] [Android mgl-srv-apply/INFO]: DirectVulkan: clamped GL_MAX_COMPUTE_SHADER_STORAGE_BLOCKS from 16777216 to 256
09-23 02:39:09.743  2840  4256 I MobileGL: [02:39:09] [Android mgl-srv-apply/INFO]: DirectVulkan: clamped GL_MAX_COMBINED_SHADER_STORAGE_BLOCKS from 16777216 to 256
09-23 02:39:09.743  2840  4256 I MobileGL: [02:39:09] [Android mgl-srv-apply/INFO]: DirectVulkan: clamped GL_MAX_COMPUTE_UNIFORM_BLOCKS from 16777216 to 256
09-23 02:39:09.743  2840  4256 I MobileGL: [02:39:09] [Android mgl-srv-apply/INFO]: DirectVulkan: clamped GL_MAX_SHADER_STORAGE_BUFFER_BINDINGS from 16777216 to 256
09-23 02:39:09.743  2840  4256 I MobileGL: [02:39:09] [Android mgl-srv-apply/INFO]: DirectVulkan: clamped GL_MAX_UNIFORM_BUFFER_BINDINGS from 16777216 to 256
09-23 02:39:09.743  2840  4256 I MobileGL: [02:39:09] [Android mgl-srv-apply/INFO]: DirectVulkan: clamped GL_MAX_SHADER_STORAGE_BLOCK_SIZE from 2147483647 to 536870912
09-23 02:39:09.743  2840  4256 E MobileGL: [02:39:09] [Android mgl-srv-apply/ERROR]: NormalizePixelFormat: outFormat: unhandled internalFormat: GL_STENCIL_INDEX8
09-23 02:39:09.743  2840  4256 E MobileGL: [02:39:09] [Android mgl-srv-apply/ERROR]: NormalizePixelFormat: outType: unhandled internalFormat: GL_STENCIL_INDEX8
09-23 02:39:09.745  2840  4256 I MobileGL: [02:39:09] [Android mgl-srv-apply/INFO]: Vulkan shader subgroup support: detected=true advertised=true size=64 stages=0x30 operations=0x2bf
09-23 02:39:09.745  2840  4256 I MobileGL: [02:39:09] [Android mgl-srv-apply/INFO]: DirectVulkan: clamped GL_MAX_COMPUTE_SHADER_STORAGE_BLOCKS from 16777216 to 256
09-23 02:39:09.745  2840  4256 I MobileGL: [02:39:09] [Android mgl-srv-apply/INFO]: DirectVulkan: clamped GL_MAX_COMBINED_SHADER_STORAGE_BLOCKS from 16777216 to 256
09-23 02:39:09.745  2840  4256 I MobileGL: [02:39:09] [Android mgl-srv-apply/INFO]: DirectVulkan: clamped GL_MAX_COMPUTE_UNIFORM_BLOCKS from 16777216 to 256
09-23 02:39:09.745  2840  4256 I MobileGL: [02:39:09] [Android mgl-srv-apply/INFO]: DirectVulkan: clamped GL_MAX_SHADER_STORAGE_BUFFER_BINDINGS from 16777216 to 256
09-23 02:39:09.745  2840  4256 I MobileGL: [02:39:09] [Android mgl-srv-apply/INFO]: DirectVulkan: clamped GL_MAX_UNIFORM_BUFFER_BINDINGS from 16777216 to 256
09-23 02:39:09.745  2840  4256 I MobileGL: [02:39:09] [Android mgl-srv-apply/INFO]: DirectVulkan: clamped GL_MAX_SHADER_STORAGE_BLOCK_SIZE from 2147483647 to 536870912
09-23 02:39:09.746  2840  4247 I MobileGL: [02:39:09] [Android MobileGLTraceRe/INFO]: MG_Remote client: CapsMirror generation 2 adopted (backend=1, callMask=0x3fff00000470)
09-23 02:39:09.746  2840  4247 I MobileGL: [02:39:09] [Android MobileGLTraceRe/INFO]: MG_Remote client: format capabilities filled from caps mirror generation 2
09-23 02:39:09.746  2840  4247 I MobileGL: [02:39:09] [Android MobileGLTraceRe/INFO]: MG_Remote client: CapsMirror generation 3 adopted (backend=1, callMask=0x3fff00000470)
09-23 02:39:09.746  2840  4247 I MobileGL: [02:39:09] [Android MobileGLTraceRe/INFO]: MG_Remote client: format capabilities filled from caps mirror generation 3
09-23 02:39:09.751  2840  4247 W MobileGL: [02:39:09] [Android MobileGLTraceRe/WARN]: Stub function: glDebugMessageControl(...)
09-23 02:39:10.032  2840  4247 I libc    : handling signal: 11
09-23 02:39:10.032  2840  4247 F libc    : Fatal signal 11 (SIGSEGV), code 2 (SEGV_ACCERR), fault addr 0x73ab40c000 in tid 4247 (MobileGLTraceRe), pid 2840 (ugin.p7w1.trace)
09-23 02:39:10.032  2840  4247 I libc    : debuggerd_dispatch_pseudothread start. crashing tid: 4247
09-23 02:39:10.049  2840  4247 I libc    : crash_dump pid: 4355
09-23 02:39:10.070  4355  4355 W libc    : Access denied finding property "persist.vendor.track.malloc.enable"
09-23 02:39:10.070  4355  4355 W libc    : Access denied finding property "persist.vendor.fd.monitor.enable"
09-23 02:39:10.330  4356  4356 F DEBUG   : pid: 2840, tid: 4247, name: MobileGLTraceRe  >>> top.mobilegl.plugin.p7w1.trace <<<
09-23 02:39:10.331  4356  4356 F DEBUG   :       #00 pc 0000000000099168  /apex/com.android.runtime/lib64/bionic/libc.so (__memcpy_aarch64_nt+616) (BuildId: 223a572c9f034c6a9337d8b3bedc75f3)
09-23 02:39:10.331  4356  4356 F DEBUG   :       #01 pc 0000000000691c80  /data/app/~~GTtJpgg4160VWYt1KJ1Fww==/top.mobilegl.plugin.p7w1.trace-yro313nlE_p3MnRQTGbTyQ==/lib/arm64/libtrace_replay_runner.so (BuildId: 3d06283277788e3c03041ce7ad63185ec723ff9c)
09-23 02:39:10.331  4356  4356 F DEBUG   :       #02 pc 00000000004614b0  /data/app/~~GTtJpgg4160VWYt1KJ1Fww==/top.mobilegl.plugin.p7w1.trace-yro313nlE_p3MnRQTGbTyQ==/lib/arm64/libtrace_replay_runner.so (BuildId: 3d06283277788e3c03041ce7ad63185ec723ff9c)
09-23 02:39:10.331  4356  4356 F DEBUG   :       #03 pc 00000000004602cc  /data/app/~~GTtJpgg4160VWYt1KJ1Fww==/top.mobilegl.plugin.p7w1.trace-yro313nlE_p3MnRQTGbTyQ==/lib/arm64/libtrace_replay_runner.so (mobilegl_apitrace_main+5072) (BuildId: 3d06283277788e3c03041ce7ad63185ec723ff9c)
09-23 02:39:10.331  4356  4356 F DEBUG   :       #04 pc 000000000045042c  /data/app/~~GTtJpgg4160VWYt1KJ1Fww==/top.mobilegl.plugin.p7w1.trace-yro313nlE_p3MnRQTGbTyQ==/lib/arm64/libtrace_replay_runner.so (BuildId: 3d06283277788e3c03041ce7ad63185ec723ff9c)
09-23 02:39:10.331  4356  4356 F DEBUG   :       #05 pc 000000000044ee68  /data/app/~~GTtJpgg4160VWYt1KJ1Fww==/top.mobilegl.plugin.p7w1.trace-yro313nlE_p3MnRQTGbTyQ==/lib/arm64/libtrace_replay_runner.so (mobilegl_trace::RunTraceReplay(mobilegl_trace::Request const&)+3176) (BuildId: 3d06283277788e3c03041ce7ad63185ec723ff9c)
09-23 02:39:10.331  4356  4356 F DEBUG   :       #06 pc 0000000000455178  /data/app/~~GTtJpgg4160VWYt1KJ1Fww==/top.mobilegl.plugin.p7w1.trace-yro313nlE_p3MnRQTGbTyQ==/lib/arm64/libtrace_replay_runner.so (Java_top_mobilegl_plugin_trace_TraceReplayActivity_nativeRunTraceReplay+2068) (BuildId: 3d06283277788e3c03041ce7ad63185ec723ff9c)
09-23 02:39:10.332  4356  4356 F DEBUG   :       #41 pc 0000000000082d74  /apex/com.android.runtime/lib64/bionic/libc.so (__pthread_start(void*)+184) (BuildId: 223a572c9f034c6a9337d8b3bedc75f3)
09-23 02:39:10.332  4356  4356 F DEBUG   :       #42 pc 00000000000751f0  /apex/com.android.runtime/lib64/bionic/libc.so (__start_thread+68) (BuildId: 223a572c9f034c6a9337d8b3bedc75f3)
09-23 02:39:10.371  4356  4356 I libc    : tombstoned_notify_completion, socket: 8
09-23 02:39:10.402  6687  7097 D DigestGenerator: digest=============The device has been root;The device bootloader is unlocked;com.topjohnwu.magisk have been installed;top.mobilegl.plugin.p7w1.trace /apex/com.android.runtime/lib/bionic/libc.so (__memcpy_aarch_nt+) ()
09-23 02:39:10.402  6687  7097 D DigestGenerator:  XXlib/arm/libtrace_replay_runner.so ()
09-23 02:39:10.402  6687  7097 D DigestGenerator:  XXlib/arm/libtrace_replay_runner.so ()
09-23 02:39:10.402  6687  7097 D DigestGenerator:  XXlib/arm/libtrace_replay_runner.so (mobilegl_apitrace_main+) ()
09-23 02:39:10.402  6687  7097 D DigestGenerator:  XXlib/arm/libtrace_replay_runner.so ()
09-23 02:39:10.402  6687  7097 D DigestGenerator:  XXlib/arm/libtrace_replay_runner.so (mobilegl_trace::RunTraceReplay(mobilegl_trace::Request const&)+) ()
09-23 02:39:10.402  6687  7097 D DigestGenerator:  XXlib/arm/libtrace_replay_runner.so (Java_top_mobilegl_plugin_trace_TraceReplayActivity_nativeRunTraceReplay+) ()
09-23 02:39:10.402  6687  7097 D DigestGenerator:  /apex/com.android.runtime/lib/bionic/libc.so (__pthread_start(void*)+) ()
09-23 02:39:10.402  6687  7097 D DigestGenerator:  /apex/com.android.runtime/lib/bionic/libc.so (__start_thread+) ()
09-23 02:39:10.407  4411  5837 D RecentsTaskLoader: reloadTasksData [TaskKey{id=303, stackId=0, baseIntent=Intent { act=top.mobilegl.plugin.TRACE_REPLAY flg=0x10000000 cmp=top.mobilegl.plugin.p7w1.trace/top.mobilegl.plugin.trace.TraceReplayActivity }, userId=0, lastActiveTime=2005644, windowingMode=1, isThumbnailBlur=false, isAccessLocked=false, isScreening=false, topActivity=null, mHashCode=9950225}, title=MobileGL, titleDescription=MobileGL, bounds=null, isLaunchTarget=false, isStackTask=true, isSystemApp=false, isDockable=true, baseActivity=null, isLocked=false, mNeedHide=false, hasMultipleTasks=false, cti1Key=, cti2Key=, cti1Task=, cti2Task=] 
09-23 02:39:10.437  3176  3422 I libc    : kill: send 9 to pid -2840
09-23 02:39:10.437  3176  3422 I libc    : debug pid reuse, real pid -2840
09-23 02:39:10.438  3176  3422 I libc    : kill: send 9 to pid -2840
09-23 02:39:10.438  3176  3422 I libc    : debug pid reuse, real pid -2840
09-23 02:39:10.498  4411  4411 I WindowAnimParamsProvider: getClosingWindowAnimParams getClosingShortcutIcon task before=  [TaskKey{id=303, stackId=0, baseIntent=Intent { act=top.mobilegl.plugin.TRACE_REPLAY flg=0x10000000 cmp=top.mobilegl.plugin.p7w1.trace/top.mobilegl.plugin.trace.TraceReplayActivity }, userId=0, lastActiveTime=2005644, windowingMode=1, isThumbnailBlur=false, isAccessLocked=false, isScreening=false, topActivity=null, mHashCode=9950225}, title=MobileGL, titleDescription=MobileGL, bounds=null, isLaunchTarget=false, isStackTask=true, isSystemApp=false, isDockable=true, baseActivity=null, isLocked=false, mNeedHide=false, hasMultipleTasks=false, cti1Key=, cti2Key=, cti1Task=, cti2Task=] 
09-23 02:39:10.499  4411  4411 I WindowAnimParamsProvider: getClosingWindowAnimParams getClosingShortcutIcon task after=  [TaskKey{id=303, stackId=0, baseIntent=Intent { act=top.mobilegl.plugin.TRACE_REPLAY flg=0x10000000 cmp=top.mobilegl.plugin.p7w1.trace/top.mobilegl.plugin.trace.TraceReplayActivity }, userId=0, lastActiveTime=2005644, windowingMode=1, isThumbnailBlur=false, isAccessLocked=false, isScreening=false, topActivity=null, mHashCode=9950225}, title=MobileGL, titleDescription=MobileGL, bounds=null, isLaunchTarget=false, isStackTask=true, isSystemApp=false, isDockable=true, baseActivity=null, isLocked=false, mNeedHide=false, hasMultipleTasks=false, cti1Key=, cti2Key=, cti1Task=, cti2Task=] 
09-23 02:39:10.499  4411  4411 I WindowAnimParamsProvider: getUserIdFromRemoteTarget task before=  [TaskKey{id=303, stackId=0, baseIntent=Intent { act=top.mobilegl.plugin.TRACE_REPLAY flg=0x10000000 cmp=top.mobilegl.plugin.p7w1.trace/top.mobilegl.plugin.trace.TraceReplayActivity }, userId=0, lastActiveTime=2005644, windowingMode=1, isThumbnailBlur=false, isAccessLocked=false, isScreening=false, topActivity=null, mHashCode=9950225}, title=MobileGL, titleDescription=MobileGL, bounds=null, isLaunchTarget=false, isStackTask=true, isSystemApp=false, isDockable=true, baseActivity=null, isLocked=false, mNeedHide=false, hasMultipleTasks=false, cti1Key=, cti2Key=, cti1Task=, cti2Task=] 
09-23 02:39:10.499  4411  4411 I WindowAnimParamsProvider: getUserIdFromRemoteTarget task after=  [TaskKey{id=303, stackId=0, baseIntent=Intent { act=top.mobilegl.plugin.TRACE_REPLAY flg=0x10000000 cmp=top.mobilegl.plugin.p7w1.trace/top.mobilegl.plugin.trace.TraceReplayActivity }, userId=0, lastActiveTime=2005644, windowingMode=1, isThumbnailBlur=false, isAccessLocked=false, isScreening=false, topActivity=null, mHashCode=9950225}, title=MobileGL, titleDescription=MobileGL, bounds=null, isLaunchTarget=false, isStackTask=true, isSystemApp=false, isDockable=true, baseActivity=null, isLocked=false, mNeedHide=false, hasMultipleTasks=false, cti1Key=, cti2Key=, cti1Task=, cti2Task=] 
trace-replay-ci.sh: app trace-replay files:
/data/user/0/top.mobilegl.plugin.p7w1.trace/files/trace-replay:
total 12
drwxrwxrwx 4 u0_a318 u0_a318 3452 2026-09-23 02:39 .
drwxrwxrwx 3 u0_a318 u0_a318 3452 2026-09-23 02:39 ..
drwxrwxrwx 2 u0_a318 u0_a318 3452 2026-09-23 02:39 input
drwxrwxrwx 2 u0_a318 u0_a318 3452 2026-09-23 02:39 output

/data/user/0/top.mobilegl.plugin.p7w1.trace/files/trace-replay/input:
total 14450
drwxrwxrwx 2 u0_a318 u0_a318     3452 2026-09-23 02:39 .
drwxrwxrwx 4 u0_a318 u0_a318     3452 2026-09-23 02:39 ..
-rw-r--r-- 1 u0_a318 u0_a318   368306 2026-09-23 02:39 golden.png
-rw-r--r-- 1 u0_a318 u0_a318 14404890 2026-09-23 02:39 trace.trace

/data/user/0/top.mobilegl.plugin.p7w1.trace/files/trace-replay/output:
total 42
drwxrwxrwx 2 u0_a318 u0_a318  3452 2026-09-23 02:39 .
drwxrwxrwx 4 u0_a318 u0_a318  3452 2026-09-23 02:39 ..
-rw------- 1 u0_a318 u0_a318  6668 2026-09-23 02:39 mobilegl.client.log
-rw------- 1 u0_a318 u0_a318 22625 2026-09-23 02:39 mobilegl.server.log
-rw------- 1 u0_a318 u0_a318   124 2026-09-23 02:39 retrace.log
archived repeat 1 to .trace-work\p7w1\E1-inproc-ra0\improved-transparency-minecraft-26.3-DirectVulkan\repeat-01
C:\Users\geekerwan\AndroidStudioProjects\FoldCraftLauncher\MobileGL-disagg\.trace-work\android-retrace-summary\mobilegl-android-retrace-overview.html
=== Android retrace: minecraft-1.21.4-fabric-iris-bsl-esc-menu-854 / DirectVulkan (repeat 1/1) ===
C:\Users\geekerwan\AndroidStudioProjects\FoldCraftLauncher\MobileGL-disagg\.trace-work\android-retrace-fixture\minecraft-1.21.4-fabric-iris-bsl-esc-menu-854\trace.trace: 1 file pushed, 0 skipped. 17.7 MB/s (7409935 bytes in 0.398s)
C:\Users\geekerwan\AndroidStudioProjects\FoldCraftLauncher\MobileGL-disagg\tools\trace_replay\fixtures\minecraft-1.21.4-fabric-iris-bsl-esc-menu-854.0001303534.png: 1 file pushed, 0 skipped. 20.2 MB/s (227372 bytes in 0.011s)
Starting: Intent { act=top.mobilegl.plugin.TRACE_REPLAY cmp=top.mobilegl.plugin.p7w1.trace/top.mobilegl.plugin.trace.TraceReplayActivity (has extras) }
trace-replay-ci.sh: app process exited before result.json was created
trace-replay-ci.sh: retrace.log:
/system/bin/app_process64
apitrace: warning: caught signal 11
724432: error: caught an unhandled exception
apitrace: warning: caught signal 6
724432: error: caught an unhandled exception
trace-replay-ci.sh: tail of mobilegl.log:
[02:39:13] [Android mgl-srv-apply/INFO]:     VK_KHR_maintenance1 (r.2)
[02:39:13] [Android mgl-srv-apply/INFO]:     VK_KHR_maintenance2 (r.1)
[02:39:13] [Android mgl-srv-apply/INFO]:     VK_KHR_maintenance3 (r.1)
[02:39:13] [Android mgl-srv-apply/INFO]:     VK_KHR_maintenance4 (r.2)
[02:39:13] [Android mgl-srv-apply/INFO]:     VK_KHR_maintenance5 (r.1)
[02:39:13] [Android mgl-srv-apply/INFO]:     VK_KHR_maintenance6 (r.1)
[02:39:13] [Android mgl-srv-apply/INFO]:     VK_KHR_separate_depth_stencil_layouts (r.1)
[02:39:13] [Android mgl-srv-apply/INFO]:     VK_EXT_image_robustness (r.1)
[02:39:13] [Android mgl-srv-apply/INFO]:     VK_EXT_calibrated_timestamps (r.2)
[02:39:13] [Android mgl-srv-apply/INFO]:     VK_KHR_buffer_device_address (r.1)
[02:39:13] [Android mgl-srv-apply/INFO]:     VK_EXT_extended_dynamic_state (r.1)
[02:39:13] [Android mgl-srv-apply/INFO]:     VK_EXT_queue_family_foreign (r.1)
[02:39:13] [Android mgl-srv-apply/INFO]:     VK_KHR_shader_quad_control (r.1)
[02:39:13] [Android mgl-srv-apply/INFO]:     VK_EXT_image_view_min_lod (r.1)
[02:39:13] [Android mgl-srv-apply/INFO]:     VK_ANDROID_external_format_resolve (r.1)
[02:39:13] [Android mgl-srv-apply/INFO]:     VK_QCOM_ycbcr_degamma (r.1)
[02:39:13] [Android mgl-srv-apply/INFO]:     VK_KHR_bind_memory2 (r.1)
[02:39:13] [Android mgl-srv-apply/INFO]:     VK_EXT_pipeline_protected_access (r.1)
[02:39:13] [Android mgl-srv-apply/INFO]:     VK_KHR_external_semaphore (r.1)
[02:39:13] [Android mgl-srv-apply/INFO]:     VK_KHR_shader_terminate_invocation (r.1)
[02:39:13] [Android mgl-srv-apply/INFO]:     VK_QCOM_fragment_density_map_offset (r.2)
[02:39:13] [Android mgl-srv-apply/INFO]:     VK_EXT_scalar_block_layout (r.1)
[02:39:13] [Android mgl-srv-apply/INFO]:     VK_KHR_map_memory2 (r.1)
[02:39:13] [Android mgl-srv-apply/INFO]:     VK_EXT_load_store_op_none (r.1)
[02:39:13] [Android mgl-srv-apply/INFO]:     VK_KHR_load_store_op_none (r.1)
[02:39:13] [Android mgl-srv-apply/INFO]:     VK_KHR_shader_maximal_reconvergence (r.1)
[02:39:13] [Android mgl-srv-apply/INFO]:     VK_KHR_sampler_ycbcr_conversion (r.14)
[02:39:13] [Android mgl-srv-apply/INFO]:     VK_EXT_vertex_attribute_divisor (r.3)
[02:39:13] [Android mgl-srv-apply/INFO]:     VK_KHR_variable_pointers (r.1)
[02:39:13] [Android mgl-srv-apply/INFO]:     VK_QCOM_multiview_per_view_viewports (r.1)
[02:39:13] [Android mgl-srv-apply/INFO]:     VK_KHR_ray_query (r.1)
[02:39:13] [Android mgl-srv-apply/INFO]:     VK_EXT_primitives_generated_query (r.1)
[02:39:13] [Android mgl-srv-apply/INFO]:     VK_KHR_push_descriptor (r.2)
[02:39:13] [Android mgl-srv-apply/INFO]:     VK_KHR_timeline_semaphore (r.2)
[02:39:13] [Android mgl-srv-apply/INFO]:     VK_EXT_device_memory_report (r.2)
[02:39:13] [Android mgl-srv-apply/INFO]:     VK_KHR_shader_subgroup_rotate (r.2)
[02:39:13] [Android mgl-srv-apply/INFO]:     VK_KHR_imageless_framebuffer (r.1)
[02:39:13] [Android mgl-srv-apply/INFO]:     VK_KHR_device_group (r.4)
[02:39:13] [Android mgl-srv-apply/INFO]:     VK_EXT_device_fault (r.2)
[02:39:13] [Android mgl-srv-apply/INFO]:     VK_KHR_relaxed_block_layout (r.1)
[02:39:13] [Android mgl-srv-apply/INFO]:     VK_KHR_shader_expect_assume (r.1)
[02:39:13] [Android mgl-srv-apply/INFO]:     VK_KHR_shader_atomic_int64 (r.1)
[02:39:13] [Android mgl-srv-apply/INFO]:     VK_KHR_external_fence (r.1)
[02:39:13] [Android mgl-srv-apply/INFO]:     VK_KHR_shader_non_semantic_info (r.1)
[02:39:13] [Android mgl-srv-apply/INFO]:     VK_EXT_shader_atomic_float (r.1)
[02:39:13] [Android mgl-srv-apply/INFO]:     VK_EXT_custom_border_color (r.12)
[02:39:13] [Android mgl-srv-apply/INFO]:     VK_EXT_host_query_reset (r.1)
[02:39:13] [Android mgl-srv-apply/INFO]:     VK_EXT_index_type_uint8 (r.1)
[02:39:13] [Android mgl-srv-apply/INFO]:     VK_KHR_multiview (r.1)
[02:39:13] [Android mgl-srv-apply/INFO]:     VK_KHR_storage_buffer_storage_class (r.1)
[02:39:13] [Android mgl-srv-apply/INFO]:     VK_EXT_fragment_density_map2 (r.1)
[02:39:13] [Android mgl-srv-apply/INFO]:     VK_QCOM_filter_cubic_weights (r.1)
[02:39:13] [Android mgl-srv-apply/INFO]:     VK_KHR_workgroup_memory_explicit_layout (r.1)
[02:39:13] [Android mgl-srv-apply/INFO]:     VK_QCOM_rotated_copy_commands (r.2)
[02:39:13] [Android mgl-srv-apply/INFO]:     VK_KHR_shader_subgroup_extended_types (r.1)
[02:39:13] [Android mgl-srv-apply/INFO]:     VK_EXT_external_memory_acquire_unmodified (r.1)
[02:39:13] [Android mgl-srv-apply/INFO]:     VK_EXT_private_data (r.1)
[02:39:13] [Android mgl-srv-apply/INFO]:     VK_EXT_descriptor_buffer (r.1)
[02:39:13] [Android mgl-srv-apply/INFO]:     VK_EXT_conditional_rendering (r.2)
[02:39:13] [Android mgl-srv-apply/INFO]:     VK_EXT_mutable_descriptor_type (r.1)
[02:39:13] [Android mgl-srv-apply/INFO]:     VK_EXT_pipeline_creation_cache_control (r.3)
[02:39:13] [Android mgl-srv-apply/INFO]:     VK_EXT_robustness2 (r.1)
[02:39:13] [Android mgl-srv-apply/INFO]:     VK_KHR_shader_clock (r.1)
[02:39:13] [Android mgl-srv-apply/INFO]:     VK_EXT_shader_module_identifier (r.1)
[02:39:13] [Android mgl-srv-apply/INFO]:     VK_KHR_vertex_attribute_divisor (r.1)
[02:39:13] [Android mgl-srv-apply/INFO]:     VK_EXT_global_priority_query (r.1)
[02:39:13] [Android mgl-srv-apply/INFO]:     VK_EXT_separate_stencil_usage (r.1)
[02:39:13] [Android mgl-srv-apply/INFO]:     VK_EXT_border_color_swizzle (r.1)
[02:39:13] [Android mgl-srv-apply/INFO]:     VK_EXT_vertex_input_dynamic_state (r.2)
[02:39:13] [Android mgl-srv-apply/INFO]:     VK_IMG_filter_cubic (r.1)
[02:39:13] [Android mgl-srv-apply/INFO]:     VK_EXT_filter_cubic (r.3)
[02:39:13] [Android mgl-srv-apply/INFO]:     VK_EXT_shader_subgroup_vote (r.1)
[02:39:13] [Android mgl-srv-apply/INFO]:     VK_EXT_device_address_binding_report (r.1)
[02:39:13] [Android mgl-srv-apply/INFO]:     VK_NV_optical_flow (r.1)
[02:39:13] [Android mgl-srv-apply/INFO]:     VK_QCOM_tile_properties (r.1)
[02:39:13] [Android mgl-srv-apply/INFO]:     VK_KHR_image_format_list (r.1)
[02:39:13] [Android mgl-srv-apply/INFO]:     VK_EXT_sampler_filter_minmax (r.2)
[02:39:13] [Android mgl-srv-apply/INFO]:     VK_KHR_16bit_storage (r.1)
[02:39:13] [Android mgl-srv-apply/INFO]:     VK_EXT_shader_viewport_index_layer (r.1)
[02:39:13] [Android mgl-srv-apply/INFO]:     VK_KHR_pipeline_executable_properties (r.1)
[02:39:13] [Android mgl-srv-apply/INFO]:     VK_EXT_shader_demote_to_helper_invocation (r.1)
[02:39:13] [Android mgl-srv-apply/INFO]:     VK_EXT_color_write_enable (r.1)
[02:39:13] [Android mgl-srv-apply/INFO]:     VK_KHR_dynamic_rendering_local_read (r.1)
[02:39:13] [Android mgl-srv-apply/INFO]:     VK_QCOM_render_pass_transform (r.4)
[02:39:13] [Android mgl-srv-apply/INFO]:     VK_KHR_create_renderpass2 (r.1)
[02:39:13] [Android mgl-srv-apply/INFO]:     VK_EXT_shader_image_atomic_int64 (r.1)
[02:39:13] [Android mgl-srv-apply/INFO]:     VK_KHR_acceleration_structure (r.13)
[02:39:13] [Android mgl-srv-apply/INFO]:     VK_EXT_depth_clip_control (r.1)
[02:39:13] [Android mgl-srv-apply/INFO]:     VK_EXT_transform_feedback (r.1)
[02:39:13] [Android mgl-srv-apply/INFO]:     VK_EXT_blend_operation_advanced (r.2)
[02:39:13] [Android mgl-srv-apply/INFO]:     VK_EXT_provoking_vertex (r.1)
[02:39:13] [Android mgl-srv-apply/INFO]:     VK_KHR_8bit_storage (r.1)
[02:39:13] [Android mgl-srv-apply/INFO]:     VK_QCOM_multiview_per_view_render_areas (r.1)
[02:39:13] [Android mgl-srv-apply/INFO]:     VK_EXT_inline_uniform_block (r.1)
[02:39:13] [Android mgl-srv-apply/INFO]:     VK_EXT_shader_subgroup_ballot (r.1)
[02:39:13] [Android mgl-srv-apply/INFO]:     VK_KHR_depth_stencil_resolve (r.1)
[02:39:13] [Android mgl-srv-apply/INFO]:     VK_KHR_shader_float_controls (r.4)
[02:39:13] [Android mgl-srv-apply/INFO]:     VK_EXT_texture_compression_astc_hdr (r.1)
[02:39:13] [Android mgl-srv-apply/INFO]:     VK_EXT_global_priority (r.2)
[02:39:13] [Android mgl-srv-apply/INFO]:     VK_EXT_4444_formats (r.1)
[02:39:13] [Android mgl-srv-apply/INFO]:     VK_KHR_shader_draw_parameters (r.1)
[02:39:13] [Android mgl-srv-apply/INFO]:     VK_KHR_vulkan_memory_model (r.3)
[02:39:13] [Android mgl-srv-apply/INFO]:     VK_EXT_descriptor_indexing (r.2)
[02:39:13] [Android mgl-srv-apply/INFO]:     VK_EXT_depth_clip_enable (r.1)
[02:39:13] [Android mgl-srv-apply/INFO]:     VK_KHR_synchronization2 (r.1)
[02:39:13] [Android mgl-srv-apply/INFO]:     VK_KHR_shader_integer_dot_product (r.1)
[02:39:13] [Android mgl-srv-apply/INFO]:     VK_EXT_line_rasterization (r.1)
[02:39:13] [Android mgl-srv-apply/INFO]:     VK_KHR_line_rasterization (r.1)
[02:39:13] [Android mgl-srv-apply/INFO]:     VK_QCOM_image_processing (r.1)
[02:39:13] [Android mgl-srv-apply/INFO]:     VK_KHR_shader_float_controls2 (r.1)
[02:39:13] [Android mgl-srv-apply/INFO]:     VK_KHR_fragment_shading_rate (r.2)
[02:39:13] [Android mgl-srv-apply/INFO]:     VK_KHR_descriptor_update_template (r.1)
[02:39:13] [Android mgl-srv-apply/INFO]:     VK_KHR_draw_indirect_count (r.1)
[02:39:13] [Android mgl-srv-apply/INFO]:     VK_KHR_driver_properties (r.1)
[02:39:13] [Android mgl-srv-apply/INFO]:     VK_KHR_ray_tracing_position_fetch (r.1)
[02:39:13] [Android mgl-srv-apply/INFO]:     VK_KHR_dynamic_rendering (r.1)
[02:39:13] [Android mgl-srv-apply/INFO]:     VK_KHR_zero_initialize_workgroup_memory (r.1)
[02:39:13] [Android mgl-srv-apply/INFO]:     VK_KHR_uniform_buffer_standard_layout (r.1)
[02:39:13] [Android mgl-srv-apply/INFO]:     VK_EXT_depth_clamp_zero_one (r.1)
[02:39:13] [Android mgl-srv-apply/INFO]:     VK_ANDROID_external_memory_android_hardware_buffer (r.5)
[02:39:13] [Android mgl-srv-apply/INFO]:     VK_EXT_image_2d_view_of_3d (r.1)
[02:39:13] [Android mgl-srv-apply/INFO]:     VK_EXT_extended_dynamic_state2 (r.1)
[02:39:13] [Android mgl-srv-apply/INFO]:     VK_KHR_dedicated_allocation (r.3)
[02:39:13] [Android mgl-srv-apply/INFO]:     VK_EXT_texel_buffer_alignment (r.1)
[02:39:13] [Android mgl-srv-apply/INFO]:     VK_EXT_primitive_topology_list_restart (r.1)
[02:39:13] [Android mgl-srv-apply/INFO]:     VK_EXT_rasterization_order_attachment_access (r.1)
[02:39:13] [Android mgl-srv-apply/INFO]:     VK_KHR_shader_subgroup_uniform_control_flow (r.1)
[02:39:13] [Android mgl-srv-apply/INFO]:     VK_EXT_tooling_info (r.1)
[02:39:13] [Android mgl-srv-apply/INFO]:     VK_KHR_format_feature_flags2 (r.2)
[02:39:13] [Android mgl-srv-apply/INFO]:     VK_KHR_global_priority (r.1)
[02:39:13] [Android mgl-srv-apply/INFO]:     VK_EXT_sample_locations (r.1)
[02:39:13] [Android mgl-srv-apply/INFO]:     VK_EXT_multi_draw (r.1)
[02:39:13] [Android mgl-srv-apply/INFO]:     VK_KHR_swapchain (r.70)
[02:39:13] [Android mgl-srv-apply/INFO]:     VK_KHR_sampler_mirror_clamp_to_edge (r.3)
[02:39:13] [Android mgl-srv-apply/INFO]:     VK_QCOM_image_processing2 (r.1)
[02:39:13] [Android mgl-srv-apply/INFO]:     VK_KHR_external_fence_fd (r.1)
[02:39:13] [Android mgl-srv-apply/INFO]: Required extension found: VK_KHR_swapchain
[02:39:13] [Android mgl-srv-apply/INFO]:     Picked physical device. (Reason: First suitable device)
[02:39:13] [Android mgl-srv-apply/INFO]: Picked physical device 0.
[02:39:13] [Android mgl-srv-apply/INFO]: Vulkan: multiViewport enabled; rasterizable viewports=16 (device limit 16, GL state width 16)
[02:39:13] [Android mgl-srv-apply/INFO]: Enabled optional device extension: VK_KHR_draw_indirect_count
[02:39:13] [Android mgl-srv-apply/INFO]: Enabled optional device extension: VK_KHR_shader_draw_parameters
[02:39:13] [Android mgl-srv-apply/INFO]: VK_KHR_image_format_list enabled: true
[02:39:13] [Android mgl-srv-apply/INFO]: VK_KHR_draw_indirect_count enabled: true
[02:39:13] [Android mgl-srv-apply/INFO]: Enabled optional device extension: VK_KHR_create_renderpass2
[02:39:13] [Android mgl-srv-apply/INFO]: Enabled optional device extension: VK_KHR_depth_stencil_resolve
[02:39:13] [Android mgl-srv-apply/INFO]: Vulkan: update-after-bind descriptor layouts enabled
[02:39:13] [Android mgl-srv-apply/INFO]: Enabled optional device extension: VK_KHR_index_type_uint8
[02:39:13] [Android mgl-srv-apply/INFO]: Enabled optional device extension: VK_EXT_primitive_topology_list_restart
[02:39:13] [Android mgl-srv-apply/INFO]: Enabled optional device extension: VK_EXT_custom_border_color (maxCustomBorderColorSamplers=4000)
[02:39:13] [Android mgl-srv-apply/INFO]: Enabled optional device extension: VK_EXT_subgroup_size_control (computeFullSubgroups)
[02:39:13] [Android mgl-srv-apply/INFO]: Enabled optional device extension: VK_EXT_transform_feedback
[02:39:13] [Android mgl-srv-apply/INFO]: Enabled optional device extension: VK_EXT_provoking_vertex (transformFeedbackPreservesProvokingVertex=false)
[02:39:13] [Android mgl-srv-apply/INFO]: Enabled optional device extension: VK_EXT_vertex_attribute_divisor
[02:39:13] [Android mgl-srv-apply/INFO]: Enabled optional device extension: VK_EXT_multi_draw (maxMultiDrawCount=1024)
[02:39:13] [Android mgl-srv-apply/INFO]: Device feature support: robustBufferAccess=true geometryShader=true independentBlend=true logicOp=true shaderClipDistance=true shaderCullDistance=true wideLines=true shaderInt64=true vertexStoresAtomics=true fragmentStoresAtomics=true storageImageExtendedFormats=true storageImageReadWithoutFormat=true storageImageWriteWithoutFormat=true drawIndirectFirstInstance=true multiDrawIndirect=true
[02:39:13] [Android mgl-srv-apply/INFO]: Device feature enabled: robustBufferAccess=true geometryShader=true independentBlend=true logicOp=true shaderClipDistance=true shaderCullDistance=true wideLines=true shaderInt64=true vertexStoresAtomics=true fragmentStoresAtomics=true storageImageExtendedFormats=true storageImageReadWithoutFormat=true storageImageWriteWithoutFormat=true drawIndirectFirstInstance=true multiDrawIndirect=true shaderDrawParameters=true
[02:39:13] [Android mgl-srv-apply/INFO]: Multi-draw dispatch tier: ext (VK_EXT_multi_draw=true, multiDrawIndirect=true, mode=auto)
[02:39:13] [Android mgl-srv-apply/INFO]: index type uint8 enabled: true
[02:39:13] [Android mgl-srv-apply/INFO]: Logical device created.
[02:39:13] [Android mgl-srv-apply/INFO]: Queues got successfully.
[02:39:13] [Android mgl-srv-apply/INFO]: Timer queries supported (timestampValidBits=48, timestampPeriod=52.083332 ns/tick)
[02:39:13] [Android mgl-srv-apply/INFO]: PRIMITIVES_GENERATED probe triangles: drawn=1 stream=0/1 pgq=0(0) stat=1(1)
[02:39:13] [Android mgl-srv-apply/INFO]: PRIMITIVES_GENERATED probe triangles+discard: drawn=1 stream=0/1 pgq=0(0) stat=0(1)
[02:39:13] [Android mgl-srv-apply/INFO]: PRIMITIVES_GENERATED probe patches+discard: drawn=1 stream=0/1 pgq=0(0) stat=0(1)
[02:39:13] [Android mgl-srv-apply/INFO]: PRIMITIVES_GENERATED for XFB-inactive draws will accumulate through a clipping-invocations pipeline-statistics pool
[02:39:13] [Android mgl-srv-apply/INFO]: Command pool created
[02:39:13] [Android mgl-srv-apply/INFO]: MaxFramesInFlight: configured request=3
[02:39:13] [Android mgl-srv-apply/INFO]: MaxFramesInFlight: using 3 (surface minImageCount=11, maxImageCount=64)
[02:39:13] [Android mgl-srv-apply/INFO]: CreateFrameContexts completed
[02:39:13] [Android mgl-srv-apply/INFO]: DirectVulkan: using 256 program descriptor bindings
[02:39:13] [Android mgl-srv-apply/INFO]: Got 5 surface formats:
[02:39:13] [Android mgl-srv-apply/INFO]: Picked surface format: [VK_FORMAT_R8G8B8A8_UNORM, VK_COLOR_SPACE_SRGB_NONLINEAR_KHR]
[02:39:13] [Android mgl-srv-apply/INFO]: Got 4 present modes:
[02:39:13] [Android mgl-srv-apply/INFO]: Picked present mode: VK_PRESENT_MODE_MAILBOX_KHR
[02:39:13] [Android mgl-srv-apply/INFO]: Set minImageCount = 11
[02:39:13] [Android mgl-srv-apply/INFO]: Swapchain currentTransform = VK_SURFACE_TRANSFORM_IDENTITY_BIT_KHR
[02:39:13] [Android mgl-srv-apply/INFO]: Swapchain imageUsage = 0x13 (supportedUsageFlags = 0x9f)
[02:39:13] [Android mgl-srv-apply/INFO]: Set swapchain preTransform = VK_SURFACE_TRANSFORM_IDENTITY_BIT_KHR
[02:39:13] [Android mgl-srv-apply/INFO]: Swapchain image views created
[02:39:13] [Android mgl-srv-apply/INFO]: Swapchain created, extent = 854x480, swapchain imageCount = 11
[02:39:13] [Android mgl-srv-apply/INFO]: DirectVulkan: suppressing depth writes on accumulation-blended pipelines (driver lacks cross-pipeline position invariance)
[02:39:13] [Android mgl-srv-apply/INFO]: Vulkan shader subgroup support: detected=true advertised=true size=64 stages=0x30 operations=0x2bf
[02:39:13] [Android mgl-srv-apply/INFO]: DirectVulkan: clamped GL_MAX_COMPUTE_SHADER_STORAGE_BLOCKS from 16777216 to 256
[02:39:13] [Android mgl-srv-apply/INFO]: DirectVulkan: clamped GL_MAX_COMBINED_SHADER_STORAGE_BLOCKS from 16777216 to 256
[02:39:13] [Android mgl-srv-apply/INFO]: DirectVulkan: clamped GL_MAX_COMPUTE_UNIFORM_BLOCKS from 16777216 to 256
[02:39:13] [Android mgl-srv-apply/INFO]: DirectVulkan: clamped GL_MAX_SHADER_STORAGE_BUFFER_BINDINGS from 16777216 to 256
[02:39:13] [Android mgl-srv-apply/INFO]: DirectVulkan: clamped GL_MAX_UNIFORM_BUFFER_BINDINGS from 16777216 to 256
[02:39:13] [Android mgl-srv-apply/INFO]: DirectVulkan: clamped GL_MAX_SHADER_STORAGE_BLOCK_SIZE from 2147483647 to 536870912
[02:39:13] [Android mgl-srv-apply/ERROR]: NormalizePixelFormat: outFormat: unhandled internalFormat: GL_STENCIL_INDEX8
[02:39:13] [Android mgl-srv-apply/ERROR]: NormalizePixelFormat: outType: unhandled internalFormat: GL_STENCIL_INDEX8
[02:39:13] [Android mgl-srv-apply/INFO]: Vulkan shader subgroup support: detected=true advertised=true size=64 stages=0x30 operations=0x2bf
[02:39:13] [Android mgl-srv-apply/INFO]: DirectVulkan: clamped GL_MAX_COMPUTE_SHADER_STORAGE_BLOCKS from 16777216 to 256
[02:39:13] [Android mgl-srv-apply/INFO]: DirectVulkan: clamped GL_MAX_COMBINED_SHADER_STORAGE_BLOCKS from 16777216 to 256
[02:39:13] [Android mgl-srv-apply/INFO]: DirectVulkan: clamped GL_MAX_COMPUTE_UNIFORM_BLOCKS from 16777216 to 256
[02:39:13] [Android mgl-srv-apply/INFO]: DirectVulkan: clamped GL_MAX_SHADER_STORAGE_BUFFER_BINDINGS from 16777216 to 256
[02:39:13] [Android mgl-srv-apply/INFO]: DirectVulkan: clamped GL_MAX_UNIFORM_BUFFER_BINDINGS from 16777216 to 256
[02:39:13] [Android mgl-srv-apply/INFO]: DirectVulkan: clamped GL_MAX_SHADER_STORAGE_BLOCK_SIZE from 2147483647 to 536870912
[02:39:14] [Android mgl-srv-apply/WARN]: GetOrCreatePipeline: patching vertex input location=4 format=82 -> 80 to match shader input type=35666 for program=7
[02:39:18] [Android mgl-srv-apply/FATAL]: Vulkan error VK_ERROR_OUT_OF_HOST_MEMORY (-1) at /home/swung/w7/pipe/MobileGL/MG_Backend/DirectVulkan/Renderer/WireDraw.inc:454
trace-replay-ci.sh: recent relevant logcat lines:
09-23 02:39:13.620  3383  4600 I MobileGL: [02:39:13] [Android mgl-srv-apply/INFO]:     VK_EXT_private_data (r.1)
09-23 02:39:13.620  3383  4600 I MobileGL: [02:39:13] [Android mgl-srv-apply/INFO]:     VK_EXT_descriptor_buffer (r.1)
09-23 02:39:13.620  3383  4600 I MobileGL: [02:39:13] [Android mgl-srv-apply/INFO]:     VK_EXT_conditional_rendering (r.2)
09-23 02:39:13.620  3383  4600 I MobileGL: [02:39:13] [Android mgl-srv-apply/INFO]:     VK_EXT_mutable_descriptor_type (r.1)
09-23 02:39:13.620  3383  4600 I MobileGL: [02:39:13] [Android mgl-srv-apply/INFO]:     VK_EXT_pipeline_creation_cache_control (r.3)
09-23 02:39:13.620  3383  4600 I MobileGL: [02:39:13] [Android mgl-srv-apply/INFO]:     VK_EXT_robustness2 (r.1)
09-23 02:39:13.620  3383  4600 I MobileGL: [02:39:13] [Android mgl-srv-apply/INFO]:     VK_KHR_shader_clock (r.1)
09-23 02:39:13.620  3383  4600 I MobileGL: [02:39:13] [Android mgl-srv-apply/INFO]:     VK_EXT_shader_module_identifier (r.1)
09-23 02:39:13.620  3383  4600 I MobileGL: [02:39:13] [Android mgl-srv-apply/INFO]:     VK_KHR_vertex_attribute_divisor (r.1)
09-23 02:39:13.620  3383  4600 I MobileGL: [02:39:13] [Android mgl-srv-apply/INFO]:     VK_EXT_global_priority_query (r.1)
09-23 02:39:13.620  3383  4600 I MobileGL: [02:39:13] [Android mgl-srv-apply/INFO]:     VK_EXT_separate_stencil_usage (r.1)
09-23 02:39:13.620  3383  4600 I MobileGL: [02:39:13] [Android mgl-srv-apply/INFO]:     VK_EXT_border_color_swizzle (r.1)
09-23 02:39:13.620  3383  4600 I MobileGL: [02:39:13] [Android mgl-srv-apply/INFO]:     VK_EXT_vertex_input_dynamic_state (r.2)
09-23 02:39:13.620  3383  4600 I MobileGL: [02:39:13] [Android mgl-srv-apply/INFO]:     VK_IMG_filter_cubic (r.1)
09-23 02:39:13.620  3383  4600 I MobileGL: [02:39:13] [Android mgl-srv-apply/INFO]:     VK_EXT_filter_cubic (r.3)
09-23 02:39:13.620  3383  4600 I MobileGL: [02:39:13] [Android mgl-srv-apply/INFO]:     VK_EXT_shader_subgroup_vote (r.1)
09-23 02:39:13.620  3383  4600 I MobileGL: [02:39:13] [Android mgl-srv-apply/INFO]:     VK_EXT_device_address_binding_report (r.1)
09-23 02:39:13.620  3383  4600 I MobileGL: [02:39:13] [Android mgl-srv-apply/INFO]:     VK_NV_optical_flow (r.1)
09-23 02:39:13.620  3383  4600 I MobileGL: [02:39:13] [Android mgl-srv-apply/INFO]:     VK_QCOM_tile_properties (r.1)
09-23 02:39:13.620  3383  4600 I MobileGL: [02:39:13] [Android mgl-srv-apply/INFO]:     VK_KHR_image_format_list (r.1)
09-23 02:39:13.620  3383  4600 I MobileGL: [02:39:13] [Android mgl-srv-apply/INFO]:     VK_EXT_sampler_filter_minmax (r.2)
09-23 02:39:13.620  3383  4600 I MobileGL: [02:39:13] [Android mgl-srv-apply/INFO]:     VK_KHR_16bit_storage (r.1)
09-23 02:39:13.620  3383  4600 I MobileGL: [02:39:13] [Android mgl-srv-apply/INFO]:     VK_EXT_shader_viewport_index_layer (r.1)
09-23 02:39:13.620  3383  4600 I MobileGL: [02:39:13] [Android mgl-srv-apply/INFO]:     VK_KHR_pipeline_executable_properties (r.1)
09-23 02:39:13.620  3383  4600 I MobileGL: [02:39:13] [Android mgl-srv-apply/INFO]:     VK_EXT_shader_demote_to_helper_invocation (r.1)
09-23 02:39:13.620  3383  4600 I MobileGL: [02:39:13] [Android mgl-srv-apply/INFO]:     VK_EXT_color_write_enable (r.1)
09-23 02:39:13.620  3383  4600 I MobileGL: [02:39:13] [Android mgl-srv-apply/INFO]:     VK_KHR_dynamic_rendering_local_read (r.1)
09-23 02:39:13.620  3383  4600 I MobileGL: [02:39:13] [Android mgl-srv-apply/INFO]:     VK_QCOM_render_pass_transform (r.4)
09-23 02:39:13.620  3383  4600 I MobileGL: [02:39:13] [Android mgl-srv-apply/INFO]:     VK_KHR_create_renderpass2 (r.1)
09-23 02:39:13.620  3383  4600 I MobileGL: [02:39:13] [Android mgl-srv-apply/INFO]:     VK_EXT_shader_image_atomic_int64 (r.1)
09-23 02:39:13.620  3383  4600 I MobileGL: [02:39:13] [Android mgl-srv-apply/INFO]:     VK_KHR_acceleration_structure (r.13)
09-23 02:39:13.620  3383  4600 I MobileGL: [02:39:13] [Android mgl-srv-apply/INFO]:     VK_EXT_depth_clip_control (r.1)
09-23 02:39:13.620  3383  4600 I MobileGL: [02:39:13] [Android mgl-srv-apply/INFO]:     VK_EXT_transform_feedback (r.1)
09-23 02:39:13.620  3383  4600 I MobileGL: [02:39:13] [Android mgl-srv-apply/INFO]:     VK_EXT_blend_operation_advanced (r.2)
09-23 02:39:13.620  3383  4600 I MobileGL: [02:39:13] [Android mgl-srv-apply/INFO]:     VK_EXT_provoking_vertex (r.1)
09-23 02:39:13.620  3383  4600 I MobileGL: [02:39:13] [Android mgl-srv-apply/INFO]:     VK_KHR_8bit_storage (r.1)
09-23 02:39:13.620  3383  4600 I MobileGL: [02:39:13] [Android mgl-srv-apply/INFO]:     VK_QCOM_multiview_per_view_render_areas (r.1)
09-23 02:39:13.620  3383  4600 I MobileGL: [02:39:13] [Android mgl-srv-apply/INFO]:     VK_EXT_inline_uniform_block (r.1)
09-23 02:39:13.620  3383  4600 I MobileGL: [02:39:13] [Android mgl-srv-apply/INFO]:     VK_EXT_shader_subgroup_ballot (r.1)
09-23 02:39:13.620  3383  4600 I MobileGL: [02:39:13] [Android mgl-srv-apply/INFO]:     VK_KHR_depth_stencil_resolve (r.1)
09-23 02:39:13.620  3383  4600 I MobileGL: [02:39:13] [Android mgl-srv-apply/INFO]:     VK_KHR_shader_float_controls (r.4)
09-23 02:39:13.620  3383  4600 I MobileGL: [02:39:13] [Android mgl-srv-apply/INFO]:     VK_EXT_texture_compression_astc_hdr (r.1)
09-23 02:39:13.620  3383  4600 I MobileGL: [02:39:13] [Android mgl-srv-apply/INFO]:     VK_EXT_global_priority (r.2)
09-23 02:39:13.620  3383  4600 I MobileGL: [02:39:13] [Android mgl-srv-apply/INFO]:     VK_EXT_4444_formats (r.1)
09-23 02:39:13.620  3383  4600 I MobileGL: [02:39:13] [Android mgl-srv-apply/INFO]:     VK_KHR_shader_draw_parameters (r.1)
09-23 02:39:13.620  3383  4600 I MobileGL: [02:39:13] [Android mgl-srv-apply/INFO]:     VK_KHR_vulkan_memory_model (r.3)
09-23 02:39:13.620  3383  4600 I MobileGL: [02:39:13] [Android mgl-srv-apply/INFO]:     VK_EXT_descriptor_indexing (r.2)
09-23 02:39:13.620  3383  4600 I MobileGL: [02:39:13] [Android mgl-srv-apply/INFO]:     VK_EXT_depth_clip_enable (r.1)
09-23 02:39:13.620  3383  4600 I MobileGL: [02:39:13] [Android mgl-srv-apply/INFO]:     VK_KHR_synchronization2 (r.1)
09-23 02:39:13.620  3383  4600 I MobileGL: [02:39:13] [Android mgl-srv-apply/INFO]:     VK_KHR_shader_integer_dot_product (r.1)
09-23 02:39:13.620  3383  4600 I MobileGL: [02:39:13] [Android mgl-srv-apply/INFO]:     VK_EXT_line_rasterization (r.1)
09-23 02:39:13.621  3383  4600 I MobileGL: [02:39:13] [Android mgl-srv-apply/INFO]:     VK_KHR_line_rasterization (r.1)
09-23 02:39:13.621  3383  4600 I MobileGL: [02:39:13] [Android mgl-srv-apply/INFO]:     VK_QCOM_image_processing (r.1)
09-23 02:39:13.621  3383  4600 I MobileGL: [02:39:13] [Android mgl-srv-apply/INFO]:     VK_KHR_shader_float_controls2 (r.1)
09-23 02:39:13.621  3383  4600 I MobileGL: [02:39:13] [Android mgl-srv-apply/INFO]:     VK_KHR_fragment_shading_rate (r.2)
09-23 02:39:13.621  3383  4600 I MobileGL: [02:39:13] [Android mgl-srv-apply/INFO]:     VK_KHR_descriptor_update_template (r.1)
09-23 02:39:13.621  3383  4600 I MobileGL: [02:39:13] [Android mgl-srv-apply/INFO]:     VK_KHR_draw_indirect_count (r.1)
09-23 02:39:13.621  3383  4600 I MobileGL: [02:39:13] [Android mgl-srv-apply/INFO]:     VK_KHR_driver_properties (r.1)
09-23 02:39:13.621  3383  4600 I MobileGL: [02:39:13] [Android mgl-srv-apply/INFO]:     VK_KHR_ray_tracing_position_fetch (r.1)
09-23 02:39:13.621  3383  4600 I MobileGL: [02:39:13] [Android mgl-srv-apply/INFO]:     VK_KHR_dynamic_rendering (r.1)
09-23 02:39:13.621  3383  4600 I MobileGL: [02:39:13] [Android mgl-srv-apply/INFO]:     VK_KHR_zero_initialize_workgroup_memory (r.1)
09-23 02:39:13.621  3383  4600 I MobileGL: [02:39:13] [Android mgl-srv-apply/INFO]:     VK_KHR_uniform_buffer_standard_layout (r.1)
09-23 02:39:13.621  3383  4600 I MobileGL: [02:39:13] [Android mgl-srv-apply/INFO]:     VK_EXT_depth_clamp_zero_one (r.1)
09-23 02:39:13.621  3383  4600 I MobileGL: [02:39:13] [Android mgl-srv-apply/INFO]:     VK_ANDROID_external_memory_android_hardware_buffer (r.5)
09-23 02:39:13.621  3383  4600 I MobileGL: [02:39:13] [Android mgl-srv-apply/INFO]:     VK_EXT_image_2d_view_of_3d (r.1)
09-23 02:39:13.621  3383  4600 I MobileGL: [02:39:13] [Android mgl-srv-apply/INFO]:     VK_EXT_extended_dynamic_state2 (r.1)
09-23 02:39:13.621  3383  4600 I MobileGL: [02:39:13] [Android mgl-srv-apply/INFO]:     VK_KHR_dedicated_allocation (r.3)
09-23 02:39:13.621  3383  4600 I MobileGL: [02:39:13] [Android mgl-srv-apply/INFO]:     VK_EXT_texel_buffer_alignment (r.1)
09-23 02:39:13.621  3383  4600 I MobileGL: [02:39:13] [Android mgl-srv-apply/INFO]:     VK_EXT_primitive_topology_list_restart (r.1)
09-23 02:39:13.621  3383  4600 I MobileGL: [02:39:13] [Android mgl-srv-apply/INFO]:     VK_EXT_rasterization_order_attachment_access (r.1)
09-23 02:39:13.621  3383  4600 I MobileGL: [02:39:13] [Android mgl-srv-apply/INFO]:     VK_KHR_shader_subgroup_uniform_control_flow (r.1)
09-23 02:39:13.621  3383  4600 I MobileGL: [02:39:13] [Android mgl-srv-apply/INFO]:     VK_EXT_tooling_info (r.1)
09-23 02:39:13.621  3383  4600 I MobileGL: [02:39:13] [Android mgl-srv-apply/INFO]:     VK_KHR_format_feature_flags2 (r.2)
09-23 02:39:13.621  3383  4600 I MobileGL: [02:39:13] [Android mgl-srv-apply/INFO]:     VK_KHR_global_priority (r.1)
09-23 02:39:13.621  3383  4600 I MobileGL: [02:39:13] [Android mgl-srv-apply/INFO]:     VK_EXT_sample_locations (r.1)
09-23 02:39:13.621  3383  4600 I MobileGL: [02:39:13] [Android mgl-srv-apply/INFO]:     VK_EXT_multi_draw (r.1)
09-23 02:39:13.621  3383  4600 I MobileGL: [02:39:13] [Android mgl-srv-apply/INFO]:     VK_KHR_swapchain (r.70)
09-23 02:39:13.621  3383  4600 I MobileGL: [02:39:13] [Android mgl-srv-apply/INFO]:     VK_KHR_sampler_mirror_clamp_to_edge (r.3)
09-23 02:39:13.621  3383  4600 I MobileGL: [02:39:13] [Android mgl-srv-apply/INFO]:     VK_QCOM_image_processing2 (r.1)
09-23 02:39:13.621  3383  4600 I MobileGL: [02:39:13] [Android mgl-srv-apply/INFO]:     VK_KHR_external_fence_fd (r.1)
09-23 02:39:13.621  3383  4600 I MobileGL: [02:39:13] [Android mgl-srv-apply/INFO]: Required extension found: VK_KHR_swapchain
09-23 02:39:13.622  3383  4600 I MobileGL: [02:39:13] [Android mgl-srv-apply/INFO]:     Picked physical device. (Reason: First suitable device)
09-23 02:39:13.622  3383  4600 I MobileGL: [02:39:13] [Android mgl-srv-apply/INFO]: Picked physical device 0.
09-23 02:39:13.622  3383  4600 I MobileGL: [02:39:13] [Android mgl-srv-apply/INFO]: Vulkan: multiViewport enabled; rasterizable viewports=16 (device limit 16, GL state width 16)
09-23 02:39:13.622  3383  4600 I MobileGL: [02:39:13] [Android mgl-srv-apply/INFO]: Enabled optional device extension: VK_KHR_draw_indirect_count
09-23 02:39:13.622  3383  4600 I MobileGL: [02:39:13] [Android mgl-srv-apply/INFO]: Enabled optional device extension: VK_KHR_shader_draw_parameters
09-23 02:39:13.622  3383  4600 I MobileGL: [02:39:13] [Android mgl-srv-apply/INFO]: VK_KHR_image_format_list enabled: true
09-23 02:39:13.622  3383  4600 I MobileGL: [02:39:13] [Android mgl-srv-apply/INFO]: VK_KHR_draw_indirect_count enabled: true
09-23 02:39:13.622  3383  4600 I MobileGL: [02:39:13] [Android mgl-srv-apply/INFO]: Enabled optional device extension: VK_KHR_create_renderpass2
09-23 02:39:13.622  3383  4600 I MobileGL: [02:39:13] [Android mgl-srv-apply/INFO]: Enabled optional device extension: VK_KHR_depth_stencil_resolve
09-23 02:39:13.622  3383  4600 I MobileGL: [02:39:13] [Android mgl-srv-apply/INFO]: Vulkan: update-after-bind descriptor layouts enabled
09-23 02:39:13.622  3383  4600 I MobileGL: [02:39:13] [Android mgl-srv-apply/INFO]: Enabled optional device extension: VK_KHR_index_type_uint8
09-23 02:39:13.622  3383  4600 I MobileGL: [02:39:13] [Android mgl-srv-apply/INFO]: Enabled optional device extension: VK_EXT_primitive_topology_list_restart
09-23 02:39:13.622  3383  4600 I MobileGL: [02:39:13] [Android mgl-srv-apply/INFO]: Enabled optional device extension: VK_EXT_custom_border_color (maxCustomBorderColorSamplers=4000)
09-23 02:39:13.622  3383  4600 I MobileGL: [02:39:13] [Android mgl-srv-apply/INFO]: Enabled optional device extension: VK_EXT_subgroup_size_control (computeFullSubgroups)
09-23 02:39:13.622  3383  4600 I MobileGL: [02:39:13] [Android mgl-srv-apply/INFO]: Enabled optional device extension: VK_EXT_transform_feedback
09-23 02:39:13.622  3383  4600 I MobileGL: [02:39:13] [Android mgl-srv-apply/INFO]: Enabled optional device extension: VK_EXT_provoking_vertex (transformFeedbackPreservesProvokingVertex=false)
09-23 02:39:13.622  3383  4600 I MobileGL: [02:39:13] [Android mgl-srv-apply/INFO]: Enabled optional device extension: VK_EXT_vertex_attribute_divisor
09-23 02:39:13.622  3383  4600 I MobileGL: [02:39:13] [Android mgl-srv-apply/INFO]: Enabled optional device extension: VK_EXT_multi_draw (maxMultiDrawCount=1024)
09-23 02:39:13.622  3383  4600 I MobileGL: [02:39:13] [Android mgl-srv-apply/INFO]: Device feature support: robustBufferAccess=true geometryShader=true independentBlend=true logicOp=true shaderClipDistance=true shaderCullDistance=true wideLines=true shaderInt64=true vertexStoresAtomics=true fragmentStoresAtomics=true storageImageExtendedFormats=true storageImageReadWithoutFormat=true storageImageWriteWithoutFormat=true drawIndirectFirstInstance=true multiDrawIndirect=true
09-23 02:39:13.622  3383  4600 I MobileGL: [02:39:13] [Android mgl-srv-apply/INFO]: Device feature enabled: robustBufferAccess=true geometryShader=true independentBlend=true logicOp=true shaderClipDistance=true shaderCullDistance=true wideLines=true shaderInt64=true vertexStoresAtomics=true fragmentStoresAtomics=true storageImageExtendedFormats=true storageImageReadWithoutFormat=true storageImageWriteWithoutFormat=true drawIndirectFirstInstance=true multiDrawIndirect=true shaderDrawParameters=true
09-23 02:39:13.623  3383  4600 I MobileGL: [02:39:13] [Android mgl-srv-apply/INFO]: Multi-draw dispatch tier: ext (VK_EXT_multi_draw=true, multiDrawIndirect=true, mode=auto)
09-23 02:39:13.623  3383  4600 I MobileGL: [02:39:13] [Android mgl-srv-apply/INFO]: index type uint8 enabled: true
09-23 02:39:13.623  3383  4600 I MobileGL: [02:39:13] [Android mgl-srv-apply/INFO]: Logical device created.
09-23 02:39:13.623  3383  4600 I MobileGL: [02:39:13] [Android mgl-srv-apply/INFO]: Queues got successfully.
09-23 02:39:13.624  3383  4600 I MobileGL: [02:39:13] [Android mgl-srv-apply/INFO]: Timer queries supported (timestampValidBits=48, timestampPeriod=52.083332 ns/tick)
09-23 02:39:13.641  3383  4600 I MobileGL: [02:39:13] [Android mgl-srv-apply/INFO]: PRIMITIVES_GENERATED probe triangles: drawn=1 stream=0/1 pgq=0(0) stat=1(1)
09-23 02:39:13.641  3383  4600 I MobileGL: [02:39:13] [Android mgl-srv-apply/INFO]: PRIMITIVES_GENERATED probe triangles+discard: drawn=1 stream=0/1 pgq=0(0) stat=0(1)
09-23 02:39:13.641  3383  4600 I MobileGL: [02:39:13] [Android mgl-srv-apply/INFO]: PRIMITIVES_GENERATED probe patches+discard: drawn=1 stream=0/1 pgq=0(0) stat=0(1)
09-23 02:39:13.641  3383  4600 I MobileGL: [02:39:13] [Android mgl-srv-apply/INFO]: PRIMITIVES_GENERATED for XFB-inactive draws will accumulate through a clipping-invocations pipeline-statistics pool
09-23 02:39:13.641  3383  4600 I MobileGL: [02:39:13] [Android mgl-srv-apply/INFO]: Command pool created
09-23 02:39:13.641  3383  4600 I MobileGL: [02:39:13] [Android mgl-srv-apply/INFO]: MaxFramesInFlight: configured request=3
09-23 02:39:13.641  3383  4600 I MobileGL: [02:39:13] [Android mgl-srv-apply/INFO]: MaxFramesInFlight: using 3 (surface minImageCount=11, maxImageCount=64)
09-23 02:39:13.642  3383  4600 I MobileGL: [02:39:13] [Android mgl-srv-apply/INFO]: CreateFrameContexts completed
09-23 02:39:13.642  3383  4600 I MobileGL: [02:39:13] [Android mgl-srv-apply/INFO]: DirectVulkan: using 256 program descriptor bindings
09-23 02:39:13.643  3383  4600 I MobileGL: [02:39:13] [Android mgl-srv-apply/INFO]: Got 5 surface formats:
09-23 02:39:13.643  3383  4600 I MobileGL: [02:39:13] [Android mgl-srv-apply/INFO]: Picked surface format: [VK_FORMAT_R8G8B8A8_UNORM, VK_COLOR_SPACE_SRGB_NONLINEAR_KHR]
09-23 02:39:13.643  3383  4600 I MobileGL: [02:39:13] [Android mgl-srv-apply/INFO]: Got 4 present modes:
09-23 02:39:13.643  3383  4600 I MobileGL: [02:39:13] [Android mgl-srv-apply/INFO]: Picked present mode: VK_PRESENT_MODE_MAILBOX_KHR
09-23 02:39:13.643  3383  4600 I MobileGL: [02:39:13] [Android mgl-srv-apply/INFO]: Set minImageCount = 11
09-23 02:39:13.643  3383  4600 I MobileGL: [02:39:13] [Android mgl-srv-apply/INFO]: Swapchain currentTransform = VK_SURFACE_TRANSFORM_IDENTITY_BIT_KHR
09-23 02:39:13.643  3383  4600 I MobileGL: [02:39:13] [Android mgl-srv-apply/INFO]: Swapchain imageUsage = 0x13 (supportedUsageFlags = 0x9f)
09-23 02:39:13.643  3383  4600 I MobileGL: [02:39:13] [Android mgl-srv-apply/INFO]: Set swapchain preTransform = VK_SURFACE_TRANSFORM_IDENTITY_BIT_KHR
09-23 02:39:13.645  3383  4600 I MobileGL: [02:39:13] [Android mgl-srv-apply/INFO]: Swapchain image views created
09-23 02:39:13.648  3383  4600 I MobileGL: [02:39:13] [Android mgl-srv-apply/INFO]: Swapchain created, extent = 854x480, swapchain imageCount = 11
09-23 02:39:13.648  3383  4600 I MobileGL: [02:39:13] [Android mgl-srv-apply/INFO]: DirectVulkan: suppressing depth writes on accumulation-blended pipelines (driver lacks cross-pipeline position invariance)
09-23 02:39:13.649  3383  4600 I MobileGL: [02:39:13] [Android mgl-srv-apply/INFO]: Vulkan shader subgroup support: detected=true advertised=true size=64 stages=0x30 operations=0x2bf
09-23 02:39:13.649  3383  4600 I MobileGL: [02:39:13] [Android mgl-srv-apply/INFO]: DirectVulkan: clamped GL_MAX_COMPUTE_SHADER_STORAGE_BLOCKS from 16777216 to 256
09-23 02:39:13.649  3383  4600 I MobileGL: [02:39:13] [Android mgl-srv-apply/INFO]: DirectVulkan: clamped GL_MAX_COMBINED_SHADER_STORAGE_BLOCKS from 16777216 to 256
09-23 02:39:13.649  3383  4600 I MobileGL: [02:39:13] [Android mgl-srv-apply/INFO]: DirectVulkan: clamped GL_MAX_COMPUTE_UNIFORM_BLOCKS from 16777216 to 256
09-23 02:39:13.649  3383  4600 I MobileGL: [02:39:13] [Android mgl-srv-apply/INFO]: DirectVulkan: clamped GL_MAX_SHADER_STORAGE_BUFFER_BINDINGS from 16777216 to 256
09-23 02:39:13.649  3383  4600 I MobileGL: [02:39:13] [Android mgl-srv-apply/INFO]: DirectVulkan: clamped GL_MAX_UNIFORM_BUFFER_BINDINGS from 16777216 to 256
09-23 02:39:13.649  3383  4600 I MobileGL: [02:39:13] [Android mgl-srv-apply/INFO]: DirectVulkan: clamped GL_MAX_SHADER_STORAGE_BLOCK_SIZE from 2147483647 to 536870912
09-23 02:39:13.649  3383  4600 E MobileGL: [02:39:13] [Android mgl-srv-apply/ERROR]: NormalizePixelFormat: outFormat: unhandled internalFormat: GL_STENCIL_INDEX8
09-23 02:39:13.649  3383  4600 E MobileGL: [02:39:13] [Android mgl-srv-apply/ERROR]: NormalizePixelFormat: outType: unhandled internalFormat: GL_STENCIL_INDEX8
09-23 02:39:13.651  3383  4600 I MobileGL: [02:39:13] [Android mgl-srv-apply/INFO]: Vulkan shader subgroup support: detected=true advertised=true size=64 stages=0x30 operations=0x2bf
09-23 02:39:13.651  3383  4600 I MobileGL: [02:39:13] [Android mgl-srv-apply/INFO]: DirectVulkan: clamped GL_MAX_COMPUTE_SHADER_STORAGE_BLOCKS from 16777216 to 256
09-23 02:39:13.651  3383  4600 I MobileGL: [02:39:13] [Android mgl-srv-apply/INFO]: DirectVulkan: clamped GL_MAX_COMBINED_SHADER_STORAGE_BLOCKS from 16777216 to 256
09-23 02:39:13.651  3383  4600 I MobileGL: [02:39:13] [Android mgl-srv-apply/INFO]: DirectVulkan: clamped GL_MAX_COMPUTE_UNIFORM_BLOCKS from 16777216 to 256
09-23 02:39:13.651  3383  4600 I MobileGL: [02:39:13] [Android mgl-srv-apply/INFO]: DirectVulkan: clamped GL_MAX_SHADER_STORAGE_BUFFER_BINDINGS from 16777216 to 256
09-23 02:39:13.651  3383  4600 I MobileGL: [02:39:13] [Android mgl-srv-apply/INFO]: DirectVulkan: clamped GL_MAX_UNIFORM_BUFFER_BINDINGS from 16777216 to 256
09-23 02:39:13.651  3383  4600 I MobileGL: [02:39:13] [Android mgl-srv-apply/INFO]: DirectVulkan: clamped GL_MAX_SHADER_STORAGE_BLOCK_SIZE from 2147483647 to 536870912
09-23 02:39:13.652  3383  4597 I MobileGL: [02:39:13] [Android MobileGLTraceRe/INFO]: MG_Remote client: CapsMirror generation 2 adopted (backend=1, callMask=0x3fff00000470)
09-23 02:39:13.652  3383  4597 I MobileGL: [02:39:13] [Android MobileGLTraceRe/INFO]: MG_Remote client: format capabilities filled from caps mirror generation 2
09-23 02:39:13.652  3383  4597 I MobileGL: [02:39:13] [Android MobileGLTraceRe/INFO]: MG_Remote client: CapsMirror generation 3 adopted (backend=1, callMask=0x3fff00000470)
09-23 02:39:13.652  3383  4597 I MobileGL: [02:39:13] [Android MobileGLTraceRe/INFO]: MG_Remote client: format capabilities filled from caps mirror generation 3
09-23 02:39:13.658  3383  4597 W MobileGL: [02:39:13] [Android MobileGLTraceRe/WARN]: Stub function: glDebugMessageControl(...)
09-23 02:39:14.891  3383  4600 W MobileGL: [02:39:14] [Android mgl-srv-apply/WARN]: GetOrCreatePipeline: patching vertex input location=4 format=82 -> 80 to match shader input type=35666 for program=7
09-23 02:39:16.143  7990  8728 I libc    : kill: send 15 to pid 4656
09-23 02:39:16.143  7990  8728 I libc    : debug pid reuse, real pid 4656
09-23 02:39:18.381  3383  4600 W libc    : calloc(1, 66144) failed: returning null pointer
09-23 02:39:18.381  3383  4600 F MobileGL: [02:39:18] [Android mgl-srv-apply/FATAL]: Vulkan error VK_ERROR_OUT_OF_HOST_MEMORY (-1) at /home/swung/w7/pipe/MobileGL/MG_Backend/DirectVulkan/Renderer/WireDraw.inc:454
09-23 02:39:18.382  3383  4600 I libc    : handling signal: 11
09-23 02:39:18.382  3383  4600 F libc    : Fatal signal 11 (SIGSEGV), code 1 (SEGV_MAPERR), fault addr 0x240 in tid 4600 (mgl-srv-apply), pid 3383 (ugin.p7w1.trace)
09-23 02:39:18.382  3383  4600 I libc    : debuggerd_dispatch_pseudothread start. crashing tid: 4600
09-23 02:39:18.505  3383  4600 I libc    : crash_dump pid: 4681
09-23 02:39:18.611  4681  4681 W libc    : Access denied finding property "persist.vendor.track.malloc.enable"
09-23 02:39:18.611  4681  4681 W libc    : Access denied finding property "persist.vendor.fd.monitor.enable"
09-23 02:39:19.492  4682  4682 F DEBUG   :       #02 pc 000000000090d4e8  /data/app/~~GTtJpgg4160VWYt1KJ1Fww==/top.mobilegl.plugin.p7w1.trace-yro313nlE_p3MnRQTGbTyQ==/lib/arm64/libMobileGL.so (BuildId: c18ad8c4a37ba920181e8e4a40c555021f01fb5d)
09-23 02:39:19.492  4682  4682 F DEBUG   :       #03 pc 00000000008860b4  /data/app/~~GTtJpgg4160VWYt1KJ1Fww==/top.mobilegl.plugin.p7w1.trace-yro313nlE_p3MnRQTGbTyQ==/lib/arm64/libMobileGL.so (BuildId: c18ad8c4a37ba920181e8e4a40c555021f01fb5d)
09-23 02:39:19.492  4682  4682 F DEBUG   :       #04 pc 000000000089eee4  /data/app/~~GTtJpgg4160VWYt1KJ1Fww==/top.mobilegl.plugin.p7w1.trace-yro313nlE_p3MnRQTGbTyQ==/lib/arm64/libMobileGL.so (BuildId: c18ad8c4a37ba920181e8e4a40c555021f01fb5d)
09-23 02:39:19.492  4682  4682 F DEBUG   :       #05 pc 0000000000859508  /data/app/~~GTtJpgg4160VWYt1KJ1Fww==/top.mobilegl.plugin.p7w1.trace-yro313nlE_p3MnRQTGbTyQ==/lib/arm64/libMobileGL.so (BuildId: c18ad8c4a37ba920181e8e4a40c555021f01fb5d)
09-23 02:39:19.492  4682  4682 F DEBUG   :       #06 pc 00000000009c5828  /data/app/~~GTtJpgg4160VWYt1KJ1Fww==/top.mobilegl.plugin.p7w1.trace-yro313nlE_p3MnRQTGbTyQ==/lib/arm64/libMobileGL.so (BuildId: c18ad8c4a37ba920181e8e4a40c555021f01fb5d)
09-23 02:39:19.492  4682  4682 F DEBUG   :       #07 pc 00000000009a3370  /data/app/~~GTtJpgg4160VWYt1KJ1Fww==/top.mobilegl.plugin.p7w1.trace-yro313nlE_p3MnRQTGbTyQ==/lib/arm64/libMobileGL.so (BuildId: c18ad8c4a37ba920181e8e4a40c555021f01fb5d)
09-23 02:39:19.492  4682  4682 F DEBUG   :       #08 pc 00000000009a3d4c  /data/app/~~GTtJpgg4160VWYt1KJ1Fww==/top.mobilegl.plugin.p7w1.trace-yro313nlE_p3MnRQTGbTyQ==/lib/arm64/libMobileGL.so (BuildId: c18ad8c4a37ba920181e8e4a40c555021f01fb5d)
09-23 02:39:19.492  4682  4682 F DEBUG   :       #09 pc 00000000009c6d60  /data/app/~~GTtJpgg4160VWYt1KJ1Fww==/top.mobilegl.plugin.p7w1.trace-yro313nlE_p3MnRQTGbTyQ==/lib/arm64/libMobileGL.so (BuildId: c18ad8c4a37ba920181e8e4a40c555021f01fb5d)
09-23 02:39:19.493  4682  4682 F DEBUG   :       #10 pc 00000000009c9e50  /data/app/~~GTtJpgg4160VWYt1KJ1Fww==/top.mobilegl.plugin.p7w1.trace-yro313nlE_p3MnRQTGbTyQ==/lib/arm64/libMobileGL.so (BuildId: c18ad8c4a37ba920181e8e4a40c555021f01fb5d)
09-23 02:39:19.493  4682  4682 F DEBUG   :       #11 pc 00000000009c9814  /data/app/~~GTtJpgg4160VWYt1KJ1Fww==/top.mobilegl.plugin.p7w1.trace-yro313nlE_p3MnRQTGbTyQ==/lib/arm64/libMobileGL.so (BuildId: c18ad8c4a37ba920181e8e4a40c555021f01fb5d)
09-23 02:39:19.493  4682  4682 F DEBUG   :       #12 pc 00000000009cbb4c  /data/app/~~GTtJpgg4160VWYt1KJ1Fww==/top.mobilegl.plugin.p7w1.trace-yro313nlE_p3MnRQTGbTyQ==/lib/arm64/libMobileGL.so (BuildId: c18ad8c4a37ba920181e8e4a40c555021f01fb5d)
09-23 02:39:19.493  4682  4682 F DEBUG   :       #13 pc 0000000000082d74  /apex/com.android.runtime/lib64/bionic/libc.so (__pthread_start(void*)+184) (BuildId: 223a572c9f034c6a9337d8b3bedc75f3)
09-23 02:39:19.493  4682  4682 F DEBUG   :       #14 pc 00000000000751f0  /apex/com.android.runtime/lib64/bionic/libc.so (__start_thread+68) (BuildId: 223a572c9f034c6a9337d8b3bedc75f3)
09-23 02:39:19.809  4682  4682 I libc    : tombstoned_notify_completion, socket: 8
09-23 02:39:19.824  3383  4519 I libc    : handling signal: 6
09-23 02:39:19.835  4411  5837 D RecentsTaskLoader: reloadTasksData [TaskKey{id=304, stackId=0, baseIntent=Intent { act=top.mobilegl.plugin.TRACE_REPLAY flg=0x10000000 cmp=top.mobilegl.plugin.p7w1.trace/top.mobilegl.plugin.trace.TraceReplayActivity }, userId=0, lastActiveTime=2015080, windowingMode=1, isThumbnailBlur=false, isAccessLocked=false, isScreening=false, topActivity=null, mHashCode=9980016}, title=MobileGL, titleDescription=MobileGL, bounds=null, isLaunchTarget=false, isStackTask=true, isSystemApp=false, isDockable=true, baseActivity=null, isLocked=false, mNeedHide=false, hasMultipleTasks=false, cti1Key=, cti2Key=, cti1Task=, cti2Task=] 
09-23 02:39:19.850  6687  7097 D DigestGenerator:  XXlib/arm/libMobileGL.so ()
09-23 02:39:19.850  6687  7097 D DigestGenerator:  XXlib/arm/libMobileGL.so ()
09-23 02:39:19.850  6687  7097 D DigestGenerator:  XXlib/arm/libMobileGL.so ()
09-23 02:39:19.850  6687  7097 D DigestGenerator:  XXlib/arm/libMobileGL.so ()
09-23 02:39:19.850  6687  7097 D DigestGenerator:  XXlib/arm/libMobileGL.so ()
09-23 02:39:19.850  6687  7097 D DigestGenerator:  XXlib/arm/libMobileGL.so ()
09-23 02:39:19.850  6687  7097 D DigestGenerator:  XXlib/arm/libMobileGL.so ()
09-23 02:39:19.850  6687  7097 D DigestGenerator:  XXlib/arm/libMobileGL.so ()
09-23 02:39:19.850  6687  7097 D DigestGenerator:  XXlib/arm/libMobileGL.so ()
09-23 02:39:19.850  6687  7097 D DigestGenerator:  XXlib/arm/libMobileGL.so ()
09-23 02:39:19.850  6687  7097 D DigestGenerator:  XXlib/arm/libMobileGL.so ()
09-23 02:39:19.850  6687  7097 D DigestGenerator:  /apex/com.android.runtime/lib/bionic/libc.so (__pthread_start(void*)+) ()
09-23 02:39:19.850  6687  7097 D DigestGenerator:  /apex/com.android.runtime/lib/bionic/libc.so (__start_thread+) ()
09-23 02:39:19.851  2024  2024 W libc    : Access denied finding property "vendor.gpp.create_frc_extension"
09-23 02:39:19.855  6687  7097 D MiSightJni: MiSight: Java_com_miui_misight_MiSight_nativeSendEvent enter called. '{"Stacktrace":"#02 pc 000000000090d4e8  \/data\/app\/~~GTtJpgg4160VWYt1KJ1Fww==\/top.mobilegl.plugin.p7w1.trace-yro313nlE_p3MnRQTGbTyQ==\/lib\/arm64\/libMobileGL.so (BuildId: c18ad8c4a37ba920181e8e4a40c555021f01fb5d)\n      #03 pc 00000000008860b4  \/data\/app\/~~GTtJpgg4160VWYt1KJ1Fww==\/top.mobilegl.plugin.p7w1.trace-yro313nlE_p3MnRQTGbTyQ==\/lib\/arm64\/libMobileGL.so (BuildId: c18ad8c4a37ba920181e8e4a40c555021f01fb5d)\n      #04 pc 000000000089eee4  \/data\/app\/~~GTtJpgg4160VWYt1KJ1Fww==\/top.mobilegl.plugin.p7w1.trace-yro313nlE_p3MnRQTGbTyQ==\/lib\/arm64\/libMobileGL.so (BuildId: c18ad8c4a37ba920181e8e4a40c555021f01fb5d)\n      #05 pc 0000000000859508  \/data\/app\/~~GTtJpgg4160VWYt1KJ1Fww==\/top.mobilegl.plugin.p7w1.trace-yro313nlE_p3MnRQTGbTyQ==\/lib\/arm64\/libMobileGL.so (BuildId: c18ad8c4a37ba920181e8e4a40c555021f01fb5d)\n      #06 pc 00000000009c5828  \/data\/app\/~~GTtJpgg4160VWYt1KJ1Fww==\/top.mobilegl.plugin.p7w1.trace-yro31
09-23 02:39:19.856  6687  7097 D MiEvent : flatten EventId 901001003 -t 1790102359 -paraList {"CrashType":"100000000","CurrentTime":1790102358000,"Digest":"86894a38427da3163eb16a7fc8ffc846","Keyword":"{\"vn\":\"26.09.d260f11-trace\",\"vc\":\"26090876\",\"isRoot\":false,\"count\":1,\"preInstalled\":false,\"unfold\":false,\"ram\":15,\"rom\":264}","PackageName":"top.mobilegl.plugin.p7w1.trace","Stacktrace":"#02 pc 000000000090d4e8  /data/app/~~GTtJpgg4160VWYt1KJ1Fww==/top.mobilegl.plugin.p7w1.trace-yro313nlE_p3MnRQTGbTyQ==/lib/arm64/libMobileGL.so (BuildId: c18ad8c4a37ba920181e8e4a40c555021f01fb5d)\n      #03 pc 00000000008860b4  /data/app/~~GTtJpgg4160VWYt1KJ1Fww==/top.mobilegl.plugin.p7w1.trace-yro313nlE_p3MnRQTGbTyQ==/lib/arm64/libMobileGL.so (BuildId: c18ad8c4a37ba920181e8e4a40c555021f01fb5d)\n      #04 pc 000000000089eee4  /data/app/~~GTtJpgg4160VWYt1KJ1Fww==/top.mobilegl.plugin.p7w1.trace-yro313nlE_p3MnRQTGbTyQ==/lib/arm64/libMobileGL.so (BuildId: c18ad8c4a37ba920181e8e4a40c555021f01fb5d)\n      #05 pc 0000000000859508  /data/app/~~GTtJpgg4160VWYt
09-23 02:39:19.856  6687  7097 D MiEvent : report:EventId 901001003 -t 1790102359 -paraList {"CrashType":"100000000","CurrentTime":1790102358000,"Digest":"86894a38427da3163eb16a7fc8ffc846","Keyword":"{\"vn\":\"26.09.d260f11-trace\",\"vc\":\"26090876\",\"isRoot\":false,\"count\":1,\"preInstalled\":false,\"unfold\":false,\"ram\":15,\"rom\":264}","PackageName":"top.mobilegl.plugin.p7w1.trace","Stacktrace":"#02 pc 000000000090d4e8  /data/app/~~GTtJpgg4160VWYt1KJ1Fww==/top.mobilegl.plugin.p7w1.trace-yro313nlE_p3MnRQTGbTyQ==/lib/arm64/libMobileGL.so (BuildId: c18ad8c4a37ba920181e8e4a40c555021f01fb5d)\n      #03 pc 00000000008860b4  /data/app/~~GTtJpgg4160VWYt1KJ1Fww==/top.mobilegl.plugin.p7w1.trace-yro313nlE_p3MnRQTGbTyQ==/lib/arm64/libMobileGL.so (BuildId: c18ad8c4a37ba920181e8e4a40c555021f01fb5d)\n      #04 pc 000000000089eee4  /data/app/~~GTtJpgg4160VWYt1KJ1Fww==/top.mobilegl.plugin.p7w1.trace-yro313nlE_p3MnRQTGbTyQ==/lib/arm64/libMobileGL.so (BuildId: c18ad8c4a37ba920181e8e4a40c555021f01fb5d)\n      #05 pc 0000000000859508  /data/app/~~GTtJpgg4160VWYt1
09-23 02:39:19.885  4411  4411 I WindowAnimParamsProvider: getClosingWindowAnimParams getClosingShortcutIcon task before=  [TaskKey{id=304, stackId=0, baseIntent=Intent { act=top.mobilegl.plugin.TRACE_REPLAY flg=0x10000000 cmp=top.mobilegl.plugin.p7w1.trace/top.mobilegl.plugin.trace.TraceReplayActivity }, userId=0, lastActiveTime=2015080, windowingMode=1, isThumbnailBlur=false, isAccessLocked=false, isScreening=false, topActivity=null, mHashCode=9980016}, title=MobileGL, titleDescription=MobileGL, bounds=null, isLaunchTarget=false, isStackTask=true, isSystemApp=false, isDockable=true, baseActivity=null, isLocked=false, mNeedHide=false, hasMultipleTasks=false, cti1Key=, cti2Key=, cti1Task=, cti2Task=] 
09-23 02:39:19.885  4411  4411 I WindowAnimParamsProvider: getClosingWindowAnimParams getClosingShortcutIcon task after=  [TaskKey{id=304, stackId=0, baseIntent=Intent { act=top.mobilegl.plugin.TRACE_REPLAY flg=0x10000000 cmp=top.mobilegl.plugin.p7w1.trace/top.mobilegl.plugin.trace.TraceReplayActivity }, userId=0, lastActiveTime=2015080, windowingMode=1, isThumbnailBlur=false, isAccessLocked=false, isScreening=false, topActivity=null, mHashCode=9980016}, title=MobileGL, titleDescription=MobileGL, bounds=null, isLaunchTarget=false, isStackTask=true, isSystemApp=false, isDockable=true, baseActivity=null, isLocked=false, mNeedHide=false, hasMultipleTasks=false, cti1Key=, cti2Key=, cti1Task=, cti2Task=] 
09-23 02:39:19.886  4411  4411 I WindowAnimParamsProvider: getUserIdFromRemoteTarget task before=  [TaskKey{id=304, stackId=0, baseIntent=Intent { act=top.mobilegl.plugin.TRACE_REPLAY flg=0x10000000 cmp=top.mobilegl.plugin.p7w1.trace/top.mobilegl.plugin.trace.TraceReplayActivity }, userId=0, lastActiveTime=2015080, windowingMode=1, isThumbnailBlur=false, isAccessLocked=false, isScreening=false, topActivity=null, mHashCode=9980016}, title=MobileGL, titleDescription=MobileGL, bounds=null, isLaunchTarget=false, isStackTask=true, isSystemApp=false, isDockable=true, baseActivity=null, isLocked=false, mNeedHide=false, hasMultipleTasks=false, cti1Key=, cti2Key=, cti1Task=, cti2Task=] 
09-23 02:39:19.886  4411  4411 I WindowAnimParamsProvider: getUserIdFromRemoteTarget task after=  [TaskKey{id=304, stackId=0, baseIntent=Intent { act=top.mobilegl.plugin.TRACE_REPLAY flg=0x10000000 cmp=top.mobilegl.plugin.p7w1.trace/top.mobilegl.plugin.trace.TraceReplayActivity }, userId=0, lastActiveTime=2015080, windowingMode=1, isThumbnailBlur=false, isAccessLocked=false, isScreening=false, topActivity=null, mHashCode=9980016}, title=MobileGL, titleDescription=MobileGL, bounds=null, isLaunchTarget=false, isStackTask=true, isSystemApp=false, isDockable=true, baseActivity=null, isLocked=false, mNeedHide=false, hasMultipleTasks=false, cti1Key=, cti2Key=, cti1Task=, cti2Task=] 
09-23 02:39:20.111  3176  3422 I libc    : kill: send 9 to pid -3383
09-23 02:39:20.111  3176  3422 I libc    : debug pid reuse, real pid -3383
09-23 02:39:20.112  3176  3422 I libc    : kill: send 9 to pid -3383
09-23 02:39:20.112  3176  3422 I libc    : debug pid reuse, real pid -3383
09-23 02:39:20.128  4411  5837 D RecentsTaskLoader: reloadTasksData [TaskKey{id=304, stackId=0, baseIntent=Intent { act=top.mobilegl.plugin.TRACE_REPLAY flg=0x10000000 cmp=top.mobilegl.plugin.p7w1.trace/top.mobilegl.plugin.trace.TraceReplayActivity }, userId=0, lastActiveTime=2015080, windowingMode=1, isThumbnailBlur=false, isAccessLocked=false, isScreening=false, topActivity=null, mHashCode=9980016}, title=MobileGL, titleDescription=MobileGL, bounds=null, isLaunchTarget=false, isStackTask=true, isSystemApp=false, isDockable=true, baseActivity=null, isLocked=false, mNeedHide=false, hasMultipleTasks=false, cti1Key=, cti2Key=, cti1Task=, cti2Task=] 
trace-replay-ci.sh: app trace-replay files:
/data/user/0/top.mobilegl.plugin.p7w1.trace/files/trace-replay:
total 12
drwxrwxrwx 4 u0_a318 u0_a318 3452 2026-09-23 02:39 .
drwxrwxrwx 3 u0_a318 u0_a318 3452 2026-09-23 02:39 ..
drwxrwxrwx 2 u0_a318 u0_a318 3452 2026-09-23 02:39 input
drwxrwxrwx 2 u0_a318 u0_a318 3452 2026-09-23 02:39 output

/data/user/0/top.mobilegl.plugin.p7w1.trace/files/trace-replay/input:
total 7474
drwxrwxrwx 2 u0_a318 u0_a318    3452 2026-09-23 02:39 .
drwxrwxrwx 4 u0_a318 u0_a318    3452 2026-09-23 02:39 ..
-rw-r--r-- 1 u0_a318 u0_a318  227372 2026-09-23 02:39 golden.png
-rw-r--r-- 1 u0_a318 u0_a318 7409935 2026-09-23 02:39 trace.trace

/data/user/0/top.mobilegl.plugin.p7w1.trace/files/trace-replay/output:
total 42
drwxrwxrwx 2 u0_a318 u0_a318  3452 2026-09-23 02:39 .
drwxrwxrwx 4 u0_a318 u0_a318  3452 2026-09-23 02:39 ..
-rw------- 1 u0_a318 u0_a318  6668 2026-09-23 02:39 mobilegl.client.log
-rw------- 1 u0_a318 u0_a318 22953 2026-09-23 02:39 mobilegl.server.log
-rw------- 1 u0_a318 u0_a318   187 2026-09-23 02:39 retrace.log
archived repeat 1 to .trace-work\p7w1\E1-inproc-ra0\minecraft-1.21.4-fabric-iris-bsl-esc-menu-854-DirectVulkan\repeat-01
C:\Users\geekerwan\AndroidStudioProjects\FoldCraftLauncher\MobileGL-disagg\.trace-work\android-retrace-summary\mobilegl-android-retrace-overview.html
