=== Android retrace: minecraft-1.21.4-fabric-iris-bsl-esc-menu-854 / DirectVulkan (repeat 1/2) ===
C:\Users\geekerwan\AndroidStudioProjects\FoldCraftLauncher\MobileGL-disagg\.trace-work\android-retrace-fixture\minecraft-1.21.4-fabric-iris-bsl-esc-menu-854\trace.trace: 1 file pushed, 0 skipped. 15.2 MB/s (7409935 bytes in 0.466s)
C:\Users\geekerwan\AndroidStudioProjects\FoldCraftLauncher\MobileGL-disagg\tools\trace_replay\fixtures\minecraft-1.21.4-fabric-iris-bsl-esc-menu-854.0001303534.png: 1 file pushed, 0 skipped. 16.4 MB/s (227372 bytes in 0.013s)
Starting: Intent { act=top.mobilegl.plugin.TRACE_REPLAY cmp=top.mobilegl.plugin.p7w1.trace/top.mobilegl.plugin.trace.TraceReplayActivity (has extras) }
trace-replay-ci.sh: app process exited before result.json was created
trace-replay-ci.sh: retrace.log:
/system/bin/app_process64
apitrace: warning: caught signal 6
742330: error: caught an unhandled exception
trace-replay-ci.sh: tail of mobilegl.log:
[05:52:33] [Android mgl-srv-apply/INFO]:     VK_QCOM_render_pass_shader_resolve (r.4)
[05:52:33] [Android mgl-srv-apply/INFO]:     VK_KHR_maintenance1 (r.2)
[05:52:33] [Android mgl-srv-apply/INFO]:     VK_KHR_maintenance2 (r.1)
[05:52:33] [Android mgl-srv-apply/INFO]:     VK_KHR_maintenance3 (r.1)
[05:52:33] [Android mgl-srv-apply/INFO]:     VK_KHR_maintenance4 (r.2)
[05:52:33] [Android mgl-srv-apply/INFO]:     VK_KHR_maintenance5 (r.1)
[05:52:33] [Android mgl-srv-apply/INFO]:     VK_KHR_maintenance6 (r.1)
[05:52:33] [Android mgl-srv-apply/INFO]:     VK_KHR_separate_depth_stencil_layouts (r.1)
[05:52:33] [Android mgl-srv-apply/INFO]:     VK_EXT_image_robustness (r.1)
[05:52:33] [Android mgl-srv-apply/INFO]:     VK_EXT_calibrated_timestamps (r.2)
[05:52:33] [Android mgl-srv-apply/INFO]:     VK_KHR_buffer_device_address (r.1)
[05:52:33] [Android mgl-srv-apply/INFO]:     VK_EXT_extended_dynamic_state (r.1)
[05:52:33] [Android mgl-srv-apply/INFO]:     VK_EXT_queue_family_foreign (r.1)
[05:52:33] [Android mgl-srv-apply/INFO]:     VK_KHR_shader_quad_control (r.1)
[05:52:33] [Android mgl-srv-apply/INFO]:     VK_EXT_image_view_min_lod (r.1)
[05:52:33] [Android mgl-srv-apply/INFO]:     VK_ANDROID_external_format_resolve (r.1)
[05:52:33] [Android mgl-srv-apply/INFO]:     VK_QCOM_ycbcr_degamma (r.1)
[05:52:33] [Android mgl-srv-apply/INFO]:     VK_KHR_bind_memory2 (r.1)
[05:52:33] [Android mgl-srv-apply/INFO]:     VK_EXT_pipeline_protected_access (r.1)
[05:52:33] [Android mgl-srv-apply/INFO]:     VK_KHR_external_semaphore (r.1)
[05:52:33] [Android mgl-srv-apply/INFO]:     VK_KHR_shader_terminate_invocation (r.1)
[05:52:33] [Android mgl-srv-apply/INFO]:     VK_QCOM_fragment_density_map_offset (r.2)
[05:52:33] [Android mgl-srv-apply/INFO]:     VK_EXT_scalar_block_layout (r.1)
[05:52:33] [Android mgl-srv-apply/INFO]:     VK_KHR_map_memory2 (r.1)
[05:52:33] [Android mgl-srv-apply/INFO]:     VK_EXT_load_store_op_none (r.1)
[05:52:33] [Android mgl-srv-apply/INFO]:     VK_KHR_load_store_op_none (r.1)
[05:52:33] [Android mgl-srv-apply/INFO]:     VK_KHR_shader_maximal_reconvergence (r.1)
[05:52:33] [Android mgl-srv-apply/INFO]:     VK_KHR_sampler_ycbcr_conversion (r.14)
[05:52:33] [Android mgl-srv-apply/INFO]:     VK_EXT_vertex_attribute_divisor (r.3)
[05:52:33] [Android mgl-srv-apply/INFO]:     VK_KHR_variable_pointers (r.1)
[05:52:33] [Android mgl-srv-apply/INFO]:     VK_QCOM_multiview_per_view_viewports (r.1)
[05:52:33] [Android mgl-srv-apply/INFO]:     VK_KHR_ray_query (r.1)
[05:52:33] [Android mgl-srv-apply/INFO]:     VK_EXT_primitives_generated_query (r.1)
[05:52:33] [Android mgl-srv-apply/INFO]:     VK_KHR_push_descriptor (r.2)
[05:52:33] [Android mgl-srv-apply/INFO]:     VK_KHR_timeline_semaphore (r.2)
[05:52:33] [Android mgl-srv-apply/INFO]:     VK_EXT_device_memory_report (r.2)
[05:52:33] [Android mgl-srv-apply/INFO]:     VK_KHR_shader_subgroup_rotate (r.2)
[05:52:33] [Android mgl-srv-apply/INFO]:     VK_KHR_imageless_framebuffer (r.1)
[05:52:33] [Android mgl-srv-apply/INFO]:     VK_KHR_device_group (r.4)
[05:52:33] [Android mgl-srv-apply/INFO]:     VK_EXT_device_fault (r.2)
[05:52:33] [Android mgl-srv-apply/INFO]:     VK_KHR_relaxed_block_layout (r.1)
[05:52:33] [Android mgl-srv-apply/INFO]:     VK_KHR_shader_expect_assume (r.1)
[05:52:33] [Android mgl-srv-apply/INFO]:     VK_KHR_shader_atomic_int64 (r.1)
[05:52:33] [Android mgl-srv-apply/INFO]:     VK_KHR_external_fence (r.1)
[05:52:33] [Android mgl-srv-apply/INFO]:     VK_KHR_shader_non_semantic_info (r.1)
[05:52:33] [Android mgl-srv-apply/INFO]:     VK_EXT_shader_atomic_float (r.1)
[05:52:33] [Android mgl-srv-apply/INFO]:     VK_EXT_custom_border_color (r.12)
[05:52:33] [Android mgl-srv-apply/INFO]:     VK_EXT_host_query_reset (r.1)
[05:52:33] [Android mgl-srv-apply/INFO]:     VK_EXT_index_type_uint8 (r.1)
[05:52:33] [Android mgl-srv-apply/INFO]:     VK_KHR_multiview (r.1)
[05:52:33] [Android mgl-srv-apply/INFO]:     VK_KHR_storage_buffer_storage_class (r.1)
[05:52:33] [Android mgl-srv-apply/INFO]:     VK_EXT_fragment_density_map2 (r.1)
[05:52:33] [Android mgl-srv-apply/INFO]:     VK_QCOM_filter_cubic_weights (r.1)
[05:52:33] [Android mgl-srv-apply/INFO]:     VK_KHR_workgroup_memory_explicit_layout (r.1)
[05:52:33] [Android mgl-srv-apply/INFO]:     VK_QCOM_rotated_copy_commands (r.2)
[05:52:33] [Android mgl-srv-apply/INFO]:     VK_KHR_shader_subgroup_extended_types (r.1)
[05:52:33] [Android mgl-srv-apply/INFO]:     VK_EXT_external_memory_acquire_unmodified (r.1)
[05:52:33] [Android mgl-srv-apply/INFO]:     VK_EXT_private_data (r.1)
[05:52:33] [Android mgl-srv-apply/INFO]:     VK_EXT_descriptor_buffer (r.1)
[05:52:33] [Android mgl-srv-apply/INFO]:     VK_EXT_conditional_rendering (r.2)
[05:52:33] [Android mgl-srv-apply/INFO]:     VK_EXT_mutable_descriptor_type (r.1)
[05:52:33] [Android mgl-srv-apply/INFO]:     VK_EXT_pipeline_creation_cache_control (r.3)
[05:52:33] [Android mgl-srv-apply/INFO]:     VK_EXT_robustness2 (r.1)
[05:52:33] [Android mgl-srv-apply/INFO]:     VK_KHR_shader_clock (r.1)
[05:52:33] [Android mgl-srv-apply/INFO]:     VK_EXT_shader_module_identifier (r.1)
[05:52:33] [Android mgl-srv-apply/INFO]:     VK_KHR_vertex_attribute_divisor (r.1)
[05:52:33] [Android mgl-srv-apply/INFO]:     VK_EXT_global_priority_query (r.1)
[05:52:33] [Android mgl-srv-apply/INFO]:     VK_EXT_separate_stencil_usage (r.1)
[05:52:33] [Android mgl-srv-apply/INFO]:     VK_EXT_border_color_swizzle (r.1)
[05:52:33] [Android mgl-srv-apply/INFO]:     VK_EXT_vertex_input_dynamic_state (r.2)
[05:52:33] [Android mgl-srv-apply/INFO]:     VK_IMG_filter_cubic (r.1)
[05:52:33] [Android mgl-srv-apply/INFO]:     VK_EXT_filter_cubic (r.3)
[05:52:33] [Android mgl-srv-apply/INFO]:     VK_EXT_shader_subgroup_vote (r.1)
[05:52:33] [Android mgl-srv-apply/INFO]:     VK_EXT_device_address_binding_report (r.1)
[05:52:33] [Android mgl-srv-apply/INFO]:     VK_NV_optical_flow (r.1)
[05:52:33] [Android mgl-srv-apply/INFO]:     VK_QCOM_tile_properties (r.1)
[05:52:33] [Android mgl-srv-apply/INFO]:     VK_KHR_image_format_list (r.1)
[05:52:33] [Android mgl-srv-apply/INFO]:     VK_EXT_sampler_filter_minmax (r.2)
[05:52:33] [Android mgl-srv-apply/INFO]:     VK_KHR_16bit_storage (r.1)
[05:52:33] [Android mgl-srv-apply/INFO]:     VK_EXT_shader_viewport_index_layer (r.1)
[05:52:33] [Android mgl-srv-apply/INFO]:     VK_KHR_pipeline_executable_properties (r.1)
[05:52:33] [Android mgl-srv-apply/INFO]:     VK_EXT_shader_demote_to_helper_invocation (r.1)
[05:52:33] [Android mgl-srv-apply/INFO]:     VK_EXT_color_write_enable (r.1)
[05:52:33] [Android mgl-srv-apply/INFO]:     VK_KHR_dynamic_rendering_local_read (r.1)
[05:52:33] [Android mgl-srv-apply/INFO]:     VK_QCOM_render_pass_transform (r.4)
[05:52:33] [Android mgl-srv-apply/INFO]:     VK_KHR_create_renderpass2 (r.1)
[05:52:33] [Android mgl-srv-apply/INFO]:     VK_EXT_shader_image_atomic_int64 (r.1)
[05:52:33] [Android mgl-srv-apply/INFO]:     VK_KHR_acceleration_structure (r.13)
[05:52:33] [Android mgl-srv-apply/INFO]:     VK_EXT_depth_clip_control (r.1)
[05:52:33] [Android mgl-srv-apply/INFO]:     VK_EXT_transform_feedback (r.1)
[05:52:33] [Android mgl-srv-apply/INFO]:     VK_EXT_blend_operation_advanced (r.2)
[05:52:33] [Android mgl-srv-apply/INFO]:     VK_EXT_provoking_vertex (r.1)
[05:52:33] [Android mgl-srv-apply/INFO]:     VK_KHR_8bit_storage (r.1)
[05:52:33] [Android mgl-srv-apply/INFO]:     VK_QCOM_multiview_per_view_render_areas (r.1)
[05:52:33] [Android mgl-srv-apply/INFO]:     VK_EXT_inline_uniform_block (r.1)
[05:52:33] [Android mgl-srv-apply/INFO]:     VK_EXT_shader_subgroup_ballot (r.1)
[05:52:33] [Android mgl-srv-apply/INFO]:     VK_KHR_depth_stencil_resolve (r.1)
[05:52:33] [Android mgl-srv-apply/INFO]:     VK_KHR_shader_float_controls (r.4)
[05:52:33] [Android mgl-srv-apply/INFO]:     VK_EXT_texture_compression_astc_hdr (r.1)
[05:52:33] [Android mgl-srv-apply/INFO]:     VK_EXT_global_priority (r.2)
[05:52:33] [Android mgl-srv-apply/INFO]:     VK_EXT_4444_formats (r.1)
[05:52:33] [Android mgl-srv-apply/INFO]:     VK_KHR_shader_draw_parameters (r.1)
[05:52:33] [Android mgl-srv-apply/INFO]:     VK_KHR_vulkan_memory_model (r.3)
[05:52:33] [Android mgl-srv-apply/INFO]:     VK_EXT_descriptor_indexing (r.2)
[05:52:33] [Android mgl-srv-apply/INFO]:     VK_EXT_depth_clip_enable (r.1)
[05:52:33] [Android mgl-srv-apply/INFO]:     VK_KHR_synchronization2 (r.1)
[05:52:33] [Android mgl-srv-apply/INFO]:     VK_KHR_shader_integer_dot_product (r.1)
[05:52:33] [Android mgl-srv-apply/INFO]:     VK_EXT_line_rasterization (r.1)
[05:52:33] [Android mgl-srv-apply/INFO]:     VK_KHR_line_rasterization (r.1)
[05:52:33] [Android mgl-srv-apply/INFO]:     VK_QCOM_image_processing (r.1)
[05:52:33] [Android mgl-srv-apply/INFO]:     VK_KHR_shader_float_controls2 (r.1)
[05:52:33] [Android mgl-srv-apply/INFO]:     VK_KHR_fragment_shading_rate (r.2)
[05:52:33] [Android mgl-srv-apply/INFO]:     VK_KHR_descriptor_update_template (r.1)
[05:52:33] [Android mgl-srv-apply/INFO]:     VK_KHR_draw_indirect_count (r.1)
[05:52:33] [Android mgl-srv-apply/INFO]:     VK_KHR_driver_properties (r.1)
[05:52:33] [Android mgl-srv-apply/INFO]:     VK_KHR_ray_tracing_position_fetch (r.1)
[05:52:33] [Android mgl-srv-apply/INFO]:     VK_KHR_dynamic_rendering (r.1)
[05:52:33] [Android mgl-srv-apply/INFO]:     VK_KHR_zero_initialize_workgroup_memory (r.1)
[05:52:33] [Android mgl-srv-apply/INFO]:     VK_KHR_uniform_buffer_standard_layout (r.1)
[05:52:33] [Android mgl-srv-apply/INFO]:     VK_EXT_depth_clamp_zero_one (r.1)
[05:52:33] [Android mgl-srv-apply/INFO]:     VK_ANDROID_external_memory_android_hardware_buffer (r.5)
[05:52:33] [Android mgl-srv-apply/INFO]:     VK_EXT_image_2d_view_of_3d (r.1)
[05:52:33] [Android mgl-srv-apply/INFO]:     VK_EXT_extended_dynamic_state2 (r.1)
[05:52:33] [Android mgl-srv-apply/INFO]:     VK_KHR_dedicated_allocation (r.3)
[05:52:33] [Android mgl-srv-apply/INFO]:     VK_EXT_texel_buffer_alignment (r.1)
[05:52:33] [Android mgl-srv-apply/INFO]:     VK_EXT_primitive_topology_list_restart (r.1)
[05:52:33] [Android mgl-srv-apply/INFO]:     VK_EXT_rasterization_order_attachment_access (r.1)
[05:52:33] [Android mgl-srv-apply/INFO]:     VK_KHR_shader_subgroup_uniform_control_flow (r.1)
[05:52:33] [Android mgl-srv-apply/INFO]:     VK_EXT_tooling_info (r.1)
[05:52:33] [Android mgl-srv-apply/INFO]:     VK_KHR_format_feature_flags2 (r.2)
[05:52:33] [Android mgl-srv-apply/INFO]:     VK_KHR_global_priority (r.1)
[05:52:33] [Android mgl-srv-apply/INFO]:     VK_EXT_sample_locations (r.1)
[05:52:33] [Android mgl-srv-apply/INFO]:     VK_EXT_multi_draw (r.1)
[05:52:33] [Android mgl-srv-apply/INFO]:     VK_KHR_swapchain (r.70)
[05:52:33] [Android mgl-srv-apply/INFO]:     VK_KHR_sampler_mirror_clamp_to_edge (r.3)
[05:52:33] [Android mgl-srv-apply/INFO]:     VK_QCOM_image_processing2 (r.1)
[05:52:33] [Android mgl-srv-apply/INFO]:     VK_KHR_external_fence_fd (r.1)
[05:52:33] [Android mgl-srv-apply/INFO]: Required extension found: VK_KHR_swapchain
[05:52:33] [Android mgl-srv-apply/INFO]:     Picked physical device. (Reason: First suitable device)
[05:52:33] [Android mgl-srv-apply/INFO]: Picked physical device 0.
[05:52:33] [Android mgl-srv-apply/INFO]: Vulkan: multiViewport enabled; rasterizable viewports=16 (device limit 16, GL state width 16)
[05:52:33] [Android mgl-srv-apply/INFO]: Enabled optional device extension: VK_KHR_draw_indirect_count
[05:52:33] [Android mgl-srv-apply/INFO]: Enabled optional device extension: VK_KHR_shader_draw_parameters
[05:52:33] [Android mgl-srv-apply/INFO]: VK_KHR_image_format_list enabled: true
[05:52:33] [Android mgl-srv-apply/INFO]: VK_KHR_draw_indirect_count enabled: true
[05:52:33] [Android mgl-srv-apply/INFO]: Enabled optional device extension: VK_KHR_create_renderpass2
[05:52:33] [Android mgl-srv-apply/INFO]: Enabled optional device extension: VK_KHR_depth_stencil_resolve
[05:52:33] [Android mgl-srv-apply/INFO]: Vulkan: update-after-bind descriptor layouts enabled
[05:52:33] [Android mgl-srv-apply/INFO]: Enabled optional device extension: VK_KHR_index_type_uint8
[05:52:33] [Android mgl-srv-apply/INFO]: Enabled optional device extension: VK_EXT_primitive_topology_list_restart
[05:52:33] [Android mgl-srv-apply/INFO]: Enabled optional device extension: VK_EXT_custom_border_color (maxCustomBorderColorSamplers=4000)
[05:52:33] [Android mgl-srv-apply/INFO]: Enabled optional device extension: VK_EXT_subgroup_size_control (computeFullSubgroups)
[05:52:33] [Android mgl-srv-apply/INFO]: Enabled optional device extension: VK_EXT_transform_feedback
[05:52:33] [Android mgl-srv-apply/INFO]: Enabled optional device extension: VK_EXT_provoking_vertex (transformFeedbackPreservesProvokingVertex=false)
[05:52:33] [Android mgl-srv-apply/INFO]: Enabled optional device extension: VK_EXT_vertex_attribute_divisor
[05:52:33] [Android mgl-srv-apply/INFO]: Enabled optional device extension: VK_EXT_multi_draw (maxMultiDrawCount=1024)
[05:52:33] [Android mgl-srv-apply/INFO]: Device feature support: robustBufferAccess=true geometryShader=true independentBlend=true logicOp=true shaderClipDistance=true shaderCullDistance=true wideLines=true shaderInt64=true vertexStoresAtomics=true fragmentStoresAtomics=true storageImageExtendedFormats=true storageImageReadWithoutFormat=true storageImageWriteWithoutFormat=true drawIndirectFirstInstance=true multiDrawIndirect=true
[05:52:33] [Android mgl-srv-apply/INFO]: Device feature enabled: robustBufferAccess=true geometryShader=true independentBlend=true logicOp=true shaderClipDistance=true shaderCullDistance=true wideLines=true shaderInt64=true vertexStoresAtomics=true fragmentStoresAtomics=true storageImageExtendedFormats=true storageImageReadWithoutFormat=true storageImageWriteWithoutFormat=true drawIndirectFirstInstance=true multiDrawIndirect=true shaderDrawParameters=true
[05:52:33] [Android mgl-srv-apply/INFO]: Multi-draw dispatch tier: ext (VK_EXT_multi_draw=true, multiDrawIndirect=true, mode=auto)
[05:52:33] [Android mgl-srv-apply/INFO]: index type uint8 enabled: true
[05:52:33] [Android mgl-srv-apply/INFO]: Logical device created.
[05:52:33] [Android mgl-srv-apply/INFO]: Queues got successfully.
[05:52:33] [Android mgl-srv-apply/INFO]: Timer queries supported (timestampValidBits=48, timestampPeriod=52.083332 ns/tick)
[05:52:33] [Android mgl-srv-apply/INFO]: PRIMITIVES_GENERATED probe triangles: drawn=1 stream=0/1 pgq=0(0) stat=1(1)
[05:52:33] [Android mgl-srv-apply/INFO]: PRIMITIVES_GENERATED probe triangles+discard: drawn=1 stream=0/1 pgq=0(0) stat=0(1)
[05:52:33] [Android mgl-srv-apply/INFO]: PRIMITIVES_GENERATED probe patches+discard: drawn=1 stream=0/1 pgq=0(0) stat=0(1)
[05:52:33] [Android mgl-srv-apply/INFO]: PRIMITIVES_GENERATED for XFB-inactive draws will accumulate through a clipping-invocations pipeline-statistics pool
[05:52:33] [Android mgl-srv-apply/INFO]: Command pool created
[05:52:33] [Android mgl-srv-apply/INFO]: MaxFramesInFlight: configured request=3
[05:52:33] [Android mgl-srv-apply/INFO]: MaxFramesInFlight: using 3 (surface minImageCount=11, maxImageCount=64)
[05:52:33] [Android mgl-srv-apply/INFO]: CreateFrameContexts completed
[05:52:33] [Android mgl-srv-apply/INFO]: DirectVulkan: using 256 program descriptor bindings
[05:52:33] [Android mgl-srv-apply/INFO]: Got 5 surface formats:
[05:52:33] [Android mgl-srv-apply/INFO]: Picked surface format: [VK_FORMAT_R8G8B8A8_UNORM, VK_COLOR_SPACE_SRGB_NONLINEAR_KHR]
[05:52:33] [Android mgl-srv-apply/INFO]: Got 4 present modes:
[05:52:33] [Android mgl-srv-apply/INFO]: Picked present mode: VK_PRESENT_MODE_MAILBOX_KHR
[05:52:33] [Android mgl-srv-apply/INFO]: Set minImageCount = 11
[05:52:33] [Android mgl-srv-apply/INFO]: Swapchain currentTransform = VK_SURFACE_TRANSFORM_IDENTITY_BIT_KHR
[05:52:33] [Android mgl-srv-apply/INFO]: Swapchain imageUsage = 0x13 (supportedUsageFlags = 0x9f)
[05:52:33] [Android mgl-srv-apply/INFO]: Set swapchain preTransform = VK_SURFACE_TRANSFORM_IDENTITY_BIT_KHR
[05:52:33] [Android mgl-srv-apply/INFO]: Swapchain image views created
[05:52:33] [Android mgl-srv-apply/INFO]: Swapchain created, extent = 854x480, swapchain imageCount = 11
[05:52:33] [Android mgl-srv-apply/INFO]: DirectVulkan: suppressing depth writes on accumulation-blended pipelines (driver lacks cross-pipeline position invariance)
[05:52:33] [Android mgl-srv-apply/INFO]: Vulkan shader subgroup support: detected=true advertised=true size=64 stages=0x30 operations=0x2bf
[05:52:33] [Android mgl-srv-apply/INFO]: DirectVulkan: clamped GL_MAX_COMPUTE_SHADER_STORAGE_BLOCKS from 16777216 to 256
[05:52:33] [Android mgl-srv-apply/INFO]: DirectVulkan: clamped GL_MAX_COMBINED_SHADER_STORAGE_BLOCKS from 16777216 to 256
[05:52:33] [Android mgl-srv-apply/INFO]: DirectVulkan: clamped GL_MAX_COMPUTE_UNIFORM_BLOCKS from 16777216 to 256
[05:52:33] [Android mgl-srv-apply/INFO]: DirectVulkan: clamped GL_MAX_SHADER_STORAGE_BUFFER_BINDINGS from 16777216 to 256
[05:52:33] [Android mgl-srv-apply/INFO]: DirectVulkan: clamped GL_MAX_UNIFORM_BUFFER_BINDINGS from 16777216 to 256
[05:52:33] [Android mgl-srv-apply/INFO]: DirectVulkan: clamped GL_MAX_SHADER_STORAGE_BLOCK_SIZE from 2147483647 to 536870912
[05:52:33] [Android mgl-srv-apply/ERROR]: NormalizePixelFormat: outFormat: unhandled internalFormat: GL_STENCIL_INDEX8
[05:52:33] [Android mgl-srv-apply/ERROR]: NormalizePixelFormat: outType: unhandled internalFormat: GL_STENCIL_INDEX8
[05:52:33] [Android mgl-srv-apply/INFO]: Vulkan shader subgroup support: detected=true advertised=true size=64 stages=0x30 operations=0x2bf
[05:52:33] [Android mgl-srv-apply/INFO]: DirectVulkan: clamped GL_MAX_COMPUTE_SHADER_STORAGE_BLOCKS from 16777216 to 256
[05:52:33] [Android mgl-srv-apply/INFO]: DirectVulkan: clamped GL_MAX_COMBINED_SHADER_STORAGE_BLOCKS from 16777216 to 256
[05:52:33] [Android mgl-srv-apply/INFO]: DirectVulkan: clamped GL_MAX_COMPUTE_UNIFORM_BLOCKS from 16777216 to 256
[05:52:33] [Android mgl-srv-apply/INFO]: DirectVulkan: clamped GL_MAX_SHADER_STORAGE_BUFFER_BINDINGS from 16777216 to 256
[05:52:33] [Android mgl-srv-apply/INFO]: DirectVulkan: clamped GL_MAX_UNIFORM_BUFFER_BINDINGS from 16777216 to 256
[05:52:33] [Android mgl-srv-apply/INFO]: DirectVulkan: clamped GL_MAX_SHADER_STORAGE_BLOCK_SIZE from 2147483647 to 536870912
[05:52:35] [Android mgl-srv-apply/WARN]: GetOrCreatePipeline: patching vertex input location=4 format=82 -> 80 to match shader input type=35666 for program=7
trace-replay-ci.sh: recent relevant logcat lines:
09-23 05:52:33.873 11250 11251 I MobileGL: [05:52:33] [Android mgl-srv-apply/INFO]:     Picked physical device. (Reason: First suitable device)
09-23 05:52:33.873 11250 11251 I MobileGL: [05:52:33] [Android mgl-srv-apply/INFO]: Picked physical device 0.
09-23 05:52:33.873 11250 11251 I MobileGL: [05:52:33] [Android mgl-srv-apply/INFO]: Vulkan: multiViewport enabled; rasterizable viewports=16 (device limit 16, GL state width 16)
09-23 05:52:33.874 11250 11251 I MobileGL: [05:52:33] [Android mgl-srv-apply/INFO]: Enabled optional device extension: VK_KHR_draw_indirect_count
09-23 05:52:33.874 11250 11251 I MobileGL: [05:52:33] [Android mgl-srv-apply/INFO]: Enabled optional device extension: VK_KHR_shader_draw_parameters
09-23 05:52:33.874 11250 11251 I MobileGL: [05:52:33] [Android mgl-srv-apply/INFO]: VK_KHR_image_format_list enabled: true
09-23 05:52:33.874 11250 11251 I MobileGL: [05:52:33] [Android mgl-srv-apply/INFO]: VK_KHR_draw_indirect_count enabled: true
09-23 05:52:33.874 11250 11251 I MobileGL: [05:52:33] [Android mgl-srv-apply/INFO]: Enabled optional device extension: VK_KHR_create_renderpass2
09-23 05:52:33.874 11250 11251 I MobileGL: [05:52:33] [Android mgl-srv-apply/INFO]: Enabled optional device extension: VK_KHR_depth_stencil_resolve
09-23 05:52:33.874 11250 11251 I MobileGL: [05:52:33] [Android mgl-srv-apply/INFO]: Vulkan: update-after-bind descriptor layouts enabled
09-23 05:52:33.874 11250 11251 I MobileGL: [05:52:33] [Android mgl-srv-apply/INFO]: Enabled optional device extension: VK_KHR_index_type_uint8
09-23 05:52:33.874 11250 11251 I MobileGL: [05:52:33] [Android mgl-srv-apply/INFO]: Enabled optional device extension: VK_EXT_primitive_topology_list_restart
09-23 05:52:33.874 11250 11251 I MobileGL: [05:52:33] [Android mgl-srv-apply/INFO]: Enabled optional device extension: VK_EXT_custom_border_color (maxCustomBorderColorSamplers=4000)
09-23 05:52:33.874 11250 11251 I MobileGL: [05:52:33] [Android mgl-srv-apply/INFO]: Enabled optional device extension: VK_EXT_subgroup_size_control (computeFullSubgroups)
09-23 05:52:33.874 11250 11251 I MobileGL: [05:52:33] [Android mgl-srv-apply/INFO]: Enabled optional device extension: VK_EXT_transform_feedback
09-23 05:52:33.874 11250 11251 I MobileGL: [05:52:33] [Android mgl-srv-apply/INFO]: Enabled optional device extension: VK_EXT_provoking_vertex (transformFeedbackPreservesProvokingVertex=false)
09-23 05:52:33.874 11250 11251 I MobileGL: [05:52:33] [Android mgl-srv-apply/INFO]: Enabled optional device extension: VK_EXT_vertex_attribute_divisor
09-23 05:52:33.874 11250 11251 I MobileGL: [05:52:33] [Android mgl-srv-apply/INFO]: Enabled optional device extension: VK_EXT_multi_draw (maxMultiDrawCount=1024)
09-23 05:52:33.874 11250 11251 I MobileGL: [05:52:33] [Android mgl-srv-apply/INFO]: Device feature support: robustBufferAccess=true geometryShader=true independentBlend=true logicOp=true shaderClipDistance=true shaderCullDistance=true wideLines=true shaderInt64=true vertexStoresAtomics=true fragmentStoresAtomics=true storageImageExtendedFormats=true storageImageReadWithoutFormat=true storageImageWriteWithoutFormat=true drawIndirectFirstInstance=true multiDrawIndirect=true
09-23 05:52:33.874 11250 11251 I MobileGL: [05:52:33] [Android mgl-srv-apply/INFO]: Device feature enabled: robustBufferAccess=true geometryShader=true independentBlend=true logicOp=true shaderClipDistance=true shaderCullDistance=true wideLines=true shaderInt64=true vertexStoresAtomics=true fragmentStoresAtomics=true storageImageExtendedFormats=true storageImageReadWithoutFormat=true storageImageWriteWithoutFormat=true drawIndirectFirstInstance=true multiDrawIndirect=true shaderDrawParameters=true
09-23 05:52:33.875 11250 11251 I MobileGL: [05:52:33] [Android mgl-srv-apply/INFO]: Multi-draw dispatch tier: ext (VK_EXT_multi_draw=true, multiDrawIndirect=true, mode=auto)
09-23 05:52:33.875 11250 11251 I MobileGL: [05:52:33] [Android mgl-srv-apply/INFO]: index type uint8 enabled: true
09-23 05:52:33.875 11250 11251 I MobileGL: [05:52:33] [Android mgl-srv-apply/INFO]: Logical device created.
09-23 05:52:33.875 11250 11251 I MobileGL: [05:52:33] [Android mgl-srv-apply/INFO]: Queues got successfully.
09-23 05:52:33.875 11250 11251 I MobileGL: [05:52:33] [Android mgl-srv-apply/INFO]: Timer queries supported (timestampValidBits=48, timestampPeriod=52.083332 ns/tick)
09-23 05:52:33.893 11250 11251 I MobileGL: [05:52:33] [Android mgl-srv-apply/INFO]: PRIMITIVES_GENERATED probe triangles: drawn=1 stream=0/1 pgq=0(0) stat=1(1)
09-23 05:52:33.893 11250 11251 I MobileGL: [05:52:33] [Android mgl-srv-apply/INFO]: PRIMITIVES_GENERATED probe triangles+discard: drawn=1 stream=0/1 pgq=0(0) stat=0(1)
09-23 05:52:33.893 11250 11251 I MobileGL: [05:52:33] [Android mgl-srv-apply/INFO]: PRIMITIVES_GENERATED probe patches+discard: drawn=1 stream=0/1 pgq=0(0) stat=0(1)
09-23 05:52:33.893 11250 11251 I MobileGL: [05:52:33] [Android mgl-srv-apply/INFO]: PRIMITIVES_GENERATED for XFB-inactive draws will accumulate through a clipping-invocations pipeline-statistics pool
09-23 05:52:33.893 11250 11251 I MobileGL: [05:52:33] [Android mgl-srv-apply/INFO]: Command pool created
09-23 05:52:33.893 11250 11251 I MobileGL: [05:52:33] [Android mgl-srv-apply/INFO]: MaxFramesInFlight: configured request=3
09-23 05:52:33.893 11250 11251 I MobileGL: [05:52:33] [Android mgl-srv-apply/INFO]: MaxFramesInFlight: using 3 (surface minImageCount=11, maxImageCount=64)
09-23 05:52:33.893 11250 11251 I MobileGL: [05:52:33] [Android mgl-srv-apply/INFO]: CreateFrameContexts completed
09-23 05:52:33.893 11250 11251 I MobileGL: [05:52:33] [Android mgl-srv-apply/INFO]: DirectVulkan: using 256 program descriptor bindings
09-23 05:52:33.894 11250 11251 I MobileGL: [05:52:33] [Android mgl-srv-apply/INFO]: Got 5 surface formats:
09-23 05:52:33.894 11250 11251 I MobileGL: [05:52:33] [Android mgl-srv-apply/INFO]: Picked surface format: [VK_FORMAT_R8G8B8A8_UNORM, VK_COLOR_SPACE_SRGB_NONLINEAR_KHR]
09-23 05:52:33.894 11250 11251 I MobileGL: [05:52:33] [Android mgl-srv-apply/INFO]: Got 4 present modes:
09-23 05:52:33.894 11250 11251 I MobileGL: [05:52:33] [Android mgl-srv-apply/INFO]: Picked present mode: VK_PRESENT_MODE_MAILBOX_KHR
09-23 05:52:33.894 11250 11251 I MobileGL: [05:52:33] [Android mgl-srv-apply/INFO]: Set minImageCount = 11
09-23 05:52:33.894 11250 11251 I MobileGL: [05:52:33] [Android mgl-srv-apply/INFO]: Swapchain currentTransform = VK_SURFACE_TRANSFORM_IDENTITY_BIT_KHR
09-23 05:52:33.894 11250 11251 I MobileGL: [05:52:33] [Android mgl-srv-apply/INFO]: Swapchain imageUsage = 0x13 (supportedUsageFlags = 0x9f)
09-23 05:52:33.894 11250 11251 I MobileGL: [05:52:33] [Android mgl-srv-apply/INFO]: Set swapchain preTransform = VK_SURFACE_TRANSFORM_IDENTITY_BIT_KHR
09-23 05:52:33.896 11250 11251 I MobileGL: [05:52:33] [Android mgl-srv-apply/INFO]: Swapchain image views created
09-23 05:52:33.899 11250 11251 I MobileGL: [05:52:33] [Android mgl-srv-apply/INFO]: Swapchain created, extent = 854x480, swapchain imageCount = 11
09-23 05:52:33.899 11250 11251 I MobileGL: [05:52:33] [Android mgl-srv-apply/INFO]: DirectVulkan: suppressing depth writes on accumulation-blended pipelines (driver lacks cross-pipeline position invariance)
09-23 05:52:33.899 11250 11251 I MobileGL: [05:52:33] [Android mgl-srv-apply/INFO]: Vulkan shader subgroup support: detected=true advertised=true size=64 stages=0x30 operations=0x2bf
09-23 05:52:33.899 11250 11251 I MobileGL: [05:52:33] [Android mgl-srv-apply/INFO]: DirectVulkan: clamped GL_MAX_COMPUTE_SHADER_STORAGE_BLOCKS from 16777216 to 256
09-23 05:52:33.899 11250 11251 I MobileGL: [05:52:33] [Android mgl-srv-apply/INFO]: DirectVulkan: clamped GL_MAX_COMBINED_SHADER_STORAGE_BLOCKS from 16777216 to 256
09-23 05:52:33.899 11250 11251 I MobileGL: [05:52:33] [Android mgl-srv-apply/INFO]: DirectVulkan: clamped GL_MAX_COMPUTE_UNIFORM_BLOCKS from 16777216 to 256
09-23 05:52:33.899 11250 11251 I MobileGL: [05:52:33] [Android mgl-srv-apply/INFO]: DirectVulkan: clamped GL_MAX_SHADER_STORAGE_BUFFER_BINDINGS from 16777216 to 256
09-23 05:52:33.899 11250 11251 I MobileGL: [05:52:33] [Android mgl-srv-apply/INFO]: DirectVulkan: clamped GL_MAX_UNIFORM_BUFFER_BINDINGS from 16777216 to 256
09-23 05:52:33.899 11250 11251 I MobileGL: [05:52:33] [Android mgl-srv-apply/INFO]: DirectVulkan: clamped GL_MAX_SHADER_STORAGE_BLOCK_SIZE from 2147483647 to 536870912
09-23 05:52:33.899 11250 11251 E MobileGL: [05:52:33] [Android mgl-srv-apply/ERROR]: NormalizePixelFormat: outFormat: unhandled internalFormat: GL_STENCIL_INDEX8
09-23 05:52:33.899 11250 11251 E MobileGL: [05:52:33] [Android mgl-srv-apply/ERROR]: NormalizePixelFormat: outType: unhandled internalFormat: GL_STENCIL_INDEX8
09-23 05:52:33.901  9898 11249 I MobileGL: [05:52:33] [Android MobileGLTraceRe/INFO]: MG_Remote client: CapsMirror generation 2 adopted (backend=1, callMask=0x3fff00000474)
09-23 05:52:33.901  9898 11249 I MobileGL: [05:52:33] [Android MobileGLTraceRe/INFO]: MG_Remote client: format capabilities filled from caps mirror generation 2
09-23 05:52:33.901 11250 11251 I MobileGL: [05:52:33] [Android mgl-srv-apply/INFO]: Vulkan shader subgroup support: detected=true advertised=true size=64 stages=0x30 operations=0x2bf
09-23 05:52:33.901 11250 11251 I MobileGL: [05:52:33] [Android mgl-srv-apply/INFO]: DirectVulkan: clamped GL_MAX_COMPUTE_SHADER_STORAGE_BLOCKS from 16777216 to 256
09-23 05:52:33.901 11250 11251 I MobileGL: [05:52:33] [Android mgl-srv-apply/INFO]: DirectVulkan: clamped GL_MAX_COMBINED_SHADER_STORAGE_BLOCKS from 16777216 to 256
09-23 05:52:33.901 11250 11251 I MobileGL: [05:52:33] [Android mgl-srv-apply/INFO]: DirectVulkan: clamped GL_MAX_COMPUTE_UNIFORM_BLOCKS from 16777216 to 256
09-23 05:52:33.901 11250 11251 I MobileGL: [05:52:33] [Android mgl-srv-apply/INFO]: DirectVulkan: clamped GL_MAX_SHADER_STORAGE_BUFFER_BINDINGS from 16777216 to 256
09-23 05:52:33.901 11250 11251 I MobileGL: [05:52:33] [Android mgl-srv-apply/INFO]: DirectVulkan: clamped GL_MAX_UNIFORM_BUFFER_BINDINGS from 16777216 to 256
09-23 05:52:33.901 11250 11251 I MobileGL: [05:52:33] [Android mgl-srv-apply/INFO]: DirectVulkan: clamped GL_MAX_SHADER_STORAGE_BLOCK_SIZE from 2147483647 to 536870912
09-23 05:52:33.903  9898 11249 I MobileGL: [05:52:33] [Android MobileGLTraceRe/INFO]: MG_Remote client: CapsMirror generation 3 adopted (backend=1, callMask=0x3fff00000474)
09-23 05:52:33.903  9898 11249 I MobileGL: [05:52:33] [Android MobileGLTraceRe/INFO]: MG_Remote client: format capabilities filled from caps mirror generation 3
09-23 05:52:33.907  9898 11249 W MobileGL: [05:52:33] [Android MobileGLTraceRe/WARN]: Stub function: glDebugMessageControl(...)
09-23 05:52:35.127 11250 11251 W MobileGL: [05:52:35] [Android mgl-srv-apply/WARN]: GetOrCreatePipeline: patching vertex input location=4 format=82 -> 80 to match shader input type=35666 for program=7
09-23 05:52:36.218  7990  8728 I libc    : kill: send 15 to pid 11277
09-23 05:52:36.218  7990  8728 I libc    : debug pid reuse, real pid 11277
09-23 05:52:36.359  7990  8728 I libc    : kill: send 15 to pid 11281
09-23 05:52:36.360  7990  8728 I libc    : debug pid reuse, real pid 11281
09-23 05:52:36.833  3176  4283 E HyperSentinel: ->pid:11250,processName:"/data/app/~~akdT06-gXbOh3E9-_kUo3g==/top.mobilegl.plugin.p7w1.trace-LcyZ79iMzP_ykaj5F2SxQw==/lib/arm64/libMobileGLServer",Rss Memory Size Change 541472kb -> 650172kb
09-23 05:52:37.148  3176  4283 E HyperSentinel: ->pid:11250,processName:"/data/app/~~akdT06-gXbOh3E9-_kUo3g==/top.mobilegl.plugin.p7w1.trace-LcyZ79iMzP_ykaj5F2SxQw==/lib/arm64/libMobileGLServer",Rss Memory Size Change 650172kb -> 784260kb
09-23 05:52:37.378  3176  4283 E HyperSentinel: ->pid:11250,processName:"/data/app/~~akdT06-gXbOh3E9-_kUo3g==/top.mobilegl.plugin.p7w1.trace-LcyZ79iMzP_ykaj5F2SxQw==/lib/arm64/libMobileGLServer",Rss Memory Size Change 784260kb -> 866576kb
09-23 05:52:37.558  3176  4283 E HyperSentinel: ->pid:11250,processName:"/data/app/~~akdT06-gXbOh3E9-_kUo3g==/top.mobilegl.plugin.p7w1.trace-LcyZ79iMzP_ykaj5F2SxQw==/lib/arm64/libMobileGLServer",Rss Memory Size Change 866576kb -> 959388kb
09-23 05:52:37.800  3176  4283 E HyperSentinel: ->pid:11250,processName:"/data/app/~~akdT06-gXbOh3E9-_kUo3g==/top.mobilegl.plugin.p7w1.trace-LcyZ79iMzP_ykaj5F2SxQw==/lib/arm64/libMobileGLServer",Rss Memory Size Change 959388kb -> 1056260kb
09-23 05:52:38.069  3176  4283 E HyperSentinel: ->pid:11250,processName:"/data/app/~~akdT06-gXbOh3E9-_kUo3g==/top.mobilegl.plugin.p7w1.trace-LcyZ79iMzP_ykaj5F2SxQw==/lib/arm64/libMobileGLServer",Rss Memory Size Change 1056260kb -> 1162300kb
09-23 05:52:38.141 11250 11251 I libc    : handling signal: 6
09-23 05:52:38.141 11250 11251 F libc    : Fatal signal 6 (SIGABRT), code -1 (SI_QUEUE) in tid 11251 (mgl-srv-apply), pid 11250 (libMobileGLServ)
09-23 05:52:38.141 11250 11251 I libc    : debuggerd_dispatch_pseudothread start. crashing tid: 11251
09-23 05:52:38.253 11250 11251 I libc    : crash_dump pid: 11296
09-23 05:52:38.347 11296 11296 W libc    : Access denied finding property "persist.vendor.track.malloc.enable"
09-23 05:52:38.347 11296 11296 W libc    : Access denied finding property "persist.vendor.fd.monitor.enable"
09-23 05:52:39.074 11309 11309 F DEBUG   : Cmdline: /data/app/~~akdT06-gXbOh3E9-_kUo3g==/top.mobilegl.plugin.p7w1.trace-LcyZ79iMzP_ykaj5F2SxQw==/lib/arm64/libMobileGLServer.so @mgl-9898-12970367430672475280
09-23 05:52:39.074 11309 11309 F DEBUG   : pid: 11250, tid: 11251, name: mgl-srv-apply  >>> /data/app/~~akdT06-gXbOh3E9-_kUo3g==/top.mobilegl.plugin.p7w1.trace-LcyZ79iMzP_ykaj5F2SxQw==/lib/arm64/libMobileGLServer.so <<<
09-23 05:52:39.074 11309 11309 F DEBUG   :       #00 pc 000000000007184c  /apex/com.android.runtime/lib64/bionic/libc.so (abort+160) (BuildId: 223a572c9f034c6a9337d8b3bedc75f3)
09-23 05:52:39.074 11309 11309 F DEBUG   :       #01 pc 000000000005d814  /apex/com.android.runtime/lib64/bionic/libc.so (scudo::die()+12) (BuildId: 223a572c9f034c6a9337d8b3bedc75f3)
09-23 05:52:39.074 11309 11309 F DEBUG   :       #02 pc 000000000005e264  /apex/com.android.runtime/lib64/bionic/libc.so (scudo::reportRawError(char const*)+32) (BuildId: 223a572c9f034c6a9337d8b3bedc75f3)
09-23 05:52:39.074 11309 11309 F DEBUG   :       #03 pc 000000000005eb04  /apex/com.android.runtime/lib64/bionic/libc.so (scudo::reportMapError(unsigned long)+176) (BuildId: 223a572c9f034c6a9337d8b3bedc75f3)
09-23 05:52:39.074 11309 11309 F DEBUG   :       #04 pc 000000000005de68  /apex/com.android.runtime/lib64/bionic/libc.so (scudo::MemMapLinux::remapImpl(unsigned long, unsigned long, char const*, unsigned long)+216) (BuildId: 223a572c9f034c6a9337d8b3bedc75f3)
09-23 05:52:39.074 11309 11309 F DEBUG   :       #05 pc 0000000000063618  /apex/com.android.runtime/lib64/bionic/libc.so (scudo::SizeClassAllocator64<scudo::PrimaryConfig<scudo::AndroidNormalConfig>>::populateFreeListAndPopBlocks(scudo::SizeClassAllocatorLocalCache<scudo::SizeClassAllocator64<scudo::PrimaryConfig<scudo::AndroidNormalConfig>>>*, unsigned long, scudo::SizeClassAllocator64<scudo::PrimaryConfig<scudo::AndroidNormalConfig>>::RegionInfo*, unsigned int*, unsigned short)+232) (BuildId: 223a572c9f034c6a9337d8b3bedc75f3)
09-23 05:52:39.074 11309 11309 F DEBUG   :       #06 pc 00000000000632c8  /apex/com.android.runtime/lib64/bionic/libc.so (scudo::SizeClassAllocator64<scudo::PrimaryConfig<scudo::AndroidNormalConfig>>::popBlocks(scudo::SizeClassAllocatorLocalCache<scudo::SizeClassAllocator64<scudo::PrimaryConfig<scudo::AndroidNormalConfig>>>*, unsigned long, unsigned int*, unsigned short)+244) (BuildId: 223a572c9f034c6a9337d8b3bedc75f3)
09-23 05:52:39.074 11309 11309 F DEBUG   :       #07 pc 00000000000631a8  /apex/com.android.runtime/lib64/bionic/libc.so (scudo::SizeClassAllocatorLocalCache<scudo::SizeClassAllocator64<scudo::PrimaryConfig<scudo::AndroidNormalConfig>>>::refill(scudo::SizeClassAllocatorLocalCache<scudo::SizeClassAllocator64<scudo::PrimaryConfig<scudo::AndroidNormalConfig>>>::PerClass*, unsigned long, unsigned short)+40) (BuildId: 223a572c9f034c6a9337d8b3bedc75f3)
09-23 05:52:39.074 11309 11309 F DEBUG   :       #08 pc 000000000005f9e8  /apex/com.android.runtime/lib64/bionic/libc.so (scudo::Allocator<scudo::AndroidNormalConfig, &scudo_malloc_postinit>::allocate(unsigned long, scudo::Chunk::Origin, unsigned long, bool)+416) (BuildId: 223a572c9f034c6a9337d8b3bedc75f3)
09-23 05:52:39.075 11309 11309 F DEBUG   :       #09 pc 000000000005f7c0  /apex/com.android.runtime/lib64/bionic/libc.so (scudo_calloc+52) (BuildId: 223a572c9f034c6a9337d8b3bedc75f3)
09-23 05:52:39.075 11309 11309 F DEBUG   :       #10 pc 000000000005950c  /apex/com.android.runtime/lib64/bionic/libc.so (calloc+60) (BuildId: 223a572c9f034c6a9337d8b3bedc75f3)
09-23 05:52:39.075 11309 11309 F DEBUG   :       #15 pc 000000000090f810  /data/app/~~akdT06-gXbOh3E9-_kUo3g==/top.mobilegl.plugin.p7w1.trace-LcyZ79iMzP_ykaj5F2SxQw==/lib/arm64/libMobileGL.so (BuildId: 05730fd88b3a6d8a96a82bfa51d7f8e28be3d6ff)
09-23 05:52:39.075 11309 11309 F DEBUG   :       #16 pc 0000000000888494  /data/app/~~akdT06-gXbOh3E9-_kUo3g==/top.mobilegl.plugin.p7w1.trace-LcyZ79iMzP_ykaj5F2SxQw==/lib/arm64/libMobileGL.so (BuildId: 05730fd88b3a6d8a96a82bfa51d7f8e28be3d6ff)
09-23 05:52:39.075 11309 11309 F DEBUG   :       #17 pc 0000000000884348  /data/app/~~akdT06-gXbOh3E9-_kUo3g==/top.mobilegl.plugin.p7w1.trace-LcyZ79iMzP_ykaj5F2SxQw==/lib/arm64/libMobileGL.so (BuildId: 05730fd88b3a6d8a96a82bfa51d7f8e28be3d6ff)
09-23 05:52:39.075 11309 11309 F DEBUG   :       #18 pc 00000000008a1ccc  /data/app/~~akdT06-gXbOh3E9-_kUo3g==/top.mobilegl.plugin.p7w1.trace-LcyZ79iMzP_ykaj5F2SxQw==/lib/arm64/libMobileGL.so (BuildId: 05730fd88b3a6d8a96a82bfa51d7f8e28be3d6ff)
09-23 05:52:39.075 11309 11309 F DEBUG   :       #19 pc 000000000085bf24  /data/app/~~akdT06-gXbOh3E9-_kUo3g==/top.mobilegl.plugin.p7w1.trace-LcyZ79iMzP_ykaj5F2SxQw==/lib/arm64/libMobileGL.so (BuildId: 05730fd88b3a6d8a96a82bfa51d7f8e28be3d6ff)
09-23 05:52:39.075 11309 11309 F DEBUG   :       #20 pc 00000000009ca30c  /data/app/~~akdT06-gXbOh3E9-_kUo3g==/top.mobilegl.plugin.p7w1.trace-LcyZ79iMzP_ykaj5F2SxQw==/lib/arm64/libMobileGL.so (BuildId: 05730fd88b3a6d8a96a82bfa51d7f8e28be3d6ff)
09-23 05:52:39.075 11309 11309 F DEBUG   :       #21 pc 00000000009a7594  /data/app/~~akdT06-gXbOh3E9-_kUo3g==/top.mobilegl.plugin.p7w1.trace-LcyZ79iMzP_ykaj5F2SxQw==/lib/arm64/libMobileGL.so (BuildId: 05730fd88b3a6d8a96a82bfa51d7f8e28be3d6ff)
09-23 05:52:39.075 11309 11309 F DEBUG   :       #22 pc 00000000009a7f70  /data/app/~~akdT06-gXbOh3E9-_kUo3g==/top.mobilegl.plugin.p7w1.trace-LcyZ79iMzP_ykaj5F2SxQw==/lib/arm64/libMobileGL.so (BuildId: 05730fd88b3a6d8a96a82bfa51d7f8e28be3d6ff)
09-23 05:52:39.075 11309 11309 F DEBUG   :       #23 pc 00000000009cb844  /data/app/~~akdT06-gXbOh3E9-_kUo3g==/top.mobilegl.plugin.p7w1.trace-LcyZ79iMzP_ykaj5F2SxQw==/lib/arm64/libMobileGL.so (BuildId: 05730fd88b3a6d8a96a82bfa51d7f8e28be3d6ff)
09-23 05:52:39.075 11309 11309 F DEBUG   :       #24 pc 00000000009ce934  /data/app/~~akdT06-gXbOh3E9-_kUo3g==/top.mobilegl.plugin.p7w1.trace-LcyZ79iMzP_ykaj5F2SxQw==/lib/arm64/libMobileGL.so (BuildId: 05730fd88b3a6d8a96a82bfa51d7f8e28be3d6ff)
09-23 05:52:39.075 11309 11309 F DEBUG   :       #25 pc 00000000009ce2f8  /data/app/~~akdT06-gXbOh3E9-_kUo3g==/top.mobilegl.plugin.p7w1.trace-LcyZ79iMzP_ykaj5F2SxQw==/lib/arm64/libMobileGL.so (BuildId: 05730fd88b3a6d8a96a82bfa51d7f8e28be3d6ff)
09-23 05:52:39.075 11309 11309 F DEBUG   :       #26 pc 00000000009d0630  /data/app/~~akdT06-gXbOh3E9-_kUo3g==/top.mobilegl.plugin.p7w1.trace-LcyZ79iMzP_ykaj5F2SxQw==/lib/arm64/libMobileGL.so (BuildId: 05730fd88b3a6d8a96a82bfa51d7f8e28be3d6ff)
09-23 05:52:39.075 11309 11309 F DEBUG   :       #27 pc 0000000000082d74  /apex/com.android.runtime/lib64/bionic/libc.so (__pthread_start(void*)+184) (BuildId: 223a572c9f034c6a9337d8b3bedc75f3)
09-23 05:52:39.075 11309 11309 F DEBUG   :       #28 pc 00000000000751f0  /apex/com.android.runtime/lib64/bionic/libc.so (__start_thread+68) (BuildId: 223a572c9f034c6a9337d8b3bedc75f3)
09-23 05:52:39.136  3176  3438 I libc    : kill: send 9 to pid 17004
09-23 05:52:39.136  3176  3438 I libc    : debug pid reuse, real pid 17004
09-23 05:52:39.137  3176  3422 I libc    : kill: send 9 to pid -17004
09-23 05:52:39.137  3176  3422 I libc    : debug pid reuse, real pid -17004
09-23 05:52:39.137  3176  3422 I libc    : kill: send 9 to pid -17004
09-23 05:52:39.137  3176  3422 I libc    : debug pid reuse, real pid -17004
09-23 05:52:39.387 11309 11309 I libc    : tombstoned_notify_completion, socket: 8
09-23 05:52:39.394  6687  7215 W PackageUtils: checkIsPreinstallApp: NameNotFoundException-/data/app/~~akdT06-gXbOh3E9-_kUo3g==/top.mobilegl.plugin.p7w1.trace-LcyZ79iMzP_ykaj5F2SxQw==/lib/arm64/libMobileGLServer.so
09-23 05:52:39.395  6687  7215 I TombstoneParser: ParseTombstone success, for /data/app/~~akdT06-gXbOh3E9-_kUo3g==/top.mobilegl.plugin.p7w1.trace-LcyZ79iMzP_ykaj5F2SxQw==/lib/arm64/libMobileGLServer.soin file :/data/miuilog/stability/nativecrash/tombstones/tombstone_03
09-23 05:52:39.395  6687  7215 W System.err: android.content.pm.PackageManager$NameNotFoundException: /data/app/~~akdT06-gXbOh3E9-_kUo3g==/top.mobilegl.plugin.p7w1.trace-LcyZ79iMzP_ykaj5F2SxQw==/lib/arm64/libMobileGLServer.so
09-23 05:52:39.401  6687  7097 D DigestGenerator: digest=============The device has been root;The device bootloader is unlocked;com.topjohnwu.magisk have been installed;/data/app/~~akdT06-gXbOh3E9-_kUo3g==/top.mobilegl.plugin.p7w1.trace-LcyZ79iMzP_ykaj5F2SxQw==/lib/arm64/libMobileGLServer.so /apex/com.android.runtime/lib/bionic/libc.so (abort+) ()
09-23 05:52:39.401  6687  7097 D DigestGenerator:  /apex/com.android.runtime/lib/bionic/libc.so (scudo::die()+) ()
09-23 05:52:39.401  6687  7097 D DigestGenerator:  /apex/com.android.runtime/lib/bionic/libc.so (scudo::reportRawError(char const*)+) ()
09-23 05:52:39.401  6687  7097 D DigestGenerator:  /apex/com.android.runtime/lib/bionic/libc.so (scudo::reportMapError(unsigned long)+) ()
09-23 05:52:39.401  6687  7097 D DigestGenerator:  /apex/com.android.runtime/lib/bionic/libc.so (scudo::MemMapLinux::remapImpl(unsigned long, unsigned long, char const*, unsigned long)+) ()
09-23 05:52:39.401  6687  7097 D DigestGenerator:  /apex/com.android.runtime/lib/bionic/libc.so (scudo::SizeClassAllocator<scudo::PrimaryConfig<scudo::AndroidNormalConfig>>::populateFreeListAndPopBlocks(scudo::SizeClassAllocatorLocalCache<scudo::SizeClassAllocator<scudo::PrimaryConfig<scudo::AndroidNormalConfig>>>*, unsigned long, scudo::SizeClassAllocator<scudo::PrimaryConfig<scudo::AndroidNormalConfig>>::RegionInfo*, unsigned int*, unsigned short)+) ()
09-23 05:52:39.401  6687  7097 D DigestGenerator:  /apex/com.android.runtime/lib/bionic/libc.so (scudo::SizeClassAllocator<scudo::PrimaryConfig<scudo::AndroidNormalConfig>>::popBlocks(scudo::SizeClassAllocatorLocalCache<scudo::SizeClassAllocator<scudo::PrimaryConfig<scudo::AndroidNormalConfig>>>*, unsigned long, unsigned int*, unsigned short)+) ()
09-23 05:52:39.401  6687  7097 D DigestGenerator:  /apex/com.android.runtime/lib/bionic/libc.so (scudo::SizeClassAllocatorLocalCache<scudo::SizeClassAllocator<scudo::PrimaryConfig<scudo::AndroidNormalConfig>>>::refill(scudo::SizeClassAllocatorLocalCache<scudo::SizeClassAllocator<scudo::PrimaryConfig<scudo::AndroidNormalConfig>>>::PerClass*, unsigned long, unsigned short)+) ()
09-23 05:52:39.401  6687  7097 D DigestGenerator:  /apex/com.android.runtime/lib/bionic/libc.so (scudo::Allocator<scudo::AndroidNormalConfig, &scudo_malloc_postinit>::allocate(unsigned long, scudo::Chunk::Origin, unsigned long, bool)+) ()
09-23 05:52:39.401  6687  7097 D DigestGenerator:  /apex/com.android.runtime/lib/bionic/libc.so (scudo_calloc+) ()
09-23 05:52:39.401  6687  7097 D DigestGenerator:  /apex/com.android.runtime/lib/bionic/libc.so (calloc+) ()
09-23 05:52:39.401  6687  7097 D DigestGenerator:  XXlib/arm/libMobileGL.so ()
09-23 05:52:39.401  6687  7097 D DigestGenerator:  XXlib/arm/libMobileGL.so ()
09-23 05:52:39.401  6687  7097 D DigestGenerator:  XXlib/arm/libMobileGL.so ()
09-23 05:52:39.401  6687  7097 D DigestGenerator:  XXlib/arm/libMobileGL.so ()
09-23 05:52:39.401  6687  7097 D DigestGenerator:  XXlib/arm/libMobileGL.so ()
09-23 05:52:39.401  6687  7097 D DigestGenerator:  XXlib/arm/libMobileGL.so ()
09-23 05:52:39.401  6687  7097 D DigestGenerator:  XXlib/arm/libMobileGL.so ()
09-23 05:52:39.401  6687  7097 D DigestGenerator:  XXlib/arm/libMobileGL.so ()
09-23 05:52:39.401  6687  7097 D DigestGenerator:  XXlib/arm/libMobileGL.so ()
09-23 05:52:39.401  6687  7097 D DigestGenerator:  XXlib/arm/libMobileGL.so ()
09-23 05:52:39.401  6687  7097 D DigestGenerator:  XXlib/arm/libMobileGL.so ()
09-23 05:52:39.401  6687  7097 D DigestGenerator:  XXlib/arm/libMobileGL.so ()
09-23 05:52:39.401  6687  7097 D DigestGenerator:  /apex/com.android.runtime/lib/bionic/libc.so (__pthread_start(void*)+) ()
09-23 05:52:39.401  6687  7097 D DigestGenerator:  /apex/com.android.runtime/lib/bionic/libc.so (__start_thread+) ()
09-23 05:52:39.402  6687  7097 D MiSightJni: MiSight: Java_com_miui_misight_MiSight_nativeSendEvent enter called. '{"Stacktrace":"#16 pc 0000000000888494  \/data\/app\/~~akdT06-gXbOh3E9-_kUo3g==\/top.mobilegl.plugin.p7w1.trace-LcyZ79iMzP_ykaj5F2SxQw==\/lib\/arm64\/libMobileGL.so (BuildId: 05730fd88b3a6d8a96a82bfa51d7f8e28be3d6ff)\n      #17 pc 0000000000884348  \/data\/app\/~~akdT06-gXbOh3E9-_kUo3g==\/top.mobilegl.plugin.p7w1.trace-LcyZ79iMzP_ykaj5F2SxQw==\/lib\/arm64\/libMobileGL.so (BuildId: 05730fd88b3a6d8a96a82bfa51d7f8e28be3d6ff)\n      #18 pc 00000000008a1ccc  \/data\/app\/~~akdT06-gXbOh3E9-_kUo3g==\/top.mobilegl.plugin.p7w1.trace-LcyZ79iMzP_ykaj5F2SxQw==\/lib\/arm64\/libMobileGL.so (BuildId: 05730fd88b3a6d8a96a82bfa51d7f8e28be3d6ff)\n      #19 pc 000000000085bf24  \/data\/app\/~~akdT06-gXbOh3E9-_kUo3g==\/top.mobilegl.plugin.p7w1.trace-LcyZ79iMzP_ykaj5F2SxQw==\/lib\/arm64\/libMobileGL.so (BuildId: 05730fd88b3a6d8a96a82bfa51d7f8e28be3d6ff)\n      #20 pc 00000000009ca30c  \/data\/app\/~~akdT06-gXbOh3E9-_kUo3g==\/top.mobilegl.plugin.p7w1.trace-LcyZ7
09-23 05:52:39.402  6687  7097 D MiEvent : flatten EventId 901001003 -t 1790113959 -paraList {"CrashType":"100000000","CurrentTime":1790113958000,"Digest":"ec8220f1a964e3bb66eee9a13efe3989","Keyword":"{\"vn\":\"\",\"vc\":\"\",\"isRoot\":false,\"count\":1,\"preInstalled\":false,\"unfold\":false,\"ram\":15,\"rom\":264}","PackageName":"/data/app/~~akdT06-gXbOh3E9-_kUo3g==/top.mobilegl.plugin.p7w1.trace-LcyZ79iMzP_ykaj5F2SxQw==/lib/arm64/libMobileGLServer.so","Stacktrace":"#16 pc 0000000000888494  /data/app/~~akdT06-gXbOh3E9-_kUo3g==/top.mobilegl.plugin.p7w1.trace-LcyZ79iMzP_ykaj5F2SxQw==/lib/arm64/libMobileGL.so (BuildId: 05730fd88b3a6d8a96a82bfa51d7f8e28be3d6ff)\n      #17 pc 0000000000884348  /data/app/~~akdT06-gXbOh3E9-_kUo3g==/top.mobilegl.plugin.p7w1.trace-LcyZ79iMzP_ykaj5F2SxQw==/lib/arm64/libMobileGL.so (BuildId: 05730fd88b3a6d8a96a82bfa51d7f8e28be3d6ff)\n      #18 pc 00000000008a1ccc  /data/app/~~akdT06-gXbOh3E9-_kUo3g==/top.mobilegl.plugin.p7w1.trace-LcyZ79iMzP_ykaj5F2SxQw==/lib/arm64/libMobileGL.so (BuildId: 05730fd88b3a6d8a96a82bfa51d7f8e28be
09-23 05:52:39.402  6687  7097 D MiEvent : report:EventId 901001003 -t 1790113959 -paraList {"CrashType":"100000000","CurrentTime":1790113958000,"Digest":"ec8220f1a964e3bb66eee9a13efe3989","Keyword":"{\"vn\":\"\",\"vc\":\"\",\"isRoot\":false,\"count\":1,\"preInstalled\":false,\"unfold\":false,\"ram\":15,\"rom\":264}","PackageName":"/data/app/~~akdT06-gXbOh3E9-_kUo3g==/top.mobilegl.plugin.p7w1.trace-LcyZ79iMzP_ykaj5F2SxQw==/lib/arm64/libMobileGLServer.so","Stacktrace":"#16 pc 0000000000888494  /data/app/~~akdT06-gXbOh3E9-_kUo3g==/top.mobilegl.plugin.p7w1.trace-LcyZ79iMzP_ykaj5F2SxQw==/lib/arm64/libMobileGL.so (BuildId: 05730fd88b3a6d8a96a82bfa51d7f8e28be3d6ff)\n      #17 pc 0000000000884348  /data/app/~~akdT06-gXbOh3E9-_kUo3g==/top.mobilegl.plugin.p7w1.trace-LcyZ79iMzP_ykaj5F2SxQw==/lib/arm64/libMobileGL.so (BuildId: 05730fd88b3a6d8a96a82bfa51d7f8e28be3d6ff)\n      #18 pc 00000000008a1ccc  /data/app/~~akdT06-gXbOh3E9-_kUo3g==/top.mobilegl.plugin.p7w1.trace-LcyZ79iMzP_ykaj5F2SxQw==/lib/arm64/libMobileGL.so (BuildId: 05730fd88b3a6d8a96a82bfa51d7f8e28be3
09-23 05:52:39.404  6687  7097 D MQSEventManager: send MSG_JUDGE_TRANSMISSION packageName /data/app/~~akdT06-gXbOh3E9-_kUo3g==/top.mobilegl.plugin.p7w1.trace-LcyZ79iMzP_ykaj5F2SxQw==/lib/arm64/libMobileGLServer.so
09-23 05:52:39.415 30762 30801 I SmartAppAssistant: SystemUtil /data/app/~~akdT06-gXbOh3E9-_kUo3g==/top.mobilegl.plugin.p7w1.trace-LcyZ79iMzP_ykaj5F2SxQw==/lib/arm64/libMobileGLServer.so is not the main process
09-23 05:52:39.483  3176  4283 E HyperSentinel: ->pid:11250,processName:"/data/app/~~akdT06-gXbOh3E9-_kUo3g==/top.mobilegl.plugin.p7w1.trace-LcyZ79iMzP_ykaj5F2SxQw==/lib/arm64/libMobileGLServer",Rss Memory Size Change 1162300kb -> 1041716kb
09-23 05:52:39.483  3176  4283 E HyperSentinel: ->pid:11250,processName:"/data/app/~~akdT06-gXbOh3E9-_kUo3g==/top.mobilegl.plugin.p7w1.trace-LcyZ79iMzP_ykaj5F2SxQw==/lib/arm64/libMobileGLServer",Rss Memory Size Change 1041716kb -> 844532kb
09-23 05:52:39.540  3176  4283 E HyperSentinel: ->pid:11250,processName:"/data/app/~~akdT06-gXbOh3E9-_kUo3g==/top.mobilegl.plugin.p7w1.trace-LcyZ79iMzP_ykaj5F2SxQw==/lib/arm64/libMobileGLServer",Rss Memory Size Change 844532kb -> 596264kb
09-23 05:52:39.541  3176  4283 E HyperSentinel: ->pid:11250,processName:"/data/app/~~akdT06-gXbOh3E9-_kUo3g==/top.mobilegl.plugin.p7w1.trace-LcyZ79iMzP_ykaj5F2SxQw==/lib/arm64/libMobileGLServer",Rss Memory Size Change 596264kb -> 377084kb
09-23 05:52:39.620  9898 11249 I MobileGL: [05:52:39] [Android MobileGLTraceRe/INFO]: MG_Remote doorbell: the peer hung up (witness fd 170, revents=0x2010) - this is the DEATH FACT, taken from a descriptor and not from a deadline: a server one frame behind is the intended steady state and must never be mistaken for one that is gone (CONTRACT-P6 5.4)
09-23 05:52:39.620  9898 11249 E MobileGL: [05:52:39] [Android MobileGLTraceRe/ERROR]: MGPipe: DEVICE LOST - the barrier woke on a peer that had hung up. The server process is gone; every verb from here is DECLINED and glGetGraphicsResetStatus reports GL_UNKNOWN_CONTEXT_RESET. This is latched from the peer's HANGUP and not from any deadline (CONTRACT-P6 5.4): a server one frame behind is P5e's intended steady state and must never read as a dead one. There is no recovery - MOBILEGL_IPC_RESPAWN is the stage that would add one and it is refused by name until then.
09-23 05:52:39.620  9898 11249 E MobileGL: [05:52:39] [Android MobileGLTraceRe/ERROR]: MG_Remote client: the barrier for ResourceRespecify (seq 288886) woke on a dead doorbell; the server is gone and this verb did not happen (reported as DECLINED, not ERROR)
09-23 05:52:39.620  9898 11249 F MobileGL: [05:52:39] [Android MobileGLTraceRe/FATAL]: MGPipe: Fatal{UncarriedInitialBytes, "resource_respecify"} - the respecify crossed with initialBytes = nullptr (R-13.3) and the resource_subdata records that were supposed to follow it emitted NOTHING, so 96 bytes of initial content exist on no side of the wire
09-23 05:52:39.620  9898 11249 I libc    : handling signal: 6
09-23 05:52:39.621  9898 11249 F libc    : Fatal signal 6 (SIGABRT), code -1 (SI_QUEUE) in tid 11249 (MobileGLTraceRe), pid 9898 (ugin.p7w1.trace)
09-23 05:52:39.621  9898 11249 I libc    : debuggerd_dispatch_pseudothread start. crashing tid: 11249
09-23 05:52:39.648  9898 11249 I libc    : crash_dump pid: 11326
09-23 05:52:39.675 11326 11326 W libc    : Access denied finding property "persist.vendor.track.malloc.enable"
09-23 05:52:39.675 11326 11326 W libc    : Access denied finding property "persist.vendor.fd.monitor.enable"
09-23 05:52:39.946 11327 11327 F DEBUG   : pid: 9898, tid: 11249, name: MobileGLTraceRe  >>> top.mobilegl.plugin.p7w1.trace <<<
09-23 05:52:39.947 11327 11327 F DEBUG   : Abort message: '[05:52:39] [Android MobileGLTraceRe/FATAL]: MGPipe: Fatal{UncarriedInitialBytes, "resource_respecify"} - the respecify crossed with initialBytes = nullptr (R-13.3) and the resource_subdata records that were supposed to follow it emitted NOTHING, so 96 bytes of initial content exist on no side of the wire'
09-23 05:52:39.947 11327 11327 F DEBUG   :       #00 pc 000000000007184c  /apex/com.android.runtime/lib64/bionic/libc.so (abort+160) (BuildId: 223a572c9f034c6a9337d8b3bedc75f3)
09-23 05:52:39.947 11327 11327 F DEBUG   :       #01 pc 0000000000966bb8  /data/app/~~akdT06-gXbOh3E9-_kUo3g==/top.mobilegl.plugin.p7w1.trace-LcyZ79iMzP_ykaj5F2SxQw==/lib/arm64/libMobileGL.so (BuildId: 05730fd88b3a6d8a96a82bfa51d7f8e28be3d6ff)
09-23 05:52:39.947 11327 11327 F DEBUG   :       #02 pc 000000000092ab18  /data/app/~~akdT06-gXbOh3E9-_kUo3g==/top.mobilegl.plugin.p7w1.trace-LcyZ79iMzP_ykaj5F2SxQw==/lib/arm64/libMobileGL.so (BuildId: 05730fd88b3a6d8a96a82bfa51d7f8e28be3d6ff)
09-23 05:52:39.947 11327 11327 F DEBUG   :       #03 pc 0000000000518810  /data/app/~~akdT06-gXbOh3E9-_kUo3g==/top.mobilegl.plugin.p7w1.trace-LcyZ79iMzP_ykaj5F2SxQw==/lib/arm64/libtrace_replay_runner.so (BuildId: 3d06283277788e3c03041ce7ad63185ec723ff9c)
09-23 05:52:39.947 11327 11327 F DEBUG   :       #04 pc 00000000004614b0  /data/app/~~akdT06-gXbOh3E9-_kUo3g==/top.mobilegl.plugin.p7w1.trace-LcyZ79iMzP_ykaj5F2SxQw==/lib/arm64/libtrace_replay_runner.so (BuildId: 3d06283277788e3c03041ce7ad63185ec723ff9c)
09-23 05:52:39.947 11327 11327 F DEBUG   :       #05 pc 00000000004602cc  /data/app/~~akdT06-gXbOh3E9-_kUo3g==/top.mobilegl.plugin.p7w1.trace-LcyZ79iMzP_ykaj5F2SxQw==/lib/arm64/libtrace_replay_runner.so (mobilegl_apitrace_main+5072) (BuildId: 3d06283277788e3c03041ce7ad63185ec723ff9c)
09-23 05:52:39.947 11327 11327 F DEBUG   :       #06 pc 000000000045042c  /data/app/~~akdT06-gXbOh3E9-_kUo3g==/top.mobilegl.plugin.p7w1.trace-LcyZ79iMzP_ykaj5F2SxQw==/lib/arm64/libtrace_replay_runner.so (BuildId: 3d06283277788e3c03041ce7ad63185ec723ff9c)
09-23 05:52:39.947 11327 11327 F DEBUG   :       #07 pc 000000000044ee68  /data/app/~~akdT06-gXbOh3E9-_kUo3g==/top.mobilegl.plugin.p7w1.trace-LcyZ79iMzP_ykaj5F2SxQw==/lib/arm64/libtrace_replay_runner.so (mobilegl_trace::RunTraceReplay(mobilegl_trace::Request const&)+3176) (BuildId: 3d06283277788e3c03041ce7ad63185ec723ff9c)
09-23 05:52:39.947 11327 11327 F DEBUG   :       #08 pc 0000000000455178  /data/app/~~akdT06-gXbOh3E9-_kUo3g==/top.mobilegl.plugin.p7w1.trace-LcyZ79iMzP_ykaj5F2SxQw==/lib/arm64/libtrace_replay_runner.so (Java_top_mobilegl_plugin_trace_TraceReplayActivity_nativeRunTraceReplay+2068) (BuildId: 3d06283277788e3c03041ce7ad63185ec723ff9c)
09-23 05:52:39.948 11327 11327 F DEBUG   :       #43 pc 0000000000082d74  /apex/com.android.runtime/lib64/bionic/libc.so (__pthread_start(void*)+184) (BuildId: 223a572c9f034c6a9337d8b3bedc75f3)
09-23 05:52:39.948 11327 11327 F DEBUG   :       #44 pc 00000000000751f0  /apex/com.android.runtime/lib64/bionic/libc.so (__start_thread+68) (BuildId: 223a572c9f034c6a9337d8b3bedc75f3)
09-23 05:52:39.984 11327 11327 I libc    : tombstoned_notify_completion, socket: 8
09-23 05:52:40.003  6687  7097 D DigestGenerator: digest=============The device has been root;The device bootloader is unlocked;com.topjohnwu.magisk have been installed;top.mobilegl.plugin.p7w1.traceAbort message: '[::] [Android MobileGLTraceRe/FATAL]: MGPipe: Fatal{UncarriedInitialBytes, "resource_respecify"} - the respecify crossed with initialBytes = nullptr (R-.) and the resource_subdata records that were supposed to follow it emitted NOTHING, so  bytes of initial content exist on no side of the wire'
09-23 05:52:40.003  6687  7097 D DigestGenerator:  /apex/com.android.runtime/lib/bionic/libc.so (abort+) ()
09-23 05:52:40.003  6687  7097 D DigestGenerator:  XXlib/arm/libMobileGL.so ()
09-23 05:52:40.003  6687  7097 D DigestGenerator:  XXlib/arm/libMobileGL.so ()
09-23 05:52:40.003  6687  7097 D DigestGenerator:  XXlib/arm/libtrace_replay_runner.so ()
09-23 05:52:40.003  6687  7097 D DigestGenerator:  XXlib/arm/libtrace_replay_runner.so ()
09-23 05:52:40.003  6687  7097 D DigestGenerator:  XXlib/arm/libtrace_replay_runner.so (mobilegl_apitrace_main+) ()
09-23 05:52:40.003  6687  7097 D DigestGenerator:  XXlib/arm/libtrace_replay_runner.so ()
09-23 05:52:40.003  6687  7097 D DigestGenerator:  XXlib/arm/libtrace_replay_runner.so (mobilegl_trace::RunTraceReplay(mobilegl_trace::Request const&)+) ()
09-23 05:52:40.003  6687  7097 D DigestGenerator:  XXlib/arm/libtrace_replay_runner.so (Java_top_mobilegl_plugin_trace_TraceReplayActivity_nativeRunTraceReplay+) ()
09-23 05:52:40.003  6687  7097 D DigestGenerator:  /apex/com.android.runtime/lib/bionic/libc.so (__pthread_start(void*)+) ()
09-23 05:52:40.003  6687  7097 D DigestGenerator:  /apex/com.android.runtime/lib/bionic/libc.so (__start_thread+) ()
09-23 05:52:40.007  4411  5837 D RecentsTaskLoader: reloadTasksData [TaskKey{id=397, stackId=0, baseIntent=Intent { act=top.mobilegl.plugin.TRACE_REPLAY flg=0x10000000 cmp=top.mobilegl.plugin.p7w1.trace/top.mobilegl.plugin.trace.TraceReplayActivity }, userId=0, lastActiveTime=13615255, windowingMode=1, isThumbnailBlur=false, isAccessLocked=false, isScreening=false, topActivity=null, mHashCode=12750579}, title=MobileGL, titleDescription=MobileGL, bounds=null, isLaunchTarget=false, isStackTask=true, isSystemApp=false, isDockable=true, baseActivity=null, isLocked=false, mNeedHide=false, hasMultipleTasks=false, cti1Key=, cti2Key=, cti1Task=, cti2Task=] 
09-23 05:52:40.053  3176  3422 I libc    : kill: send 9 to pid -9898
09-23 05:52:40.053  3176  3422 I libc    : debug pid reuse, real pid -9898
09-23 05:52:40.053  3176  3422 I libc    : kill: send 9 to pid -9898
09-23 05:52:40.053  3176  3422 I libc    : debug pid reuse, real pid -9898
09-23 05:52:40.074  2024  2024 W libc    : Access denied finding property "vendor.gpp.create_frc_extension"
09-23 05:52:40.119  4411  4411 I WindowAnimParamsProvider: getClosingWindowAnimParams getClosingShortcutIcon task before=  [TaskKey{id=397, stackId=0, baseIntent=Intent { act=top.mobilegl.plugin.TRACE_REPLAY flg=0x10000000 cmp=top.mobilegl.plugin.p7w1.trace/top.mobilegl.plugin.trace.TraceReplayActivity }, userId=0, lastActiveTime=13615255, windowingMode=1, isThumbnailBlur=false, isAccessLocked=false, isScreening=false, topActivity=null, mHashCode=12750579}, title=MobileGL, titleDescription=MobileGL, bounds=null, isLaunchTarget=false, isStackTask=true, isSystemApp=false, isDockable=true, baseActivity=null, isLocked=false, mNeedHide=false, hasMultipleTasks=false, cti1Key=, cti2Key=, cti1Task=, cti2Task=] 
09-23 05:52:40.119  4411  4411 I WindowAnimParamsProvider: getClosingWindowAnimParams getClosingShortcutIcon task after=  [TaskKey{id=397, stackId=0, baseIntent=Intent { act=top.mobilegl.plugin.TRACE_REPLAY flg=0x10000000 cmp=top.mobilegl.plugin.p7w1.trace/top.mobilegl.plugin.trace.TraceReplayActivity }, userId=0, lastActiveTime=13615255, windowingMode=1, isThumbnailBlur=false, isAccessLocked=false, isScreening=false, topActivity=null, mHashCode=12750579}, title=MobileGL, titleDescription=MobileGL, bounds=null, isLaunchTarget=false, isStackTask=true, isSystemApp=false, isDockable=true, baseActivity=null, isLocked=false, mNeedHide=false, hasMultipleTasks=false, cti1Key=, cti2Key=, cti1Task=, cti2Task=] 
09-23 05:52:40.120  4411  4411 I WindowAnimParamsProvider: getUserIdFromRemoteTarget task before=  [TaskKey{id=397, stackId=0, baseIntent=Intent { act=top.mobilegl.plugin.TRACE_REPLAY flg=0x10000000 cmp=top.mobilegl.plugin.p7w1.trace/top.mobilegl.plugin.trace.TraceReplayActivity }, userId=0, lastActiveTime=13615255, windowingMode=1, isThumbnailBlur=false, isAccessLocked=false, isScreening=false, topActivity=null, mHashCode=12750579}, title=MobileGL, titleDescription=MobileGL, bounds=null, isLaunchTarget=false, isStackTask=true, isSystemApp=false, isDockable=true, baseActivity=null, isLocked=false, mNeedHide=false, hasMultipleTasks=false, cti1Key=, cti2Key=, cti1Task=, cti2Task=] 
09-23 05:52:40.120  4411  4411 I WindowAnimParamsProvider: getUserIdFromRemoteTarget task after=  [TaskKey{id=397, stackId=0, baseIntent=Intent { act=top.mobilegl.plugin.TRACE_REPLAY flg=0x10000000 cmp=top.mobilegl.plugin.p7w1.trace/top.mobilegl.plugin.trace.TraceReplayActivity }, userId=0, lastActiveTime=13615255, windowingMode=1, isThumbnailBlur=false, isAccessLocked=false, isScreening=false, topActivity=null, mHashCode=12750579}, title=MobileGL, titleDescription=MobileGL, bounds=null, isLaunchTarget=false, isStackTask=true, isSystemApp=false, isDockable=true, baseActivity=null, isLocked=false, mNeedHide=false, hasMultipleTasks=false, cti1Key=, cti2Key=, cti1Task=, cti2Task=] 
trace-replay-ci.sh: app trace-replay files:
/data/user/0/top.mobilegl.plugin.p7w1.trace/files/trace-replay:
total 12
drwxrwxrwx 4 u0_a318 u0_a318 3452 2026-09-23 05:52 .
drwxrwxrwx 3 u0_a318 u0_a318 3452 2026-09-23 05:52 ..
drwxrwxrwx 2 u0_a318 u0_a318 3452 2026-09-23 05:52 input
drwxrwxrwx 2 u0_a318 u0_a318 3452 2026-09-23 05:52 output

/data/user/0/top.mobilegl.plugin.p7w1.trace/files/trace-replay/input:
total 7474
drwxrwxrwx 2 u0_a318 u0_a318    3452 2026-09-23 05:52 .
drwxrwxrwx 4 u0_a318 u0_a318    3452 2026-09-23 05:52 ..
-rw-r--r-- 1 u0_a318 u0_a318  227372 2026-09-23 05:52 golden.png
-rw-r--r-- 1 u0_a318 u0_a318 7409935 2026-09-23 05:52 trace.trace

/data/user/0/top.mobilegl.plugin.p7w1.trace/files/trace-replay/output:
total 46
drwxrwxrwx 2 u0_a318 u0_a318  3452 2026-09-23 05:52 .
drwxrwxrwx 4 u0_a318 u0_a318  3452 2026-09-23 05:52 ..
-rw------- 1 u0_a318 u0_a318  8290 2026-09-23 05:52 mobilegl.client.log
-rw------- 1 u0_a318 u0_a318 23336 2026-09-23 05:52 mobilegl.server.log
-rw------- 1 u0_a318 u0_a318   106 2026-09-23 05:52 retrace.log
archived repeat 1 to .trace-work\p7w4\bsl-spawn\minecraft-1.21.4-fabric-iris-bsl-esc-menu-854-DirectVulkan\repeat-01
=== Android retrace: minecraft-1.21.4-fabric-iris-bsl-esc-menu-854 / DirectVulkan (repeat 2/2) ===
Starting: Intent { act=top.mobilegl.plugin.TRACE_REPLAY cmp=top.mobilegl.plugin.p7w1.trace/top.mobilegl.plugin.trace.TraceReplayActivity (has extras) }
trace-replay-ci.sh: app process exited before result.json was created
trace-replay-ci.sh: retrace.log:
/system/bin/app_process64
apitrace: warning: caught signal 6
742518: error: caught an unhandled exception
trace-replay-ci.sh: tail of mobilegl.log:
[05:52:42] [Android mgl-srv-apply/INFO]:     VK_QCOM_render_pass_shader_resolve (r.4)
[05:52:42] [Android mgl-srv-apply/INFO]:     VK_KHR_maintenance1 (r.2)
[05:52:42] [Android mgl-srv-apply/INFO]:     VK_KHR_maintenance2 (r.1)
[05:52:42] [Android mgl-srv-apply/INFO]:     VK_KHR_maintenance3 (r.1)
[05:52:42] [Android mgl-srv-apply/INFO]:     VK_KHR_maintenance4 (r.2)
[05:52:42] [Android mgl-srv-apply/INFO]:     VK_KHR_maintenance5 (r.1)
[05:52:42] [Android mgl-srv-apply/INFO]:     VK_KHR_maintenance6 (r.1)
[05:52:42] [Android mgl-srv-apply/INFO]:     VK_KHR_separate_depth_stencil_layouts (r.1)
[05:52:42] [Android mgl-srv-apply/INFO]:     VK_EXT_image_robustness (r.1)
[05:52:42] [Android mgl-srv-apply/INFO]:     VK_EXT_calibrated_timestamps (r.2)
[05:52:42] [Android mgl-srv-apply/INFO]:     VK_KHR_buffer_device_address (r.1)
[05:52:42] [Android mgl-srv-apply/INFO]:     VK_EXT_extended_dynamic_state (r.1)
[05:52:42] [Android mgl-srv-apply/INFO]:     VK_EXT_queue_family_foreign (r.1)
[05:52:42] [Android mgl-srv-apply/INFO]:     VK_KHR_shader_quad_control (r.1)
[05:52:42] [Android mgl-srv-apply/INFO]:     VK_EXT_image_view_min_lod (r.1)
[05:52:42] [Android mgl-srv-apply/INFO]:     VK_ANDROID_external_format_resolve (r.1)
[05:52:42] [Android mgl-srv-apply/INFO]:     VK_QCOM_ycbcr_degamma (r.1)
[05:52:42] [Android mgl-srv-apply/INFO]:     VK_KHR_bind_memory2 (r.1)
[05:52:42] [Android mgl-srv-apply/INFO]:     VK_EXT_pipeline_protected_access (r.1)
[05:52:42] [Android mgl-srv-apply/INFO]:     VK_KHR_external_semaphore (r.1)
[05:52:42] [Android mgl-srv-apply/INFO]:     VK_KHR_shader_terminate_invocation (r.1)
[05:52:42] [Android mgl-srv-apply/INFO]:     VK_QCOM_fragment_density_map_offset (r.2)
[05:52:42] [Android mgl-srv-apply/INFO]:     VK_EXT_scalar_block_layout (r.1)
[05:52:42] [Android mgl-srv-apply/INFO]:     VK_KHR_map_memory2 (r.1)
[05:52:42] [Android mgl-srv-apply/INFO]:     VK_EXT_load_store_op_none (r.1)
[05:52:42] [Android mgl-srv-apply/INFO]:     VK_KHR_load_store_op_none (r.1)
[05:52:42] [Android mgl-srv-apply/INFO]:     VK_KHR_shader_maximal_reconvergence (r.1)
[05:52:42] [Android mgl-srv-apply/INFO]:     VK_KHR_sampler_ycbcr_conversion (r.14)
[05:52:42] [Android mgl-srv-apply/INFO]:     VK_EXT_vertex_attribute_divisor (r.3)
[05:52:42] [Android mgl-srv-apply/INFO]:     VK_KHR_variable_pointers (r.1)
[05:52:42] [Android mgl-srv-apply/INFO]:     VK_QCOM_multiview_per_view_viewports (r.1)
[05:52:42] [Android mgl-srv-apply/INFO]:     VK_KHR_ray_query (r.1)
[05:52:42] [Android mgl-srv-apply/INFO]:     VK_EXT_primitives_generated_query (r.1)
[05:52:42] [Android mgl-srv-apply/INFO]:     VK_KHR_push_descriptor (r.2)
[05:52:42] [Android mgl-srv-apply/INFO]:     VK_KHR_timeline_semaphore (r.2)
[05:52:42] [Android mgl-srv-apply/INFO]:     VK_EXT_device_memory_report (r.2)
[05:52:42] [Android mgl-srv-apply/INFO]:     VK_KHR_shader_subgroup_rotate (r.2)
[05:52:42] [Android mgl-srv-apply/INFO]:     VK_KHR_imageless_framebuffer (r.1)
[05:52:42] [Android mgl-srv-apply/INFO]:     VK_KHR_device_group (r.4)
[05:52:42] [Android mgl-srv-apply/INFO]:     VK_EXT_device_fault (r.2)
[05:52:42] [Android mgl-srv-apply/INFO]:     VK_KHR_relaxed_block_layout (r.1)
[05:52:42] [Android mgl-srv-apply/INFO]:     VK_KHR_shader_expect_assume (r.1)
[05:52:42] [Android mgl-srv-apply/INFO]:     VK_KHR_shader_atomic_int64 (r.1)
[05:52:42] [Android mgl-srv-apply/INFO]:     VK_KHR_external_fence (r.1)
[05:52:42] [Android mgl-srv-apply/INFO]:     VK_KHR_shader_non_semantic_info (r.1)
[05:52:42] [Android mgl-srv-apply/INFO]:     VK_EXT_shader_atomic_float (r.1)
[05:52:42] [Android mgl-srv-apply/INFO]:     VK_EXT_custom_border_color (r.12)
[05:52:42] [Android mgl-srv-apply/INFO]:     VK_EXT_host_query_reset (r.1)
[05:52:42] [Android mgl-srv-apply/INFO]:     VK_EXT_index_type_uint8 (r.1)
[05:52:42] [Android mgl-srv-apply/INFO]:     VK_KHR_multiview (r.1)
[05:52:42] [Android mgl-srv-apply/INFO]:     VK_KHR_storage_buffer_storage_class (r.1)
[05:52:42] [Android mgl-srv-apply/INFO]:     VK_EXT_fragment_density_map2 (r.1)
[05:52:42] [Android mgl-srv-apply/INFO]:     VK_QCOM_filter_cubic_weights (r.1)
[05:52:42] [Android mgl-srv-apply/INFO]:     VK_KHR_workgroup_memory_explicit_layout (r.1)
[05:52:42] [Android mgl-srv-apply/INFO]:     VK_QCOM_rotated_copy_commands (r.2)
[05:52:42] [Android mgl-srv-apply/INFO]:     VK_KHR_shader_subgroup_extended_types (r.1)
[05:52:42] [Android mgl-srv-apply/INFO]:     VK_EXT_external_memory_acquire_unmodified (r.1)
[05:52:42] [Android mgl-srv-apply/INFO]:     VK_EXT_private_data (r.1)
[05:52:42] [Android mgl-srv-apply/INFO]:     VK_EXT_descriptor_buffer (r.1)
[05:52:42] [Android mgl-srv-apply/INFO]:     VK_EXT_conditional_rendering (r.2)
[05:52:42] [Android mgl-srv-apply/INFO]:     VK_EXT_mutable_descriptor_type (r.1)
[05:52:42] [Android mgl-srv-apply/INFO]:     VK_EXT_pipeline_creation_cache_control (r.3)
[05:52:42] [Android mgl-srv-apply/INFO]:     VK_EXT_robustness2 (r.1)
[05:52:42] [Android mgl-srv-apply/INFO]:     VK_KHR_shader_clock (r.1)
[05:52:42] [Android mgl-srv-apply/INFO]:     VK_EXT_shader_module_identifier (r.1)
[05:52:42] [Android mgl-srv-apply/INFO]:     VK_KHR_vertex_attribute_divisor (r.1)
[05:52:42] [Android mgl-srv-apply/INFO]:     VK_EXT_global_priority_query (r.1)
[05:52:42] [Android mgl-srv-apply/INFO]:     VK_EXT_separate_stencil_usage (r.1)
[05:52:42] [Android mgl-srv-apply/INFO]:     VK_EXT_border_color_swizzle (r.1)
[05:52:42] [Android mgl-srv-apply/INFO]:     VK_EXT_vertex_input_dynamic_state (r.2)
[05:52:42] [Android mgl-srv-apply/INFO]:     VK_IMG_filter_cubic (r.1)
[05:52:42] [Android mgl-srv-apply/INFO]:     VK_EXT_filter_cubic (r.3)
[05:52:42] [Android mgl-srv-apply/INFO]:     VK_EXT_shader_subgroup_vote (r.1)
[05:52:42] [Android mgl-srv-apply/INFO]:     VK_EXT_device_address_binding_report (r.1)
[05:52:42] [Android mgl-srv-apply/INFO]:     VK_NV_optical_flow (r.1)
[05:52:42] [Android mgl-srv-apply/INFO]:     VK_QCOM_tile_properties (r.1)
[05:52:42] [Android mgl-srv-apply/INFO]:     VK_KHR_image_format_list (r.1)
[05:52:42] [Android mgl-srv-apply/INFO]:     VK_EXT_sampler_filter_minmax (r.2)
[05:52:42] [Android mgl-srv-apply/INFO]:     VK_KHR_16bit_storage (r.1)
[05:52:42] [Android mgl-srv-apply/INFO]:     VK_EXT_shader_viewport_index_layer (r.1)
[05:52:42] [Android mgl-srv-apply/INFO]:     VK_KHR_pipeline_executable_properties (r.1)
[05:52:42] [Android mgl-srv-apply/INFO]:     VK_EXT_shader_demote_to_helper_invocation (r.1)
[05:52:42] [Android mgl-srv-apply/INFO]:     VK_EXT_color_write_enable (r.1)
[05:52:42] [Android mgl-srv-apply/INFO]:     VK_KHR_dynamic_rendering_local_read (r.1)
[05:52:42] [Android mgl-srv-apply/INFO]:     VK_QCOM_render_pass_transform (r.4)
[05:52:42] [Android mgl-srv-apply/INFO]:     VK_KHR_create_renderpass2 (r.1)
[05:52:42] [Android mgl-srv-apply/INFO]:     VK_EXT_shader_image_atomic_int64 (r.1)
[05:52:42] [Android mgl-srv-apply/INFO]:     VK_KHR_acceleration_structure (r.13)
[05:52:42] [Android mgl-srv-apply/INFO]:     VK_EXT_depth_clip_control (r.1)
[05:52:42] [Android mgl-srv-apply/INFO]:     VK_EXT_transform_feedback (r.1)
[05:52:42] [Android mgl-srv-apply/INFO]:     VK_EXT_blend_operation_advanced (r.2)
[05:52:42] [Android mgl-srv-apply/INFO]:     VK_EXT_provoking_vertex (r.1)
[05:52:42] [Android mgl-srv-apply/INFO]:     VK_KHR_8bit_storage (r.1)
[05:52:42] [Android mgl-srv-apply/INFO]:     VK_QCOM_multiview_per_view_render_areas (r.1)
[05:52:42] [Android mgl-srv-apply/INFO]:     VK_EXT_inline_uniform_block (r.1)
[05:52:42] [Android mgl-srv-apply/INFO]:     VK_EXT_shader_subgroup_ballot (r.1)
[05:52:42] [Android mgl-srv-apply/INFO]:     VK_KHR_depth_stencil_resolve (r.1)
[05:52:42] [Android mgl-srv-apply/INFO]:     VK_KHR_shader_float_controls (r.4)
[05:52:42] [Android mgl-srv-apply/INFO]:     VK_EXT_texture_compression_astc_hdr (r.1)
[05:52:42] [Android mgl-srv-apply/INFO]:     VK_EXT_global_priority (r.2)
[05:52:42] [Android mgl-srv-apply/INFO]:     VK_EXT_4444_formats (r.1)
[05:52:42] [Android mgl-srv-apply/INFO]:     VK_KHR_shader_draw_parameters (r.1)
[05:52:42] [Android mgl-srv-apply/INFO]:     VK_KHR_vulkan_memory_model (r.3)
[05:52:42] [Android mgl-srv-apply/INFO]:     VK_EXT_descriptor_indexing (r.2)
[05:52:42] [Android mgl-srv-apply/INFO]:     VK_EXT_depth_clip_enable (r.1)
[05:52:42] [Android mgl-srv-apply/INFO]:     VK_KHR_synchronization2 (r.1)
[05:52:42] [Android mgl-srv-apply/INFO]:     VK_KHR_shader_integer_dot_product (r.1)
[05:52:42] [Android mgl-srv-apply/INFO]:     VK_EXT_line_rasterization (r.1)
[05:52:42] [Android mgl-srv-apply/INFO]:     VK_KHR_line_rasterization (r.1)
[05:52:42] [Android mgl-srv-apply/INFO]:     VK_QCOM_image_processing (r.1)
[05:52:42] [Android mgl-srv-apply/INFO]:     VK_KHR_shader_float_controls2 (r.1)
[05:52:42] [Android mgl-srv-apply/INFO]:     VK_KHR_fragment_shading_rate (r.2)
[05:52:42] [Android mgl-srv-apply/INFO]:     VK_KHR_descriptor_update_template (r.1)
[05:52:42] [Android mgl-srv-apply/INFO]:     VK_KHR_draw_indirect_count (r.1)
[05:52:42] [Android mgl-srv-apply/INFO]:     VK_KHR_driver_properties (r.1)
[05:52:42] [Android mgl-srv-apply/INFO]:     VK_KHR_ray_tracing_position_fetch (r.1)
[05:52:42] [Android mgl-srv-apply/INFO]:     VK_KHR_dynamic_rendering (r.1)
[05:52:42] [Android mgl-srv-apply/INFO]:     VK_KHR_zero_initialize_workgroup_memory (r.1)
[05:52:42] [Android mgl-srv-apply/INFO]:     VK_KHR_uniform_buffer_standard_layout (r.1)
[05:52:42] [Android mgl-srv-apply/INFO]:     VK_EXT_depth_clamp_zero_one (r.1)
[05:52:42] [Android mgl-srv-apply/INFO]:     VK_ANDROID_external_memory_android_hardware_buffer (r.5)
[05:52:42] [Android mgl-srv-apply/INFO]:     VK_EXT_image_2d_view_of_3d (r.1)
[05:52:42] [Android mgl-srv-apply/INFO]:     VK_EXT_extended_dynamic_state2 (r.1)
[05:52:42] [Android mgl-srv-apply/INFO]:     VK_KHR_dedicated_allocation (r.3)
[05:52:42] [Android mgl-srv-apply/INFO]:     VK_EXT_texel_buffer_alignment (r.1)
[05:52:42] [Android mgl-srv-apply/INFO]:     VK_EXT_primitive_topology_list_restart (r.1)
[05:52:42] [Android mgl-srv-apply/INFO]:     VK_EXT_rasterization_order_attachment_access (r.1)
[05:52:42] [Android mgl-srv-apply/INFO]:     VK_KHR_shader_subgroup_uniform_control_flow (r.1)
[05:52:42] [Android mgl-srv-apply/INFO]:     VK_EXT_tooling_info (r.1)
[05:52:42] [Android mgl-srv-apply/INFO]:     VK_KHR_format_feature_flags2 (r.2)
[05:52:42] [Android mgl-srv-apply/INFO]:     VK_KHR_global_priority (r.1)
[05:52:42] [Android mgl-srv-apply/INFO]:     VK_EXT_sample_locations (r.1)
[05:52:42] [Android mgl-srv-apply/INFO]:     VK_EXT_multi_draw (r.1)
[05:52:42] [Android mgl-srv-apply/INFO]:     VK_KHR_swapchain (r.70)
[05:52:42] [Android mgl-srv-apply/INFO]:     VK_KHR_sampler_mirror_clamp_to_edge (r.3)
[05:52:42] [Android mgl-srv-apply/INFO]:     VK_QCOM_image_processing2 (r.1)
[05:52:42] [Android mgl-srv-apply/INFO]:     VK_KHR_external_fence_fd (r.1)
[05:52:42] [Android mgl-srv-apply/INFO]: Required extension found: VK_KHR_swapchain
[05:52:42] [Android mgl-srv-apply/INFO]:     Picked physical device. (Reason: First suitable device)
[05:52:42] [Android mgl-srv-apply/INFO]: Picked physical device 0.
[05:52:42] [Android mgl-srv-apply/INFO]: Vulkan: multiViewport enabled; rasterizable viewports=16 (device limit 16, GL state width 16)
[05:52:42] [Android mgl-srv-apply/INFO]: Enabled optional device extension: VK_KHR_draw_indirect_count
[05:52:42] [Android mgl-srv-apply/INFO]: Enabled optional device extension: VK_KHR_shader_draw_parameters
[05:52:42] [Android mgl-srv-apply/INFO]: VK_KHR_image_format_list enabled: true
[05:52:42] [Android mgl-srv-apply/INFO]: VK_KHR_draw_indirect_count enabled: true
[05:52:42] [Android mgl-srv-apply/INFO]: Enabled optional device extension: VK_KHR_create_renderpass2
[05:52:42] [Android mgl-srv-apply/INFO]: Enabled optional device extension: VK_KHR_depth_stencil_resolve
[05:52:42] [Android mgl-srv-apply/INFO]: Vulkan: update-after-bind descriptor layouts enabled
[05:52:42] [Android mgl-srv-apply/INFO]: Enabled optional device extension: VK_KHR_index_type_uint8
[05:52:42] [Android mgl-srv-apply/INFO]: Enabled optional device extension: VK_EXT_primitive_topology_list_restart
[05:52:42] [Android mgl-srv-apply/INFO]: Enabled optional device extension: VK_EXT_custom_border_color (maxCustomBorderColorSamplers=4000)
[05:52:42] [Android mgl-srv-apply/INFO]: Enabled optional device extension: VK_EXT_subgroup_size_control (computeFullSubgroups)
[05:52:42] [Android mgl-srv-apply/INFO]: Enabled optional device extension: VK_EXT_transform_feedback
[05:52:42] [Android mgl-srv-apply/INFO]: Enabled optional device extension: VK_EXT_provoking_vertex (transformFeedbackPreservesProvokingVertex=false)
[05:52:42] [Android mgl-srv-apply/INFO]: Enabled optional device extension: VK_EXT_vertex_attribute_divisor
[05:52:42] [Android mgl-srv-apply/INFO]: Enabled optional device extension: VK_EXT_multi_draw (maxMultiDrawCount=1024)
[05:52:42] [Android mgl-srv-apply/INFO]: Device feature support: robustBufferAccess=true geometryShader=true independentBlend=true logicOp=true shaderClipDistance=true shaderCullDistance=true wideLines=true shaderInt64=true vertexStoresAtomics=true fragmentStoresAtomics=true storageImageExtendedFormats=true storageImageReadWithoutFormat=true storageImageWriteWithoutFormat=true drawIndirectFirstInstance=true multiDrawIndirect=true
[05:52:42] [Android mgl-srv-apply/INFO]: Device feature enabled: robustBufferAccess=true geometryShader=true independentBlend=true logicOp=true shaderClipDistance=true shaderCullDistance=true wideLines=true shaderInt64=true vertexStoresAtomics=true fragmentStoresAtomics=true storageImageExtendedFormats=true storageImageReadWithoutFormat=true storageImageWriteWithoutFormat=true drawIndirectFirstInstance=true multiDrawIndirect=true shaderDrawParameters=true
[05:52:42] [Android mgl-srv-apply/INFO]: Multi-draw dispatch tier: ext (VK_EXT_multi_draw=true, multiDrawIndirect=true, mode=auto)
[05:52:42] [Android mgl-srv-apply/INFO]: index type uint8 enabled: true
[05:52:42] [Android mgl-srv-apply/INFO]: Logical device created.
[05:52:42] [Android mgl-srv-apply/INFO]: Queues got successfully.
[05:52:42] [Android mgl-srv-apply/INFO]: Timer queries supported (timestampValidBits=48, timestampPeriod=52.083332 ns/tick)
[05:52:42] [Android mgl-srv-apply/INFO]: PRIMITIVES_GENERATED probe triangles: drawn=1 stream=0/1 pgq=0(0) stat=1(1)
[05:52:42] [Android mgl-srv-apply/INFO]: PRIMITIVES_GENERATED probe triangles+discard: drawn=1 stream=0/1 pgq=0(0) stat=0(1)
[05:52:42] [Android mgl-srv-apply/INFO]: PRIMITIVES_GENERATED probe patches+discard: drawn=1 stream=0/1 pgq=0(0) stat=0(1)
[05:52:42] [Android mgl-srv-apply/INFO]: PRIMITIVES_GENERATED for XFB-inactive draws will accumulate through a clipping-invocations pipeline-statistics pool
[05:52:42] [Android mgl-srv-apply/INFO]: Command pool created
[05:52:42] [Android mgl-srv-apply/INFO]: MaxFramesInFlight: configured request=3
[05:52:42] [Android mgl-srv-apply/INFO]: MaxFramesInFlight: using 3 (surface minImageCount=11, maxImageCount=64)
[05:52:42] [Android mgl-srv-apply/INFO]: CreateFrameContexts completed
[05:52:42] [Android mgl-srv-apply/INFO]: DirectVulkan: using 256 program descriptor bindings
[05:52:42] [Android mgl-srv-apply/INFO]: Got 5 surface formats:
[05:52:42] [Android mgl-srv-apply/INFO]: Picked surface format: [VK_FORMAT_R8G8B8A8_UNORM, VK_COLOR_SPACE_SRGB_NONLINEAR_KHR]
[05:52:42] [Android mgl-srv-apply/INFO]: Got 4 present modes:
[05:52:42] [Android mgl-srv-apply/INFO]: Picked present mode: VK_PRESENT_MODE_MAILBOX_KHR
[05:52:42] [Android mgl-srv-apply/INFO]: Set minImageCount = 11
[05:52:42] [Android mgl-srv-apply/INFO]: Swapchain currentTransform = VK_SURFACE_TRANSFORM_IDENTITY_BIT_KHR
[05:52:42] [Android mgl-srv-apply/INFO]: Swapchain imageUsage = 0x13 (supportedUsageFlags = 0x9f)
[05:52:42] [Android mgl-srv-apply/INFO]: Set swapchain preTransform = VK_SURFACE_TRANSFORM_IDENTITY_BIT_KHR
[05:52:42] [Android mgl-srv-apply/INFO]: Swapchain image views created
[05:52:42] [Android mgl-srv-apply/INFO]: Swapchain created, extent = 854x480, swapchain imageCount = 11
[05:52:42] [Android mgl-srv-apply/INFO]: DirectVulkan: suppressing depth writes on accumulation-blended pipelines (driver lacks cross-pipeline position invariance)
[05:52:42] [Android mgl-srv-apply/INFO]: Vulkan shader subgroup support: detected=true advertised=true size=64 stages=0x30 operations=0x2bf
[05:52:42] [Android mgl-srv-apply/INFO]: DirectVulkan: clamped GL_MAX_COMPUTE_SHADER_STORAGE_BLOCKS from 16777216 to 256
[05:52:42] [Android mgl-srv-apply/INFO]: DirectVulkan: clamped GL_MAX_COMBINED_SHADER_STORAGE_BLOCKS from 16777216 to 256
[05:52:42] [Android mgl-srv-apply/INFO]: DirectVulkan: clamped GL_MAX_COMPUTE_UNIFORM_BLOCKS from 16777216 to 256
[05:52:42] [Android mgl-srv-apply/INFO]: DirectVulkan: clamped GL_MAX_SHADER_STORAGE_BUFFER_BINDINGS from 16777216 to 256
[05:52:42] [Android mgl-srv-apply/INFO]: DirectVulkan: clamped GL_MAX_UNIFORM_BUFFER_BINDINGS from 16777216 to 256
[05:52:42] [Android mgl-srv-apply/INFO]: DirectVulkan: clamped GL_MAX_SHADER_STORAGE_BLOCK_SIZE from 2147483647 to 536870912
[05:52:42] [Android mgl-srv-apply/ERROR]: NormalizePixelFormat: outFormat: unhandled internalFormat: GL_STENCIL_INDEX8
[05:52:42] [Android mgl-srv-apply/ERROR]: NormalizePixelFormat: outType: unhandled internalFormat: GL_STENCIL_INDEX8
[05:52:42] [Android mgl-srv-apply/INFO]: Vulkan shader subgroup support: detected=true advertised=true size=64 stages=0x30 operations=0x2bf
[05:52:42] [Android mgl-srv-apply/INFO]: DirectVulkan: clamped GL_MAX_COMPUTE_SHADER_STORAGE_BLOCKS from 16777216 to 256
[05:52:42] [Android mgl-srv-apply/INFO]: DirectVulkan: clamped GL_MAX_COMBINED_SHADER_STORAGE_BLOCKS from 16777216 to 256
[05:52:42] [Android mgl-srv-apply/INFO]: DirectVulkan: clamped GL_MAX_COMPUTE_UNIFORM_BLOCKS from 16777216 to 256
[05:52:42] [Android mgl-srv-apply/INFO]: DirectVulkan: clamped GL_MAX_SHADER_STORAGE_BUFFER_BINDINGS from 16777216 to 256
[05:52:42] [Android mgl-srv-apply/INFO]: DirectVulkan: clamped GL_MAX_UNIFORM_BUFFER_BINDINGS from 16777216 to 256
[05:52:42] [Android mgl-srv-apply/INFO]: DirectVulkan: clamped GL_MAX_SHADER_STORAGE_BLOCK_SIZE from 2147483647 to 536870912
[05:52:44] [Android mgl-srv-apply/WARN]: GetOrCreatePipeline: patching vertex input location=4 format=82 -> 80 to match shader input type=35666 for program=7
trace-replay-ci.sh: recent relevant logcat lines:
09-23 05:52:42.801 11521 11522 W libMobileGLServer.so: Thread Pool max thread count is 0. Cannot cache binder as linkToDeath cannot be implemented. serviceName: android.hardware.graphics.allocator.IAllocator/default
09-23 05:52:42.801 11521 11522 W libMobileGLServer.so: Thread Pool max thread count is 0. Cannot cache binder as linkToDeath cannot be implemented. serviceName: android.hardware.graphics.allocator.IAllocator/default
09-23 05:52:42.802 11521 11522 I MobileGL: [05:52:42] [Android mgl-srv-apply/INFO]:     Picked physical device. (Reason: First suitable device)
09-23 05:52:42.802 11521 11522 I MobileGL: [05:52:42] [Android mgl-srv-apply/INFO]: Picked physical device 0.
09-23 05:52:42.802 11521 11522 I MobileGL: [05:52:42] [Android mgl-srv-apply/INFO]: Vulkan: multiViewport enabled; rasterizable viewports=16 (device limit 16, GL state width 16)
09-23 05:52:42.802 11521 11522 I MobileGL: [05:52:42] [Android mgl-srv-apply/INFO]: Enabled optional device extension: VK_KHR_draw_indirect_count
09-23 05:52:42.802 11521 11522 I MobileGL: [05:52:42] [Android mgl-srv-apply/INFO]: Enabled optional device extension: VK_KHR_shader_draw_parameters
09-23 05:52:42.802 11521 11522 I MobileGL: [05:52:42] [Android mgl-srv-apply/INFO]: VK_KHR_image_format_list enabled: true
09-23 05:52:42.802 11521 11522 I MobileGL: [05:52:42] [Android mgl-srv-apply/INFO]: VK_KHR_draw_indirect_count enabled: true
09-23 05:52:42.802 11521 11522 I MobileGL: [05:52:42] [Android mgl-srv-apply/INFO]: Enabled optional device extension: VK_KHR_create_renderpass2
09-23 05:52:42.802 11521 11522 I MobileGL: [05:52:42] [Android mgl-srv-apply/INFO]: Enabled optional device extension: VK_KHR_depth_stencil_resolve
09-23 05:52:42.802 11521 11522 I MobileGL: [05:52:42] [Android mgl-srv-apply/INFO]: Vulkan: update-after-bind descriptor layouts enabled
09-23 05:52:42.802 11521 11522 I MobileGL: [05:52:42] [Android mgl-srv-apply/INFO]: Enabled optional device extension: VK_KHR_index_type_uint8
09-23 05:52:42.802 11521 11522 I MobileGL: [05:52:42] [Android mgl-srv-apply/INFO]: Enabled optional device extension: VK_EXT_primitive_topology_list_restart
09-23 05:52:42.802 11521 11522 I MobileGL: [05:52:42] [Android mgl-srv-apply/INFO]: Enabled optional device extension: VK_EXT_custom_border_color (maxCustomBorderColorSamplers=4000)
09-23 05:52:42.802 11521 11522 I MobileGL: [05:52:42] [Android mgl-srv-apply/INFO]: Enabled optional device extension: VK_EXT_subgroup_size_control (computeFullSubgroups)
09-23 05:52:42.802 11521 11522 I MobileGL: [05:52:42] [Android mgl-srv-apply/INFO]: Enabled optional device extension: VK_EXT_transform_feedback
09-23 05:52:42.802 11521 11522 I MobileGL: [05:52:42] [Android mgl-srv-apply/INFO]: Enabled optional device extension: VK_EXT_provoking_vertex (transformFeedbackPreservesProvokingVertex=false)
09-23 05:52:42.802 11521 11522 I MobileGL: [05:52:42] [Android mgl-srv-apply/INFO]: Enabled optional device extension: VK_EXT_vertex_attribute_divisor
09-23 05:52:42.802 11521 11522 I MobileGL: [05:52:42] [Android mgl-srv-apply/INFO]: Enabled optional device extension: VK_EXT_multi_draw (maxMultiDrawCount=1024)
09-23 05:52:42.802 11521 11522 I MobileGL: [05:52:42] [Android mgl-srv-apply/INFO]: Device feature support: robustBufferAccess=true geometryShader=true independentBlend=true logicOp=true shaderClipDistance=true shaderCullDistance=true wideLines=true shaderInt64=true vertexStoresAtomics=true fragmentStoresAtomics=true storageImageExtendedFormats=true storageImageReadWithoutFormat=true storageImageWriteWithoutFormat=true drawIndirectFirstInstance=true multiDrawIndirect=true
09-23 05:52:42.802 11521 11522 I MobileGL: [05:52:42] [Android mgl-srv-apply/INFO]: Device feature enabled: robustBufferAccess=true geometryShader=true independentBlend=true logicOp=true shaderClipDistance=true shaderCullDistance=true wideLines=true shaderInt64=true vertexStoresAtomics=true fragmentStoresAtomics=true storageImageExtendedFormats=true storageImageReadWithoutFormat=true storageImageWriteWithoutFormat=true drawIndirectFirstInstance=true multiDrawIndirect=true shaderDrawParameters=true
09-23 05:52:42.804 11521 11522 I MobileGL: [05:52:42] [Android mgl-srv-apply/INFO]: Multi-draw dispatch tier: ext (VK_EXT_multi_draw=true, multiDrawIndirect=true, mode=auto)
09-23 05:52:42.804 11521 11522 I MobileGL: [05:52:42] [Android mgl-srv-apply/INFO]: index type uint8 enabled: true
09-23 05:52:42.804 11521 11522 I MobileGL: [05:52:42] [Android mgl-srv-apply/INFO]: Logical device created.
09-23 05:52:42.804 11521 11522 I MobileGL: [05:52:42] [Android mgl-srv-apply/INFO]: Queues got successfully.
09-23 05:52:42.804 11521 11522 I MobileGL: [05:52:42] [Android mgl-srv-apply/INFO]: Timer queries supported (timestampValidBits=48, timestampPeriod=52.083332 ns/tick)
09-23 05:52:42.823 11521 11522 I MobileGL: [05:52:42] [Android mgl-srv-apply/INFO]: PRIMITIVES_GENERATED probe triangles: drawn=1 stream=0/1 pgq=0(0) stat=1(1)
09-23 05:52:42.823 11521 11522 I MobileGL: [05:52:42] [Android mgl-srv-apply/INFO]: PRIMITIVES_GENERATED probe triangles+discard: drawn=1 stream=0/1 pgq=0(0) stat=0(1)
09-23 05:52:42.823 11521 11522 I MobileGL: [05:52:42] [Android mgl-srv-apply/INFO]: PRIMITIVES_GENERATED probe patches+discard: drawn=1 stream=0/1 pgq=0(0) stat=0(1)
09-23 05:52:42.823 11521 11522 I MobileGL: [05:52:42] [Android mgl-srv-apply/INFO]: PRIMITIVES_GENERATED for XFB-inactive draws will accumulate through a clipping-invocations pipeline-statistics pool
09-23 05:52:42.823 11521 11522 I MobileGL: [05:52:42] [Android mgl-srv-apply/INFO]: Command pool created
09-23 05:52:42.823 11521 11522 I MobileGL: [05:52:42] [Android mgl-srv-apply/INFO]: MaxFramesInFlight: configured request=3
09-23 05:52:42.823 11521 11522 I MobileGL: [05:52:42] [Android mgl-srv-apply/INFO]: MaxFramesInFlight: using 3 (surface minImageCount=11, maxImageCount=64)
09-23 05:52:42.823 11521 11522 I MobileGL: [05:52:42] [Android mgl-srv-apply/INFO]: CreateFrameContexts completed
09-23 05:52:42.823 11521 11522 I MobileGL: [05:52:42] [Android mgl-srv-apply/INFO]: DirectVulkan: using 256 program descriptor bindings
09-23 05:52:42.824 11521 11522 I MobileGL: [05:52:42] [Android mgl-srv-apply/INFO]: Got 5 surface formats:
09-23 05:52:42.825 11521 11522 I MobileGL: [05:52:42] [Android mgl-srv-apply/INFO]: Picked surface format: [VK_FORMAT_R8G8B8A8_UNORM, VK_COLOR_SPACE_SRGB_NONLINEAR_KHR]
09-23 05:52:42.825 11521 11522 I MobileGL: [05:52:42] [Android mgl-srv-apply/INFO]: Got 4 present modes:
09-23 05:52:42.825 11521 11522 I MobileGL: [05:52:42] [Android mgl-srv-apply/INFO]: Picked present mode: VK_PRESENT_MODE_MAILBOX_KHR
09-23 05:52:42.825 11521 11522 I MobileGL: [05:52:42] [Android mgl-srv-apply/INFO]: Set minImageCount = 11
09-23 05:52:42.825 11521 11522 I MobileGL: [05:52:42] [Android mgl-srv-apply/INFO]: Swapchain currentTransform = VK_SURFACE_TRANSFORM_IDENTITY_BIT_KHR
09-23 05:52:42.825 11521 11522 I MobileGL: [05:52:42] [Android mgl-srv-apply/INFO]: Swapchain imageUsage = 0x13 (supportedUsageFlags = 0x9f)
09-23 05:52:42.825 11521 11522 I MobileGL: [05:52:42] [Android mgl-srv-apply/INFO]: Set swapchain preTransform = VK_SURFACE_TRANSFORM_IDENTITY_BIT_KHR
09-23 05:52:42.827 11521 11522 I MobileGL: [05:52:42] [Android mgl-srv-apply/INFO]: Swapchain image views created
09-23 05:52:42.829 11521 11522 I MobileGL: [05:52:42] [Android mgl-srv-apply/INFO]: Swapchain created, extent = 854x480, swapchain imageCount = 11
09-23 05:52:42.829 11521 11522 I MobileGL: [05:52:42] [Android mgl-srv-apply/INFO]: DirectVulkan: suppressing depth writes on accumulation-blended pipelines (driver lacks cross-pipeline position invariance)
09-23 05:52:42.830 11521 11522 I MobileGL: [05:52:42] [Android mgl-srv-apply/INFO]: Vulkan shader subgroup support: detected=true advertised=true size=64 stages=0x30 operations=0x2bf
09-23 05:52:42.830 11521 11522 I MobileGL: [05:52:42] [Android mgl-srv-apply/INFO]: DirectVulkan: clamped GL_MAX_COMPUTE_SHADER_STORAGE_BLOCKS from 16777216 to 256
09-23 05:52:42.830 11521 11522 I MobileGL: [05:52:42] [Android mgl-srv-apply/INFO]: DirectVulkan: clamped GL_MAX_COMBINED_SHADER_STORAGE_BLOCKS from 16777216 to 256
09-23 05:52:42.830 11521 11522 I MobileGL: [05:52:42] [Android mgl-srv-apply/INFO]: DirectVulkan: clamped GL_MAX_COMPUTE_UNIFORM_BLOCKS from 16777216 to 256
09-23 05:52:42.830 11521 11522 I MobileGL: [05:52:42] [Android mgl-srv-apply/INFO]: DirectVulkan: clamped GL_MAX_SHADER_STORAGE_BUFFER_BINDINGS from 16777216 to 256
09-23 05:52:42.830 11521 11522 I MobileGL: [05:52:42] [Android mgl-srv-apply/INFO]: DirectVulkan: clamped GL_MAX_UNIFORM_BUFFER_BINDINGS from 16777216 to 256
09-23 05:52:42.830 11521 11522 I MobileGL: [05:52:42] [Android mgl-srv-apply/INFO]: DirectVulkan: clamped GL_MAX_SHADER_STORAGE_BLOCK_SIZE from 2147483647 to 536870912
09-23 05:52:42.830 11521 11522 E MobileGL: [05:52:42] [Android mgl-srv-apply/ERROR]: NormalizePixelFormat: outFormat: unhandled internalFormat: GL_STENCIL_INDEX8
09-23 05:52:42.830 11521 11522 E MobileGL: [05:52:42] [Android mgl-srv-apply/ERROR]: NormalizePixelFormat: outType: unhandled internalFormat: GL_STENCIL_INDEX8
09-23 05:52:42.832 10352 11520 I MobileGL: [05:52:42] [Android MobileGLTraceRe/INFO]: MG_Remote client: CapsMirror generation 2 adopted (backend=1, callMask=0x3fff00000474)
09-23 05:52:42.832 10352 11520 I MobileGL: [05:52:42] [Android MobileGLTraceRe/INFO]: MG_Remote client: format capabilities filled from caps mirror generation 2
09-23 05:52:42.832 11521 11522 I MobileGL: [05:52:42] [Android mgl-srv-apply/INFO]: Vulkan shader subgroup support: detected=true advertised=true size=64 stages=0x30 operations=0x2bf
09-23 05:52:42.832 11521 11522 I MobileGL: [05:52:42] [Android mgl-srv-apply/INFO]: DirectVulkan: clamped GL_MAX_COMPUTE_SHADER_STORAGE_BLOCKS from 16777216 to 256
09-23 05:52:42.832 11521 11522 I MobileGL: [05:52:42] [Android mgl-srv-apply/INFO]: DirectVulkan: clamped GL_MAX_COMBINED_SHADER_STORAGE_BLOCKS from 16777216 to 256
09-23 05:52:42.832 11521 11522 I MobileGL: [05:52:42] [Android mgl-srv-apply/INFO]: DirectVulkan: clamped GL_MAX_COMPUTE_UNIFORM_BLOCKS from 16777216 to 256
09-23 05:52:42.832 11521 11522 I MobileGL: [05:52:42] [Android mgl-srv-apply/INFO]: DirectVulkan: clamped GL_MAX_SHADER_STORAGE_BUFFER_BINDINGS from 16777216 to 256
09-23 05:52:42.832 11521 11522 I MobileGL: [05:52:42] [Android mgl-srv-apply/INFO]: DirectVulkan: clamped GL_MAX_UNIFORM_BUFFER_BINDINGS from 16777216 to 256
09-23 05:52:42.832 11521 11522 I MobileGL: [05:52:42] [Android mgl-srv-apply/INFO]: DirectVulkan: clamped GL_MAX_SHADER_STORAGE_BLOCK_SIZE from 2147483647 to 536870912
09-23 05:52:42.834 10352 11520 I MobileGL: [05:52:42] [Android MobileGLTraceRe/INFO]: MG_Remote client: CapsMirror generation 3 adopted (backend=1, callMask=0x3fff00000474)
09-23 05:52:42.834 10352 11520 I MobileGL: [05:52:42] [Android MobileGLTraceRe/INFO]: MG_Remote client: format capabilities filled from caps mirror generation 3
09-23 05:52:42.837 10352 11520 W MobileGL: [05:52:42] [Android MobileGLTraceRe/WARN]: Stub function: glDebugMessageControl(...)
09-23 05:52:43.112  7990  8728 I libc    : kill: send 15 to pid 11529
09-23 05:52:43.112  7990  8728 I libc    : debug pid reuse, real pid 11529
09-23 05:52:44.073 11521 11522 W MobileGL: [05:52:44] [Android mgl-srv-apply/WARN]: GetOrCreatePipeline: patching vertex input location=4 format=82 -> 80 to match shader input type=35666 for program=7
09-23 05:52:45.170  7990  8728 I libc    : kill: send 15 to pid 11552
09-23 05:52:45.170  7990  8728 I libc    : debug pid reuse, real pid 11552
09-23 05:52:45.800  3176  4283 E HyperSentinel: ->pid:11521,processName:"/data/app/~~akdT06-gXbOh3E9-_kUo3g==/top.mobilegl.plugin.p7w1.trace-LcyZ79iMzP_ykaj5F2SxQw==/lib/arm64/libMobileGLServer",Rss Memory Size Change 539372kb -> 652912kb
09-23 05:52:46.105  3176  4283 E HyperSentinel: ->pid:11521,processName:"/data/app/~~akdT06-gXbOh3E9-_kUo3g==/top.mobilegl.plugin.p7w1.trace-LcyZ79iMzP_ykaj5F2SxQw==/lib/arm64/libMobileGLServer",Rss Memory Size Change 652912kb -> 784636kb
09-23 05:52:46.273  3176  4283 E HyperSentinel: ->pid:11521,processName:"/data/app/~~akdT06-gXbOh3E9-_kUo3g==/top.mobilegl.plugin.p7w1.trace-LcyZ79iMzP_ykaj5F2SxQw==/lib/arm64/libMobileGLServer",Rss Memory Size Change 784636kb -> 864532kb
09-23 05:52:46.514  3176  4283 E HyperSentinel: ->pid:11521,processName:"/data/app/~~akdT06-gXbOh3E9-_kUo3g==/top.mobilegl.plugin.p7w1.trace-LcyZ79iMzP_ykaj5F2SxQw==/lib/arm64/libMobileGLServer",Rss Memory Size Change 864532kb -> 953504kb
09-23 05:52:46.740  3176  4283 E HyperSentinel: ->pid:11521,processName:"/data/app/~~akdT06-gXbOh3E9-_kUo3g==/top.mobilegl.plugin.p7w1.trace-LcyZ79iMzP_ykaj5F2SxQw==/lib/arm64/libMobileGLServer",Rss Memory Size Change 953504kb -> 1049428kb
09-23 05:52:46.761 10841 10885 I libc    : kill: send 9 to pid 10841
09-23 05:52:46.761 10841 10885 I libc    : debug pid reuse, real pid 10841
09-23 05:52:46.786  3176  3422 I libc    : kill: send 9 to pid -10841
09-23 05:52:46.786  3176  3422 I libc    : debug pid reuse, real pid -10841
09-23 05:52:47.034  3176  4283 E HyperSentinel: ->pid:11521,processName:"/data/app/~~akdT06-gXbOh3E9-_kUo3g==/top.mobilegl.plugin.p7w1.trace-LcyZ79iMzP_ykaj5F2SxQw==/lib/arm64/libMobileGLServer",Rss Memory Size Change 1049428kb -> 1158856kb
09-23 05:52:47.086 11521 11522 I libc    : handling signal: 6
09-23 05:52:47.086 11521 11522 F libc    : Fatal signal 6 (SIGABRT), code -1 (SI_QUEUE) in tid 11522 (mgl-srv-apply), pid 11521 (libMobileGLServ)
09-23 05:52:47.086 11521 11522 I libc    : debuggerd_dispatch_pseudothread start. crashing tid: 11522
09-23 05:52:47.130  3176  4526 W libc    : Access denied finding property "persist.vendor.duraspeed.support"
09-23 05:52:47.200 11568 11568 D nativeloader: InitLlndkLibrariesProduct: libEGL.so:libGLESv1_CM.so:libGLESv2.so:libGLESv3.so:libRS.so:libandroid_net.so:libapexsupport.so:libavf.so:libbinder_ndk.so:libc.so:libcgrouprc.so:libclang_rt.asan-aarch64-android.so:libclang_rt.asan-arm-android.so:libclang_rt.hwasan-aarch64-android.so:libcom.android.tethering.connectivity_native.so:libdl.so:libft2.so:liblog.so:libm.so:libmediandk.so:libnativewindow.so:libneuralnetworks.so:libselinux.so:libsync.so:libvendorsupport.so:libvndksupport.so:libvulkan.so
09-23 05:52:47.200 11568 11568 D nativeloader: Configuring product-clns-10 for unbundled product apk /product/priv-app/AIService/AIService.apk. target_sdk_version=36, uses_libraries=libSNPE.so:libcdsprpc.so:libOpenCL.so, library_path=/product/priv-app/AIService/lib/arm64:/product/priv-app/AIService/AIService.apk!/lib/arm64-v8a:/product/lib64:/system/product/lib64, permitted_path=/data:/mnt/expand:/data/user/0/com.xiaomi.aiservice:/product/lib64:/system/product/lib64
09-23 05:52:47.201 11521 11522 I libc    : crash_dump pid: 11587
09-23 05:52:47.275  3176  4526 W libc    : Access denied finding property "ro.vendor.mtk.hbt_binfmt_misc_support"
09-23 05:52:47.296 11587 11587 W libc    : Access denied finding property "persist.vendor.track.malloc.enable"
09-23 05:52:47.296 11587 11587 W libc    : Access denied finding property "persist.vendor.fd.monitor.enable"
09-23 05:52:47.360 10947 10963 I AndroidRuntime: VM exiting with result code 0, cleanup skipped.
09-23 05:52:47.376  3176  3422 I libc    : kill: send 9 to pid -10947
09-23 05:52:47.376  3176  3422 I libc    : debug pid reuse, real pid -10947
09-23 05:52:47.377  6065 10786 I AndroidRuntime: VM exiting with result code 0, cleanup skipped.
09-23 05:52:47.396  3176  3422 I libc    : kill: send 9 to pid -6065
09-23 05:52:47.396  3176  3422 I libc    : debug pid reuse, real pid -6065
09-23 05:52:48.048 11626 11626 F DEBUG   : Cmdline: /data/app/~~akdT06-gXbOh3E9-_kUo3g==/top.mobilegl.plugin.p7w1.trace-LcyZ79iMzP_ykaj5F2SxQw==/lib/arm64/libMobileGLServer.so @mgl-10352-12970367430672448080
09-23 05:52:48.048 11626 11626 F DEBUG   : pid: 11521, tid: 11522, name: mgl-srv-apply  >>> /data/app/~~akdT06-gXbOh3E9-_kUo3g==/top.mobilegl.plugin.p7w1.trace-LcyZ79iMzP_ykaj5F2SxQw==/lib/arm64/libMobileGLServer.so <<<
09-23 05:52:48.048 11626 11626 F DEBUG   :       #00 pc 000000000007184c  /apex/com.android.runtime/lib64/bionic/libc.so (abort+160) (BuildId: 223a572c9f034c6a9337d8b3bedc75f3)
09-23 05:52:48.048 11626 11626 F DEBUG   :       #01 pc 000000000005d814  /apex/com.android.runtime/lib64/bionic/libc.so (scudo::die()+12) (BuildId: 223a572c9f034c6a9337d8b3bedc75f3)
09-23 05:52:48.048 11626 11626 F DEBUG   :       #02 pc 000000000005e264  /apex/com.android.runtime/lib64/bionic/libc.so (scudo::reportRawError(char const*)+32) (BuildId: 223a572c9f034c6a9337d8b3bedc75f3)
09-23 05:52:48.048 11626 11626 F DEBUG   :       #03 pc 000000000005eb04  /apex/com.android.runtime/lib64/bionic/libc.so (scudo::reportMapError(unsigned long)+176) (BuildId: 223a572c9f034c6a9337d8b3bedc75f3)
09-23 05:52:48.048 11626 11626 F DEBUG   :       #04 pc 000000000005de68  /apex/com.android.runtime/lib64/bionic/libc.so (scudo::MemMapLinux::remapImpl(unsigned long, unsigned long, char const*, unsigned long)+216) (BuildId: 223a572c9f034c6a9337d8b3bedc75f3)
09-23 05:52:48.048 11626 11626 F DEBUG   :       #05 pc 00000000000628b0  /apex/com.android.runtime/lib64/bionic/libc.so (scudo::MapAllocator<scudo::SecondaryConfig<scudo::AndroidNormalConfig>>::allocate(scudo::Options const&, unsigned long, unsigned long, unsigned long*, scudo::FillContentsMode)+464) (BuildId: 223a572c9f034c6a9337d8b3bedc75f3)
09-23 05:52:48.048 11626 11626 F DEBUG   :       #06 pc 000000000005fbd0  /apex/com.android.runtime/lib64/bionic/libc.so (scudo::Allocator<scudo::AndroidNormalConfig, &scudo_malloc_postinit>::allocate(unsigned long, scudo::Chunk::Origin, unsigned long, bool)+904) (BuildId: 223a572c9f034c6a9337d8b3bedc75f3)
09-23 05:52:48.048 11626 11626 F DEBUG   :       #07 pc 000000000005f7c0  /apex/com.android.runtime/lib64/bionic/libc.so (scudo_calloc+52) (BuildId: 223a572c9f034c6a9337d8b3bedc75f3)
09-23 05:52:48.048 11626 11626 F DEBUG   :       #08 pc 000000000005950c  /apex/com.android.runtime/lib64/bionic/libc.so (calloc+60) (BuildId: 223a572c9f034c6a9337d8b3bedc75f3)
09-23 05:52:48.048 11626 11626 F DEBUG   :       #14 pc 00000000008858cc  /data/app/~~akdT06-gXbOh3E9-_kUo3g==/top.mobilegl.plugin.p7w1.trace-LcyZ79iMzP_ykaj5F2SxQw==/lib/arm64/libMobileGL.so (BuildId: 05730fd88b3a6d8a96a82bfa51d7f8e28be3d6ff)
09-23 05:52:48.049 11626 11626 F DEBUG   :       #15 pc 00000000008a1ccc  /data/app/~~akdT06-gXbOh3E9-_kUo3g==/top.mobilegl.plugin.p7w1.trace-LcyZ79iMzP_ykaj5F2SxQw==/lib/arm64/libMobileGL.so (BuildId: 05730fd88b3a6d8a96a82bfa51d7f8e28be3d6ff)
09-23 05:52:48.049 11626 11626 F DEBUG   :       #16 pc 000000000085bf24  /data/app/~~akdT06-gXbOh3E9-_kUo3g==/top.mobilegl.plugin.p7w1.trace-LcyZ79iMzP_ykaj5F2SxQw==/lib/arm64/libMobileGL.so (BuildId: 05730fd88b3a6d8a96a82bfa51d7f8e28be3d6ff)
09-23 05:52:48.049 11626 11626 F DEBUG   :       #17 pc 00000000009ca30c  /data/app/~~akdT06-gXbOh3E9-_kUo3g==/top.mobilegl.plugin.p7w1.trace-LcyZ79iMzP_ykaj5F2SxQw==/lib/arm64/libMobileGL.so (BuildId: 05730fd88b3a6d8a96a82bfa51d7f8e28be3d6ff)
09-23 05:52:48.049 11626 11626 F DEBUG   :       #18 pc 00000000009a7594  /data/app/~~akdT06-gXbOh3E9-_kUo3g==/top.mobilegl.plugin.p7w1.trace-LcyZ79iMzP_ykaj5F2SxQw==/lib/arm64/libMobileGL.so (BuildId: 05730fd88b3a6d8a96a82bfa51d7f8e28be3d6ff)
09-23 05:52:48.049 11626 11626 F DEBUG   :       #19 pc 00000000009a7f70  /data/app/~~akdT06-gXbOh3E9-_kUo3g==/top.mobilegl.plugin.p7w1.trace-LcyZ79iMzP_ykaj5F2SxQw==/lib/arm64/libMobileGL.so (BuildId: 05730fd88b3a6d8a96a82bfa51d7f8e28be3d6ff)
09-23 05:52:48.049 11626 11626 F DEBUG   :       #20 pc 00000000009cb844  /data/app/~~akdT06-gXbOh3E9-_kUo3g==/top.mobilegl.plugin.p7w1.trace-LcyZ79iMzP_ykaj5F2SxQw==/lib/arm64/libMobileGL.so (BuildId: 05730fd88b3a6d8a96a82bfa51d7f8e28be3d6ff)
09-23 05:52:48.049 11626 11626 F DEBUG   :       #21 pc 00000000009ce934  /data/app/~~akdT06-gXbOh3E9-_kUo3g==/top.mobilegl.plugin.p7w1.trace-LcyZ79iMzP_ykaj5F2SxQw==/lib/arm64/libMobileGL.so (BuildId: 05730fd88b3a6d8a96a82bfa51d7f8e28be3d6ff)
09-23 05:52:48.049 11626 11626 F DEBUG   :       #22 pc 00000000009ce2f8  /data/app/~~akdT06-gXbOh3E9-_kUo3g==/top.mobilegl.plugin.p7w1.trace-LcyZ79iMzP_ykaj5F2SxQw==/lib/arm64/libMobileGL.so (BuildId: 05730fd88b3a6d8a96a82bfa51d7f8e28be3d6ff)
09-23 05:52:48.049 11626 11626 F DEBUG   :       #23 pc 00000000009d0630  /data/app/~~akdT06-gXbOh3E9-_kUo3g==/top.mobilegl.plugin.p7w1.trace-LcyZ79iMzP_ykaj5F2SxQw==/lib/arm64/libMobileGL.so (BuildId: 05730fd88b3a6d8a96a82bfa51d7f8e28be3d6ff)
09-23 05:52:48.049 11626 11626 F DEBUG   :       #24 pc 0000000000082d74  /apex/com.android.runtime/lib64/bionic/libc.so (__pthread_start(void*)+184) (BuildId: 223a572c9f034c6a9337d8b3bedc75f3)
09-23 05:52:48.049 11626 11626 F DEBUG   :       #25 pc 00000000000751f0  /apex/com.android.runtime/lib64/bionic/libc.so (__start_thread+68) (BuildId: 223a572c9f034c6a9337d8b3bedc75f3)
09-23 05:52:48.354 11626 11626 I libc    : tombstoned_notify_completion, socket: 8
09-23 05:52:48.360  6687  7215 W PackageUtils: checkIsPreinstallApp: NameNotFoundException-/data/app/~~akdT06-gXbOh3E9-_kUo3g==/top.mobilegl.plugin.p7w1.trace-LcyZ79iMzP_ykaj5F2SxQw==/lib/arm64/libMobileGLServer.so
09-23 05:52:48.360  6687  7215 W System.err: android.content.pm.PackageManager$NameNotFoundException: /data/app/~~akdT06-gXbOh3E9-_kUo3g==/top.mobilegl.plugin.p7w1.trace-LcyZ79iMzP_ykaj5F2SxQw==/lib/arm64/libMobileGLServer.so
09-23 05:52:48.361  6687  7215 I TombstoneParser: ParseTombstone success, for /data/app/~~akdT06-gXbOh3E9-_kUo3g==/top.mobilegl.plugin.p7w1.trace-LcyZ79iMzP_ykaj5F2SxQw==/lib/arm64/libMobileGLServer.soin file :/data/miuilog/stability/nativecrash/tombstones/tombstone_05
09-23 05:52:48.361  6687  7215 W System.err: android.content.pm.PackageManager$NameNotFoundException: /data/app/~~akdT06-gXbOh3E9-_kUo3g==/top.mobilegl.plugin.p7w1.trace-LcyZ79iMzP_ykaj5F2SxQw==/lib/arm64/libMobileGLServer.so
09-23 05:52:48.366  6687  7097 D DigestGenerator: digest=============The device has been root;The device bootloader is unlocked;com.topjohnwu.magisk have been installed;/data/app/~~akdT06-gXbOh3E9-_kUo3g==/top.mobilegl.plugin.p7w1.trace-LcyZ79iMzP_ykaj5F2SxQw==/lib/arm64/libMobileGLServer.soAbort message: 'Scudo ERROR: internal map failure (error desc=Out of memory)'
09-23 05:52:48.366  6687  7097 D DigestGenerator:  /apex/com.android.runtime/lib/bionic/libc.so (abort+) ()
09-23 05:52:48.366  6687  7097 D DigestGenerator:  /apex/com.android.runtime/lib/bionic/libc.so (scudo::die()+) ()
09-23 05:52:48.366  6687  7097 D DigestGenerator:  /apex/com.android.runtime/lib/bionic/libc.so (scudo::reportRawError(char const*)+) ()
09-23 05:52:48.366  6687  7097 D DigestGenerator:  /apex/com.android.runtime/lib/bionic/libc.so (scudo::reportMapError(unsigned long)+) ()
09-23 05:52:48.366  6687  7097 D DigestGenerator:  /apex/com.android.runtime/lib/bionic/libc.so (scudo::MemMapLinux::remapImpl(unsigned long, unsigned long, char const*, unsigned long)+) ()
09-23 05:52:48.366  6687  7097 D DigestGenerator:  /apex/com.android.runtime/lib/bionic/libc.so (scudo::MapAllocator<scudo::SecondaryConfig<scudo::AndroidNormalConfig>>::allocate(scudo::Options const&, unsigned long, unsigned long, unsigned long*, scudo::FillContentsMode)+) ()
09-23 05:52:48.366  6687  7097 D DigestGenerator:  /apex/com.android.runtime/lib/bionic/libc.so (scudo::Allocator<scudo::AndroidNormalConfig, &scudo_malloc_postinit>::allocate(unsigned long, scudo::Chunk::Origin, unsigned long, bool)+) ()
09-23 05:52:48.366  6687  7097 D DigestGenerator:  /apex/com.android.runtime/lib/bionic/libc.so (scudo_calloc+) ()
09-23 05:52:48.366  6687  7097 D DigestGenerator:  /apex/com.android.runtime/lib/bionic/libc.so (calloc+) ()
09-23 05:52:48.366  6687  7097 D DigestGenerator:  XXlib/arm/libMobileGL.so ()
09-23 05:52:48.366  6687  7097 D DigestGenerator:  XXlib/arm/libMobileGL.so ()
09-23 05:52:48.366  6687  7097 D DigestGenerator:  XXlib/arm/libMobileGL.so ()
09-23 05:52:48.366  6687  7097 D DigestGenerator:  XXlib/arm/libMobileGL.so ()
09-23 05:52:48.366  6687  7097 D DigestGenerator:  XXlib/arm/libMobileGL.so ()
09-23 05:52:48.366  6687  7097 D DigestGenerator:  XXlib/arm/libMobileGL.so ()
09-23 05:52:48.366  6687  7097 D DigestGenerator:  XXlib/arm/libMobileGL.so ()
09-23 05:52:48.366  6687  7097 D DigestGenerator:  XXlib/arm/libMobileGL.so ()
09-23 05:52:48.366  6687  7097 D DigestGenerator:  XXlib/arm/libMobileGL.so ()
09-23 05:52:48.366  6687  7097 D DigestGenerator:  XXlib/arm/libMobileGL.so ()
09-23 05:52:48.366  6687  7097 D DigestGenerator:  /apex/com.android.runtime/lib/bionic/libc.so (__pthread_start(void*)+) ()
09-23 05:52:48.366  6687  7097 D DigestGenerator:  /apex/com.android.runtime/lib/bionic/libc.so (__start_thread+) ()
09-23 05:52:48.367  6687  7097 D MiSightJni: MiSight: Java_com_miui_misight_MiSight_nativeSendEvent enter called. '{"Stacktrace":"#14 pc 00000000008858cc  \/data\/app\/~~akdT06-gXbOh3E9-_kUo3g==\/top.mobilegl.plugin.p7w1.trace-LcyZ79iMzP_ykaj5F2SxQw==\/lib\/arm64\/libMobileGL.so (BuildId: 05730fd88b3a6d8a96a82bfa51d7f8e28be3d6ff)\n      #15 pc 00000000008a1ccc  \/data\/app\/~~akdT06-gXbOh3E9-_kUo3g==\/top.mobilegl.plugin.p7w1.trace-LcyZ79iMzP_ykaj5F2SxQw==\/lib\/arm64\/libMobileGL.so (BuildId: 05730fd88b3a6d8a96a82bfa51d7f8e28be3d6ff)\n      #16 pc 000000000085bf24  \/data\/app\/~~akdT06-gXbOh3E9-_kUo3g==\/top.mobilegl.plugin.p7w1.trace-LcyZ79iMzP_ykaj5F2SxQw==\/lib\/arm64\/libMobileGL.so (BuildId: 05730fd88b3a6d8a96a82bfa51d7f8e28be3d6ff)\n      #17 pc 00000000009ca30c  \/data\/app\/~~akdT06-gXbOh3E9-_kUo3g==\/top.mobilegl.plugin.p7w1.trace-LcyZ79iMzP_ykaj5F2SxQw==\/lib\/arm64\/libMobileGL.so (BuildId: 05730fd88b3a6d8a96a82bfa51d7f8e28be3d6ff)\n      #18 pc 00000000009a7594  \/data\/app\/~~akdT06-gXbOh3E9-_kUo3g==\/top.mobilegl.plugin.p7w1.trace-LcyZ7
09-23 05:52:48.367  6687  7097 D MiEvent : flatten EventId 901001003 -t 1790113968 -paraList {"CrashType":"100000000","CurrentTime":1790113967000,"Digest":"a8e9ca60f2009d66e9141d259c369cae","Keyword":"{\"vn\":\"\",\"vc\":\"\",\"isRoot\":false,\"count\":1,\"preInstalled\":false,\"unfold\":false,\"ram\":15,\"rom\":264}","PackageName":"/data/app/~~akdT06-gXbOh3E9-_kUo3g==/top.mobilegl.plugin.p7w1.trace-LcyZ79iMzP_ykaj5F2SxQw==/lib/arm64/libMobileGLServer.so","Stacktrace":"#14 pc 00000000008858cc  /data/app/~~akdT06-gXbOh3E9-_kUo3g==/top.mobilegl.plugin.p7w1.trace-LcyZ79iMzP_ykaj5F2SxQw==/lib/arm64/libMobileGL.so (BuildId: 05730fd88b3a6d8a96a82bfa51d7f8e28be3d6ff)\n      #15 pc 00000000008a1ccc  /data/app/~~akdT06-gXbOh3E9-_kUo3g==/top.mobilegl.plugin.p7w1.trace-LcyZ79iMzP_ykaj5F2SxQw==/lib/arm64/libMobileGL.so (BuildId: 05730fd88b3a6d8a96a82bfa51d7f8e28be3d6ff)\n      #16 pc 000000000085bf24  /data/app/~~akdT06-gXbOh3E9-_kUo3g==/top.mobilegl.plugin.p7w1.trace-LcyZ79iMzP_ykaj5F2SxQw==/lib/arm64/libMobileGL.so (BuildId: 05730fd88b3a6d8a96a82bfa51d7f8e28be
09-23 05:52:48.368  6687  7097 D MiEvent : report:EventId 901001003 -t 1790113968 -paraList {"CrashType":"100000000","CurrentTime":1790113967000,"Digest":"a8e9ca60f2009d66e9141d259c369cae","Keyword":"{\"vn\":\"\",\"vc\":\"\",\"isRoot\":false,\"count\":1,\"preInstalled\":false,\"unfold\":false,\"ram\":15,\"rom\":264}","PackageName":"/data/app/~~akdT06-gXbOh3E9-_kUo3g==/top.mobilegl.plugin.p7w1.trace-LcyZ79iMzP_ykaj5F2SxQw==/lib/arm64/libMobileGLServer.so","Stacktrace":"#14 pc 00000000008858cc  /data/app/~~akdT06-gXbOh3E9-_kUo3g==/top.mobilegl.plugin.p7w1.trace-LcyZ79iMzP_ykaj5F2SxQw==/lib/arm64/libMobileGL.so (BuildId: 05730fd88b3a6d8a96a82bfa51d7f8e28be3d6ff)\n      #15 pc 00000000008a1ccc  /data/app/~~akdT06-gXbOh3E9-_kUo3g==/top.mobilegl.plugin.p7w1.trace-LcyZ79iMzP_ykaj5F2SxQw==/lib/arm64/libMobileGL.so (BuildId: 05730fd88b3a6d8a96a82bfa51d7f8e28be3d6ff)\n      #16 pc 000000000085bf24  /data/app/~~akdT06-gXbOh3E9-_kUo3g==/top.mobilegl.plugin.p7w1.trace-LcyZ79iMzP_ykaj5F2SxQw==/lib/arm64/libMobileGL.so (BuildId: 05730fd88b3a6d8a96a82bfa51d7f8e28be3
09-23 05:52:48.369  6687  7097 D MQSEventManager: send MSG_JUDGE_TRANSMISSION packageName /data/app/~~akdT06-gXbOh3E9-_kUo3g==/top.mobilegl.plugin.p7w1.trace-LcyZ79iMzP_ykaj5F2SxQw==/lib/arm64/libMobileGLServer.so
09-23 05:52:48.381 30762 30801 I SmartAppAssistant: SystemUtil /data/app/~~akdT06-gXbOh3E9-_kUo3g==/top.mobilegl.plugin.p7w1.trace-LcyZ79iMzP_ykaj5F2SxQw==/lib/arm64/libMobileGLServer.so is not the main process
09-23 05:52:48.629 10352 11520 I MobileGL: [05:52:48] [Android MobileGLTraceRe/INFO]: MG_Remote doorbell: the peer hung up (witness fd 165, revents=0x2010) - this is the DEATH FACT, taken from a descriptor and not from a deadline: a server one frame behind is the intended steady state and must never be mistaken for one that is gone (CONTRACT-P6 5.4)
09-23 05:52:48.629 10352 11520 E MobileGL: [05:52:48] [Android MobileGLTraceRe/ERROR]: MGPipe: DEVICE LOST - the barrier woke on a peer that had hung up. The server process is gone; every verb from here is DECLINED and glGetGraphicsResetStatus reports GL_UNKNOWN_CONTEXT_RESET. This is latched from the peer's HANGUP and not from any deadline (CONTRACT-P6 5.4): a server one frame behind is P5e's intended steady state and must never read as a dead one. There is no recovery - MOBILEGL_IPC_RESPAWN is the stage that would add one and it is refused by name until then.
09-23 05:52:48.629 10352 11520 E MobileGL: [05:52:48] [Android MobileGLTraceRe/ERROR]: MG_Remote client: the barrier for ResourceRespecify (seq 288921) woke on a dead doorbell; the server is gone and this verb did not happen (reported as DECLINED, not ERROR)
09-23 05:52:48.629 10352 11520 F MobileGL: [05:52:48] [Android MobileGLTraceRe/FATAL]: MGPipe: Fatal{UncarriedInitialBytes, "resource_respecify"} - the respecify crossed with initialBytes = nullptr (R-13.3) and the resource_subdata records that were supposed to follow it emitted NOTHING, so 11664 bytes of initial content exist on no side of the wire
09-23 05:52:48.629 10352 11520 I libc    : handling signal: 6
09-23 05:52:48.630 10352 11520 F libc    : Fatal signal 6 (SIGABRT), code -1 (SI_QUEUE) in tid 11520 (MobileGLTraceRe), pid 10352 (ugin.p7w1.trace)
09-23 05:52:48.630 10352 11520 I libc    : debuggerd_dispatch_pseudothread start. crashing tid: 11520
09-23 05:52:48.651 10352 11520 I libc    : crash_dump pid: 11646
09-23 05:52:48.681 11646 11646 W libc    : Access denied finding property "persist.vendor.track.malloc.enable"
09-23 05:52:48.681 11646 11646 W libc    : Access denied finding property "persist.vendor.fd.monitor.enable"
09-23 05:52:48.945 11647 11647 F DEBUG   : pid: 10352, tid: 11520, name: MobileGLTraceRe  >>> top.mobilegl.plugin.p7w1.trace <<<
09-23 05:52:48.945 11647 11647 F DEBUG   : Abort message: '[05:52:48] [Android MobileGLTraceRe/FATAL]: MGPipe: Fatal{UncarriedInitialBytes, "resource_respecify"} - the respecify crossed with initialBytes = nullptr (R-13.3) and the resource_subdata records that were supposed to follow it emitted NOTHING, so 11664 bytes of initial content exist on no side of the wire'
09-23 05:52:48.945 11647 11647 F DEBUG   :       #00 pc 000000000007184c  /apex/com.android.runtime/lib64/bionic/libc.so (abort+160) (BuildId: 223a572c9f034c6a9337d8b3bedc75f3)
09-23 05:52:48.945 11647 11647 F DEBUG   :       #01 pc 0000000000966bb8  /data/app/~~akdT06-gXbOh3E9-_kUo3g==/top.mobilegl.plugin.p7w1.trace-LcyZ79iMzP_ykaj5F2SxQw==/lib/arm64/libMobileGL.so (BuildId: 05730fd88b3a6d8a96a82bfa51d7f8e28be3d6ff)
09-23 05:52:48.945 11647 11647 F DEBUG   :       #02 pc 000000000092ab18  /data/app/~~akdT06-gXbOh3E9-_kUo3g==/top.mobilegl.plugin.p7w1.trace-LcyZ79iMzP_ykaj5F2SxQw==/lib/arm64/libMobileGL.so (BuildId: 05730fd88b3a6d8a96a82bfa51d7f8e28be3d6ff)
09-23 05:52:48.945 11647 11647 F DEBUG   :       #03 pc 0000000000518810  /data/app/~~akdT06-gXbOh3E9-_kUo3g==/top.mobilegl.plugin.p7w1.trace-LcyZ79iMzP_ykaj5F2SxQw==/lib/arm64/libtrace_replay_runner.so (BuildId: 3d06283277788e3c03041ce7ad63185ec723ff9c)
09-23 05:52:48.945 11647 11647 F DEBUG   :       #04 pc 00000000004614b0  /data/app/~~akdT06-gXbOh3E9-_kUo3g==/top.mobilegl.plugin.p7w1.trace-LcyZ79iMzP_ykaj5F2SxQw==/lib/arm64/libtrace_replay_runner.so (BuildId: 3d06283277788e3c03041ce7ad63185ec723ff9c)
09-23 05:52:48.945 11647 11647 F DEBUG   :       #05 pc 00000000004602cc  /data/app/~~akdT06-gXbOh3E9-_kUo3g==/top.mobilegl.plugin.p7w1.trace-LcyZ79iMzP_ykaj5F2SxQw==/lib/arm64/libtrace_replay_runner.so (mobilegl_apitrace_main+5072) (BuildId: 3d06283277788e3c03041ce7ad63185ec723ff9c)
09-23 05:52:48.945 11647 11647 F DEBUG   :       #06 pc 000000000045042c  /data/app/~~akdT06-gXbOh3E9-_kUo3g==/top.mobilegl.plugin.p7w1.trace-LcyZ79iMzP_ykaj5F2SxQw==/lib/arm64/libtrace_replay_runner.so (BuildId: 3d06283277788e3c03041ce7ad63185ec723ff9c)
09-23 05:52:48.945 11647 11647 F DEBUG   :       #07 pc 000000000044ee68  /data/app/~~akdT06-gXbOh3E9-_kUo3g==/top.mobilegl.plugin.p7w1.trace-LcyZ79iMzP_ykaj5F2SxQw==/lib/arm64/libtrace_replay_runner.so (mobilegl_trace::RunTraceReplay(mobilegl_trace::Request const&)+3176) (BuildId: 3d06283277788e3c03041ce7ad63185ec723ff9c)
09-23 05:52:48.945 11647 11647 F DEBUG   :       #08 pc 0000000000455178  /data/app/~~akdT06-gXbOh3E9-_kUo3g==/top.mobilegl.plugin.p7w1.trace-LcyZ79iMzP_ykaj5F2SxQw==/lib/arm64/libtrace_replay_runner.so (Java_top_mobilegl_plugin_trace_TraceReplayActivity_nativeRunTraceReplay+2068) (BuildId: 3d06283277788e3c03041ce7ad63185ec723ff9c)
09-23 05:52:48.946 11647 11647 F DEBUG   :       #43 pc 0000000000082d74  /apex/com.android.runtime/lib64/bionic/libc.so (__pthread_start(void*)+184) (BuildId: 223a572c9f034c6a9337d8b3bedc75f3)
09-23 05:52:48.946 11647 11647 F DEBUG   :       #44 pc 00000000000751f0  /apex/com.android.runtime/lib64/bionic/libc.so (__start_thread+68) (BuildId: 223a572c9f034c6a9337d8b3bedc75f3)
09-23 05:52:48.981 11647 11647 I libc    : tombstoned_notify_completion, socket: 8
09-23 05:52:48.997  4411  5837 D RecentsTaskLoader: reloadTasksData [TaskKey{id=398, stackId=0, baseIntent=Intent { act=top.mobilegl.plugin.TRACE_REPLAY flg=0x10000000 cmp=top.mobilegl.plugin.p7w1.trace/top.mobilegl.plugin.trace.TraceReplayActivity }, userId=0, lastActiveTime=13624253, windowingMode=1, isThumbnailBlur=false, isAccessLocked=false, isScreening=false, topActivity=null, mHashCode=12780370}, title=MobileGL, titleDescription=MobileGL, bounds=null, isLaunchTarget=false, isStackTask=true, isSystemApp=false, isDockable=true, baseActivity=null, isLocked=false, mNeedHide=false, hasMultipleTasks=false, cti1Key=, cti2Key=, cti1Task=, cti2Task=] 
09-23 05:52:48.999  6687  7097 D DigestGenerator: digest=============The device has been root;The device bootloader is unlocked;com.topjohnwu.magisk have been installed;top.mobilegl.plugin.p7w1.traceAbort message: '[::] [Android MobileGLTraceRe/FATAL]: MGPipe: Fatal{UncarriedInitialBytes, "resource_respecify"} - the respecify crossed with initialBytes = nullptr (R-.) and the resource_subdata records that were supposed to follow it emitted NOTHING, so  bytes of initial content exist on no side of the wire'
09-23 05:52:48.999  6687  7097 D DigestGenerator:  /apex/com.android.runtime/lib/bionic/libc.so (abort+) ()
09-23 05:52:48.999  6687  7097 D DigestGenerator:  XXlib/arm/libMobileGL.so ()
09-23 05:52:48.999  6687  7097 D DigestGenerator:  XXlib/arm/libMobileGL.so ()
09-23 05:52:48.999  6687  7097 D DigestGenerator:  XXlib/arm/libtrace_replay_runner.so ()
09-23 05:52:48.999  6687  7097 D DigestGenerator:  XXlib/arm/libtrace_replay_runner.so ()
09-23 05:52:48.999  6687  7097 D DigestGenerator:  XXlib/arm/libtrace_replay_runner.so (mobilegl_apitrace_main+) ()
09-23 05:52:48.999  6687  7097 D DigestGenerator:  XXlib/arm/libtrace_replay_runner.so ()
09-23 05:52:48.999  6687  7097 D DigestGenerator:  XXlib/arm/libtrace_replay_runner.so (mobilegl_trace::RunTraceReplay(mobilegl_trace::Request const&)+) ()
09-23 05:52:48.999  6687  7097 D DigestGenerator:  XXlib/arm/libtrace_replay_runner.so (Java_top_mobilegl_plugin_trace_TraceReplayActivity_nativeRunTraceReplay+) ()
09-23 05:52:48.999  6687  7097 D DigestGenerator:  /apex/com.android.runtime/lib/bionic/libc.so (__pthread_start(void*)+) ()
09-23 05:52:48.999  6687  7097 D DigestGenerator:  /apex/com.android.runtime/lib/bionic/libc.so (__start_thread+) ()
09-23 05:52:49.025  3176  3422 I libc    : kill: send 9 to pid -10352
09-23 05:52:49.025  3176  3422 I libc    : debug pid reuse, real pid -10352
09-23 05:52:49.026  3176  3422 I libc    : kill: send 9 to pid -10352
09-23 05:52:49.026  3176  3422 I libc    : debug pid reuse, real pid -10352
09-23 05:52:49.061  2024  2024 W libc    : Access denied finding property "vendor.gpp.create_frc_extension"
09-23 05:52:49.123  4411  4411 I WindowAnimParamsProvider: getClosingWindowAnimParams getClosingShortcutIcon task before=  [TaskKey{id=398, stackId=0, baseIntent=Intent { act=top.mobilegl.plugin.TRACE_REPLAY flg=0x10000000 cmp=top.mobilegl.plugin.p7w1.trace/top.mobilegl.plugin.trace.TraceReplayActivity }, userId=0, lastActiveTime=13624253, windowingMode=1, isThumbnailBlur=false, isAccessLocked=false, isScreening=false, topActivity=null, mHashCode=12780370}, title=MobileGL, titleDescription=MobileGL, bounds=null, isLaunchTarget=false, isStackTask=true, isSystemApp=false, isDockable=true, baseActivity=null, isLocked=false, mNeedHide=false, hasMultipleTasks=false, cti1Key=, cti2Key=, cti1Task=, cti2Task=] 
09-23 05:52:49.123  4411  4411 I WindowAnimParamsProvider: getClosingWindowAnimParams getClosingShortcutIcon task after=  [TaskKey{id=398, stackId=0, baseIntent=Intent { act=top.mobilegl.plugin.TRACE_REPLAY flg=0x10000000 cmp=top.mobilegl.plugin.p7w1.trace/top.mobilegl.plugin.trace.TraceReplayActivity }, userId=0, lastActiveTime=13624253, windowingMode=1, isThumbnailBlur=false, isAccessLocked=false, isScreening=false, topActivity=null, mHashCode=12780370}, title=MobileGL, titleDescription=MobileGL, bounds=null, isLaunchTarget=false, isStackTask=true, isSystemApp=false, isDockable=true, baseActivity=null, isLocked=false, mNeedHide=false, hasMultipleTasks=false, cti1Key=, cti2Key=, cti1Task=, cti2Task=] 
09-23 05:52:49.124  4411  4411 I WindowAnimParamsProvider: getUserIdFromRemoteTarget task before=  [TaskKey{id=398, stackId=0, baseIntent=Intent { act=top.mobilegl.plugin.TRACE_REPLAY flg=0x10000000 cmp=top.mobilegl.plugin.p7w1.trace/top.mobilegl.plugin.trace.TraceReplayActivity }, userId=0, lastActiveTime=13624253, windowingMode=1, isThumbnailBlur=false, isAccessLocked=false, isScreening=false, topActivity=null, mHashCode=12780370}, title=MobileGL, titleDescription=MobileGL, bounds=null, isLaunchTarget=false, isStackTask=true, isSystemApp=false, isDockable=true, baseActivity=null, isLocked=false, mNeedHide=false, hasMultipleTasks=false, cti1Key=, cti2Key=, cti1Task=, cti2Task=] 
09-23 05:52:49.124  4411  4411 I WindowAnimParamsProvider: getUserIdFromRemoteTarget task after=  [TaskKey{id=398, stackId=0, baseIntent=Intent { act=top.mobilegl.plugin.TRACE_REPLAY flg=0x10000000 cmp=top.mobilegl.plugin.p7w1.trace/top.mobilegl.plugin.trace.TraceReplayActivity }, userId=0, lastActiveTime=13624253, windowingMode=1, isThumbnailBlur=false, isAccessLocked=false, isScreening=false, topActivity=null, mHashCode=12780370}, title=MobileGL, titleDescription=MobileGL, bounds=null, isLaunchTarget=false, isStackTask=true, isSystemApp=false, isDockable=true, baseActivity=null, isLocked=false, mNeedHide=false, hasMultipleTasks=false, cti1Key=, cti2Key=, cti1Task=, cti2Task=] 
trace-replay-ci.sh: app trace-replay files:
/data/user/0/top.mobilegl.plugin.p7w1.trace/files/trace-replay:
total 12
drwxrwxrwx 4 u0_a318 u0_a318 3452 2026-09-23 05:52 .
drwxrwxrwx 3 u0_a318 u0_a318 3452 2026-09-23 05:52 ..
drwxrwxrwx 2 u0_a318 u0_a318 3452 2026-09-23 05:52 input
drwxrwxrwx 2 u0_a318 u0_a318 3452 2026-09-23 05:52 output

/data/user/0/top.mobilegl.plugin.p7w1.trace/files/trace-replay/input:
total 7474
drwxrwxrwx 2 u0_a318 u0_a318    3452 2026-09-23 05:52 .
drwxrwxrwx 4 u0_a318 u0_a318    3452 2026-09-23 05:52 ..
-rw-r--r-- 1 u0_a318 u0_a318  227372 2026-09-23 05:52 golden.png
-rw-r--r-- 1 u0_a318 u0_a318 7409935 2026-09-23 05:52 trace.trace

/data/user/0/top.mobilegl.plugin.p7w1.trace/files/trace-replay/output:
total 46
drwxrwxrwx 2 u0_a318 u0_a318  3452 2026-09-23 05:52 .
drwxrwxrwx 4 u0_a318 u0_a318  3452 2026-09-23 05:52 ..
-rw------- 1 u0_a318 u0_a318  8295 2026-09-23 05:52 mobilegl.client.log
-rw------- 1 u0_a318 u0_a318 23337 2026-09-23 05:52 mobilegl.server.log
-rw------- 1 u0_a318 u0_a318   106 2026-09-23 05:52 retrace.log
archived repeat 2 to .trace-work\p7w4\bsl-spawn\minecraft-1.21.4-fabric-iris-bsl-esc-menu-854-DirectVulkan\repeat-02
C:\Users\geekerwan\AndroidStudioProjects\FoldCraftLauncher\MobileGL-disagg\.trace-work\android-retrace-summary\mobilegl-android-retrace-overview.html
