=== Android retrace: OpenRA / DirectVulkan (repeat 1/1) ===
C:\Users\geekerwan\AndroidStudioProjects\FoldCraftLauncher\MobileGL-disagg\.trace-work\android-retrace-fixture\OpenRA\openra.trace: 1 file pushed, 0 skipped. 68.2 MB/s (22192645 bytes in 0.311s)
C:\Users\geekerwan\AndroidStudioProjects\FoldCraftLauncher\MobileGL-disagg\tools\trace_replay\fixtures\openra.0000031249.png: 1 file pushed, 0 skipped. 20.7 MB/s (403752 bytes in 0.019s)
Starting: Intent { act=top.mobilegl.plugin.TRACE_REPLAY cmp=top.mobilegl.plugin.p7w1.trace/top.mobilegl.plugin.trace.TraceReplayActivity (has extras) }
{
  "passed": false,
  "statusCode": 6,
  "message": "retrace completed; ssim=0.976494, ssimThreshold=0.990000, mismatchPixels=14658, matchedGoldenPath=/data/user/0/top.mobilegl.plugin.p7w1.trace/files/trace-replay/input/golden.png",
  "tracePath": "/data/user/0/top.mobilegl.plugin.p7w1.trace/files/trace-replay/input/trace.trace",
  "goldenPath": "/data/user/0/top.mobilegl.plugin.p7w1.trace/files/trace-replay/input/golden.png",
  "alternateGoldenPaths": [],
  "matchedGoldenPath": "/data/user/0/top.mobilegl.plugin.p7w1.trace/files/trace-replay/input/golden.png",
  "actualPath": "/data/user/0/top.mobilegl.plugin.p7w1.trace/files/trace-replay/output/actual.png",
  "diffPath": "/data/user/0/top.mobilegl.plugin.p7w1.trace/files/trace-replay/output/OpenRA-diff.png",
  "backend": "DirectVulkan",
  "angleVariant": "",
  "targetFrame": -1,
  "targetCall": 31249,
  "width": 640,
  "height": 480,
  "cropX": 1,
  "cropY": 1,
  "cropWidth": 638,
  "cropHeight": 478,
  "ssim": 0.976493989,
  "ssimThreshold": 0.990000000,
  "useAngle": false,
  "usePbuffer": true,
  "avoidAngleLlvmpipeSamplerMipmapMinFilter": false,
  "avoidAngleLlvmpipeExplicitLodBias": false,
  "fixIterationRPSubgroupScratch": false,
  "deriveNumSubgroups": false,
  "iterationRPFixBarrier": false,
  "holdMs": 0,
  "mismatchPixels": 14658
}
trace-replay-ci.sh: tail of mobilegl.log:
[05:12:32] [Android mgl-srv-apply/INFO]:     VK_QCOM_render_pass_shader_resolve (r.4)
[05:12:32] [Android mgl-srv-apply/INFO]:     VK_KHR_maintenance1 (r.2)
[05:12:32] [Android mgl-srv-apply/INFO]:     VK_KHR_maintenance2 (r.1)
[05:12:32] [Android mgl-srv-apply/INFO]:     VK_KHR_maintenance3 (r.1)
[05:12:32] [Android mgl-srv-apply/INFO]:     VK_KHR_maintenance4 (r.2)
[05:12:32] [Android mgl-srv-apply/INFO]:     VK_KHR_maintenance5 (r.1)
[05:12:32] [Android mgl-srv-apply/INFO]:     VK_KHR_maintenance6 (r.1)
[05:12:32] [Android mgl-srv-apply/INFO]:     VK_KHR_separate_depth_stencil_layouts (r.1)
[05:12:32] [Android mgl-srv-apply/INFO]:     VK_EXT_image_robustness (r.1)
[05:12:32] [Android mgl-srv-apply/INFO]:     VK_EXT_calibrated_timestamps (r.2)
[05:12:32] [Android mgl-srv-apply/INFO]:     VK_KHR_buffer_device_address (r.1)
[05:12:32] [Android mgl-srv-apply/INFO]:     VK_EXT_extended_dynamic_state (r.1)
[05:12:32] [Android mgl-srv-apply/INFO]:     VK_EXT_queue_family_foreign (r.1)
[05:12:32] [Android mgl-srv-apply/INFO]:     VK_KHR_shader_quad_control (r.1)
[05:12:32] [Android mgl-srv-apply/INFO]:     VK_EXT_image_view_min_lod (r.1)
[05:12:32] [Android mgl-srv-apply/INFO]:     VK_ANDROID_external_format_resolve (r.1)
[05:12:32] [Android mgl-srv-apply/INFO]:     VK_QCOM_ycbcr_degamma (r.1)
[05:12:32] [Android mgl-srv-apply/INFO]:     VK_KHR_bind_memory2 (r.1)
[05:12:32] [Android mgl-srv-apply/INFO]:     VK_EXT_pipeline_protected_access (r.1)
[05:12:32] [Android mgl-srv-apply/INFO]:     VK_KHR_external_semaphore (r.1)
[05:12:32] [Android mgl-srv-apply/INFO]:     VK_KHR_shader_terminate_invocation (r.1)
[05:12:32] [Android mgl-srv-apply/INFO]:     VK_QCOM_fragment_density_map_offset (r.2)
[05:12:32] [Android mgl-srv-apply/INFO]:     VK_EXT_scalar_block_layout (r.1)
[05:12:32] [Android mgl-srv-apply/INFO]:     VK_KHR_map_memory2 (r.1)
[05:12:32] [Android mgl-srv-apply/INFO]:     VK_EXT_load_store_op_none (r.1)
[05:12:32] [Android mgl-srv-apply/INFO]:     VK_KHR_load_store_op_none (r.1)
[05:12:32] [Android mgl-srv-apply/INFO]:     VK_KHR_shader_maximal_reconvergence (r.1)
[05:12:32] [Android mgl-srv-apply/INFO]:     VK_KHR_sampler_ycbcr_conversion (r.14)
[05:12:32] [Android mgl-srv-apply/INFO]:     VK_EXT_vertex_attribute_divisor (r.3)
[05:12:32] [Android mgl-srv-apply/INFO]:     VK_KHR_variable_pointers (r.1)
[05:12:32] [Android mgl-srv-apply/INFO]:     VK_QCOM_multiview_per_view_viewports (r.1)
[05:12:32] [Android mgl-srv-apply/INFO]:     VK_KHR_ray_query (r.1)
[05:12:32] [Android mgl-srv-apply/INFO]:     VK_EXT_primitives_generated_query (r.1)
[05:12:32] [Android mgl-srv-apply/INFO]:     VK_KHR_push_descriptor (r.2)
[05:12:32] [Android mgl-srv-apply/INFO]:     VK_KHR_timeline_semaphore (r.2)
[05:12:32] [Android mgl-srv-apply/INFO]:     VK_EXT_device_memory_report (r.2)
[05:12:32] [Android mgl-srv-apply/INFO]:     VK_KHR_shader_subgroup_rotate (r.2)
[05:12:32] [Android mgl-srv-apply/INFO]:     VK_KHR_imageless_framebuffer (r.1)
[05:12:32] [Android mgl-srv-apply/INFO]:     VK_KHR_device_group (r.4)
[05:12:32] [Android mgl-srv-apply/INFO]:     VK_EXT_device_fault (r.2)
[05:12:32] [Android mgl-srv-apply/INFO]:     VK_KHR_relaxed_block_layout (r.1)
[05:12:32] [Android mgl-srv-apply/INFO]:     VK_KHR_shader_expect_assume (r.1)
[05:12:32] [Android mgl-srv-apply/INFO]:     VK_KHR_shader_atomic_int64 (r.1)
[05:12:32] [Android mgl-srv-apply/INFO]:     VK_KHR_external_fence (r.1)
[05:12:32] [Android mgl-srv-apply/INFO]:     VK_KHR_shader_non_semantic_info (r.1)
[05:12:32] [Android mgl-srv-apply/INFO]:     VK_EXT_shader_atomic_float (r.1)
[05:12:32] [Android mgl-srv-apply/INFO]:     VK_EXT_custom_border_color (r.12)
[05:12:32] [Android mgl-srv-apply/INFO]:     VK_EXT_host_query_reset (r.1)
[05:12:32] [Android mgl-srv-apply/INFO]:     VK_EXT_index_type_uint8 (r.1)
[05:12:32] [Android mgl-srv-apply/INFO]:     VK_KHR_multiview (r.1)
[05:12:32] [Android mgl-srv-apply/INFO]:     VK_KHR_storage_buffer_storage_class (r.1)
[05:12:32] [Android mgl-srv-apply/INFO]:     VK_EXT_fragment_density_map2 (r.1)
[05:12:32] [Android mgl-srv-apply/INFO]:     VK_QCOM_filter_cubic_weights (r.1)
[05:12:32] [Android mgl-srv-apply/INFO]:     VK_KHR_workgroup_memory_explicit_layout (r.1)
[05:12:32] [Android mgl-srv-apply/INFO]:     VK_QCOM_rotated_copy_commands (r.2)
[05:12:32] [Android mgl-srv-apply/INFO]:     VK_KHR_shader_subgroup_extended_types (r.1)
[05:12:32] [Android mgl-srv-apply/INFO]:     VK_EXT_external_memory_acquire_unmodified (r.1)
[05:12:32] [Android mgl-srv-apply/INFO]:     VK_EXT_private_data (r.1)
[05:12:32] [Android mgl-srv-apply/INFO]:     VK_EXT_descriptor_buffer (r.1)
[05:12:32] [Android mgl-srv-apply/INFO]:     VK_EXT_conditional_rendering (r.2)
[05:12:32] [Android mgl-srv-apply/INFO]:     VK_EXT_mutable_descriptor_type (r.1)
[05:12:32] [Android mgl-srv-apply/INFO]:     VK_EXT_pipeline_creation_cache_control (r.3)
[05:12:32] [Android mgl-srv-apply/INFO]:     VK_EXT_robustness2 (r.1)
[05:12:32] [Android mgl-srv-apply/INFO]:     VK_KHR_shader_clock (r.1)
[05:12:32] [Android mgl-srv-apply/INFO]:     VK_EXT_shader_module_identifier (r.1)
[05:12:32] [Android mgl-srv-apply/INFO]:     VK_KHR_vertex_attribute_divisor (r.1)
[05:12:32] [Android mgl-srv-apply/INFO]:     VK_EXT_global_priority_query (r.1)
[05:12:32] [Android mgl-srv-apply/INFO]:     VK_EXT_separate_stencil_usage (r.1)
[05:12:32] [Android mgl-srv-apply/INFO]:     VK_EXT_border_color_swizzle (r.1)
[05:12:32] [Android mgl-srv-apply/INFO]:     VK_EXT_vertex_input_dynamic_state (r.2)
[05:12:32] [Android mgl-srv-apply/INFO]:     VK_IMG_filter_cubic (r.1)
[05:12:32] [Android mgl-srv-apply/INFO]:     VK_EXT_filter_cubic (r.3)
[05:12:32] [Android mgl-srv-apply/INFO]:     VK_EXT_shader_subgroup_vote (r.1)
[05:12:32] [Android mgl-srv-apply/INFO]:     VK_EXT_device_address_binding_report (r.1)
[05:12:32] [Android mgl-srv-apply/INFO]:     VK_NV_optical_flow (r.1)
[05:12:32] [Android mgl-srv-apply/INFO]:     VK_QCOM_tile_properties (r.1)
[05:12:32] [Android mgl-srv-apply/INFO]:     VK_KHR_image_format_list (r.1)
[05:12:32] [Android mgl-srv-apply/INFO]:     VK_EXT_sampler_filter_minmax (r.2)
[05:12:32] [Android mgl-srv-apply/INFO]:     VK_KHR_16bit_storage (r.1)
[05:12:32] [Android mgl-srv-apply/INFO]:     VK_EXT_shader_viewport_index_layer (r.1)
[05:12:32] [Android mgl-srv-apply/INFO]:     VK_KHR_pipeline_executable_properties (r.1)
[05:12:32] [Android mgl-srv-apply/INFO]:     VK_EXT_shader_demote_to_helper_invocation (r.1)
[05:12:32] [Android mgl-srv-apply/INFO]:     VK_EXT_color_write_enable (r.1)
[05:12:32] [Android mgl-srv-apply/INFO]:     VK_KHR_dynamic_rendering_local_read (r.1)
[05:12:32] [Android mgl-srv-apply/INFO]:     VK_QCOM_render_pass_transform (r.4)
[05:12:32] [Android mgl-srv-apply/INFO]:     VK_KHR_create_renderpass2 (r.1)
[05:12:32] [Android mgl-srv-apply/INFO]:     VK_EXT_shader_image_atomic_int64 (r.1)
[05:12:32] [Android mgl-srv-apply/INFO]:     VK_KHR_acceleration_structure (r.13)
[05:12:32] [Android mgl-srv-apply/INFO]:     VK_EXT_depth_clip_control (r.1)
[05:12:32] [Android mgl-srv-apply/INFO]:     VK_EXT_transform_feedback (r.1)
[05:12:32] [Android mgl-srv-apply/INFO]:     VK_EXT_blend_operation_advanced (r.2)
[05:12:32] [Android mgl-srv-apply/INFO]:     VK_EXT_provoking_vertex (r.1)
[05:12:32] [Android mgl-srv-apply/INFO]:     VK_KHR_8bit_storage (r.1)
[05:12:32] [Android mgl-srv-apply/INFO]:     VK_QCOM_multiview_per_view_render_areas (r.1)
[05:12:32] [Android mgl-srv-apply/INFO]:     VK_EXT_inline_uniform_block (r.1)
[05:12:32] [Android mgl-srv-apply/INFO]:     VK_EXT_shader_subgroup_ballot (r.1)
[05:12:32] [Android mgl-srv-apply/INFO]:     VK_KHR_depth_stencil_resolve (r.1)
[05:12:32] [Android mgl-srv-apply/INFO]:     VK_KHR_shader_float_controls (r.4)
[05:12:32] [Android mgl-srv-apply/INFO]:     VK_EXT_texture_compression_astc_hdr (r.1)
[05:12:32] [Android mgl-srv-apply/INFO]:     VK_EXT_global_priority (r.2)
[05:12:32] [Android mgl-srv-apply/INFO]:     VK_EXT_4444_formats (r.1)
[05:12:32] [Android mgl-srv-apply/INFO]:     VK_KHR_shader_draw_parameters (r.1)
[05:12:32] [Android mgl-srv-apply/INFO]:     VK_KHR_vulkan_memory_model (r.3)
[05:12:32] [Android mgl-srv-apply/INFO]:     VK_EXT_descriptor_indexing (r.2)
[05:12:32] [Android mgl-srv-apply/INFO]:     VK_EXT_depth_clip_enable (r.1)
[05:12:32] [Android mgl-srv-apply/INFO]:     VK_KHR_synchronization2 (r.1)
[05:12:32] [Android mgl-srv-apply/INFO]:     VK_KHR_shader_integer_dot_product (r.1)
[05:12:32] [Android mgl-srv-apply/INFO]:     VK_EXT_line_rasterization (r.1)
[05:12:32] [Android mgl-srv-apply/INFO]:     VK_KHR_line_rasterization (r.1)
[05:12:32] [Android mgl-srv-apply/INFO]:     VK_QCOM_image_processing (r.1)
[05:12:32] [Android mgl-srv-apply/INFO]:     VK_KHR_shader_float_controls2 (r.1)
[05:12:32] [Android mgl-srv-apply/INFO]:     VK_KHR_fragment_shading_rate (r.2)
[05:12:32] [Android mgl-srv-apply/INFO]:     VK_KHR_descriptor_update_template (r.1)
[05:12:32] [Android mgl-srv-apply/INFO]:     VK_KHR_draw_indirect_count (r.1)
[05:12:32] [Android mgl-srv-apply/INFO]:     VK_KHR_driver_properties (r.1)
[05:12:32] [Android mgl-srv-apply/INFO]:     VK_KHR_ray_tracing_position_fetch (r.1)
[05:12:32] [Android mgl-srv-apply/INFO]:     VK_KHR_dynamic_rendering (r.1)
[05:12:32] [Android mgl-srv-apply/INFO]:     VK_KHR_zero_initialize_workgroup_memory (r.1)
[05:12:32] [Android mgl-srv-apply/INFO]:     VK_KHR_uniform_buffer_standard_layout (r.1)
[05:12:32] [Android mgl-srv-apply/INFO]:     VK_EXT_depth_clamp_zero_one (r.1)
[05:12:32] [Android mgl-srv-apply/INFO]:     VK_ANDROID_external_memory_android_hardware_buffer (r.5)
[05:12:32] [Android mgl-srv-apply/INFO]:     VK_EXT_image_2d_view_of_3d (r.1)
[05:12:32] [Android mgl-srv-apply/INFO]:     VK_EXT_extended_dynamic_state2 (r.1)
[05:12:32] [Android mgl-srv-apply/INFO]:     VK_KHR_dedicated_allocation (r.3)
[05:12:32] [Android mgl-srv-apply/INFO]:     VK_EXT_texel_buffer_alignment (r.1)
[05:12:32] [Android mgl-srv-apply/INFO]:     VK_EXT_primitive_topology_list_restart (r.1)
[05:12:32] [Android mgl-srv-apply/INFO]:     VK_EXT_rasterization_order_attachment_access (r.1)
[05:12:32] [Android mgl-srv-apply/INFO]:     VK_KHR_shader_subgroup_uniform_control_flow (r.1)
[05:12:32] [Android mgl-srv-apply/INFO]:     VK_EXT_tooling_info (r.1)
[05:12:32] [Android mgl-srv-apply/INFO]:     VK_KHR_format_feature_flags2 (r.2)
[05:12:32] [Android mgl-srv-apply/INFO]:     VK_KHR_global_priority (r.1)
[05:12:32] [Android mgl-srv-apply/INFO]:     VK_EXT_sample_locations (r.1)
[05:12:32] [Android mgl-srv-apply/INFO]:     VK_EXT_multi_draw (r.1)
[05:12:32] [Android mgl-srv-apply/INFO]:     VK_KHR_swapchain (r.70)
[05:12:32] [Android mgl-srv-apply/INFO]:     VK_KHR_sampler_mirror_clamp_to_edge (r.3)
[05:12:32] [Android mgl-srv-apply/INFO]:     VK_QCOM_image_processing2 (r.1)
[05:12:32] [Android mgl-srv-apply/INFO]:     VK_KHR_external_fence_fd (r.1)
[05:12:32] [Android mgl-srv-apply/INFO]: Required extension found: VK_KHR_swapchain
[05:12:32] [Android mgl-srv-apply/INFO]:     Picked physical device. (Reason: First suitable device)
[05:12:32] [Android mgl-srv-apply/INFO]: Picked physical device 0.
[05:12:32] [Android mgl-srv-apply/INFO]: Vulkan: multiViewport enabled; rasterizable viewports=16 (device limit 16, GL state width 16)
[05:12:32] [Android mgl-srv-apply/INFO]: Enabled optional device extension: VK_KHR_draw_indirect_count
[05:12:32] [Android mgl-srv-apply/INFO]: Enabled optional device extension: VK_KHR_shader_draw_parameters
[05:12:32] [Android mgl-srv-apply/INFO]: VK_KHR_image_format_list enabled: true
[05:12:32] [Android mgl-srv-apply/INFO]: VK_KHR_draw_indirect_count enabled: true
[05:12:32] [Android mgl-srv-apply/INFO]: Enabled optional device extension: VK_KHR_create_renderpass2
[05:12:32] [Android mgl-srv-apply/INFO]: Enabled optional device extension: VK_KHR_depth_stencil_resolve
[05:12:32] [Android mgl-srv-apply/INFO]: Vulkan: update-after-bind descriptor layouts enabled
[05:12:32] [Android mgl-srv-apply/INFO]: Enabled optional device extension: VK_KHR_index_type_uint8
[05:12:32] [Android mgl-srv-apply/INFO]: Enabled optional device extension: VK_EXT_primitive_topology_list_restart
[05:12:32] [Android mgl-srv-apply/INFO]: Enabled optional device extension: VK_EXT_custom_border_color (maxCustomBorderColorSamplers=4000)
[05:12:32] [Android mgl-srv-apply/INFO]: Enabled optional device extension: VK_EXT_subgroup_size_control (computeFullSubgroups)
[05:12:32] [Android mgl-srv-apply/INFO]: Enabled optional device extension: VK_EXT_transform_feedback
[05:12:32] [Android mgl-srv-apply/INFO]: Enabled optional device extension: VK_EXT_provoking_vertex (transformFeedbackPreservesProvokingVertex=false)
[05:12:32] [Android mgl-srv-apply/INFO]: Enabled optional device extension: VK_EXT_vertex_attribute_divisor
[05:12:32] [Android mgl-srv-apply/INFO]: Enabled optional device extension: VK_EXT_multi_draw (maxMultiDrawCount=1024)
[05:12:32] [Android mgl-srv-apply/INFO]: Device feature support: robustBufferAccess=true geometryShader=true independentBlend=true logicOp=true shaderClipDistance=true shaderCullDistance=true wideLines=true shaderInt64=true vertexStoresAtomics=true fragmentStoresAtomics=true storageImageExtendedFormats=true storageImageReadWithoutFormat=true storageImageWriteWithoutFormat=true drawIndirectFirstInstance=true multiDrawIndirect=true
[05:12:32] [Android mgl-srv-apply/INFO]: Device feature enabled: robustBufferAccess=true geometryShader=true independentBlend=true logicOp=true shaderClipDistance=true shaderCullDistance=true wideLines=true shaderInt64=true vertexStoresAtomics=true fragmentStoresAtomics=true storageImageExtendedFormats=true storageImageReadWithoutFormat=true storageImageWriteWithoutFormat=true drawIndirectFirstInstance=true multiDrawIndirect=true shaderDrawParameters=true
[05:12:32] [Android mgl-srv-apply/INFO]: Multi-draw dispatch tier: ext (VK_EXT_multi_draw=true, multiDrawIndirect=true, mode=auto)
[05:12:32] [Android mgl-srv-apply/INFO]: index type uint8 enabled: true
[05:12:32] [Android mgl-srv-apply/INFO]: Logical device created.
[05:12:32] [Android mgl-srv-apply/INFO]: Queues got successfully.
[05:12:32] [Android mgl-srv-apply/INFO]: Timer queries supported (timestampValidBits=48, timestampPeriod=52.083332 ns/tick)
[05:12:32] [Android mgl-srv-apply/INFO]: PRIMITIVES_GENERATED probe triangles: drawn=1 stream=0/1 pgq=0(0) stat=1(1)
[05:12:32] [Android mgl-srv-apply/INFO]: PRIMITIVES_GENERATED probe triangles+discard: drawn=1 stream=0/1 pgq=0(0) stat=0(1)
[05:12:32] [Android mgl-srv-apply/INFO]: PRIMITIVES_GENERATED probe patches+discard: drawn=1 stream=0/1 pgq=0(0) stat=0(1)
[05:12:32] [Android mgl-srv-apply/INFO]: PRIMITIVES_GENERATED for XFB-inactive draws will accumulate through a clipping-invocations pipeline-statistics pool
[05:12:32] [Android mgl-srv-apply/INFO]: Command pool created
[05:12:32] [Android mgl-srv-apply/INFO]: MaxFramesInFlight: configured request=3
[05:12:32] [Android mgl-srv-apply/INFO]: MaxFramesInFlight: using 3 (surface minImageCount=11, maxImageCount=64)
[05:12:32] [Android mgl-srv-apply/INFO]: CreateFrameContexts completed
[05:12:32] [Android mgl-srv-apply/INFO]: DirectVulkan: using 256 program descriptor bindings
[05:12:32] [Android mgl-srv-apply/INFO]: Got 5 surface formats:
[05:12:32] [Android mgl-srv-apply/INFO]: Picked surface format: [VK_FORMAT_R8G8B8A8_UNORM, VK_COLOR_SPACE_SRGB_NONLINEAR_KHR]
[05:12:32] [Android mgl-srv-apply/INFO]: Got 4 present modes:
[05:12:32] [Android mgl-srv-apply/INFO]: Picked present mode: VK_PRESENT_MODE_MAILBOX_KHR
[05:12:32] [Android mgl-srv-apply/INFO]: Set minImageCount = 11
[05:12:32] [Android mgl-srv-apply/INFO]: Swapchain currentTransform = VK_SURFACE_TRANSFORM_IDENTITY_BIT_KHR
[05:12:32] [Android mgl-srv-apply/INFO]: Swapchain imageUsage = 0x13 (supportedUsageFlags = 0x9f)
[05:12:32] [Android mgl-srv-apply/INFO]: Set swapchain preTransform = VK_SURFACE_TRANSFORM_IDENTITY_BIT_KHR
[05:12:32] [Android mgl-srv-apply/INFO]: Swapchain image views created
[05:12:32] [Android mgl-srv-apply/INFO]: Swapchain created, extent = 640x480, swapchain imageCount = 11
[05:12:32] [Android mgl-srv-apply/INFO]: DirectVulkan: suppressing depth writes on accumulation-blended pipelines (driver lacks cross-pipeline position invariance)
[05:12:32] [Android mgl-srv-apply/INFO]: Vulkan shader subgroup support: detected=true advertised=true size=64 stages=0x30 operations=0x2bf
[05:12:32] [Android mgl-srv-apply/INFO]: DirectVulkan: clamped GL_MAX_COMPUTE_SHADER_STORAGE_BLOCKS from 16777216 to 256
[05:12:32] [Android mgl-srv-apply/INFO]: DirectVulkan: clamped GL_MAX_COMBINED_SHADER_STORAGE_BLOCKS from 16777216 to 256
[05:12:32] [Android mgl-srv-apply/INFO]: DirectVulkan: clamped GL_MAX_COMPUTE_UNIFORM_BLOCKS from 16777216 to 256
[05:12:32] [Android mgl-srv-apply/INFO]: DirectVulkan: clamped GL_MAX_SHADER_STORAGE_BUFFER_BINDINGS from 16777216 to 256
[05:12:32] [Android mgl-srv-apply/INFO]: DirectVulkan: clamped GL_MAX_UNIFORM_BUFFER_BINDINGS from 16777216 to 256
[05:12:32] [Android mgl-srv-apply/INFO]: DirectVulkan: clamped GL_MAX_SHADER_STORAGE_BLOCK_SIZE from 2147483647 to 536870912
[05:12:32] [Android mgl-srv-apply/INFO]: Vulkan shader subgroup support: detected=true advertised=true size=64 stages=0x30 operations=0x2bf
[05:12:32] [Android mgl-srv-apply/INFO]: DirectVulkan: clamped GL_MAX_COMPUTE_SHADER_STORAGE_BLOCKS from 16777216 to 256
[05:12:32] [Android mgl-srv-apply/INFO]: DirectVulkan: clamped GL_MAX_COMBINED_SHADER_STORAGE_BLOCKS from 16777216 to 256
[05:12:32] [Android mgl-srv-apply/INFO]: DirectVulkan: clamped GL_MAX_COMPUTE_UNIFORM_BLOCKS from 16777216 to 256
[05:12:32] [Android mgl-srv-apply/INFO]: DirectVulkan: clamped GL_MAX_SHADER_STORAGE_BUFFER_BINDINGS from 16777216 to 256
[05:12:32] [Android mgl-srv-apply/INFO]: DirectVulkan: clamped GL_MAX_UNIFORM_BUFFER_BINDINGS from 16777216 to 256
[05:12:32] [Android mgl-srv-apply/INFO]: DirectVulkan: clamped GL_MAX_SHADER_STORAGE_BLOCK_SIZE from 2147483647 to 536870912
[05:12:32] [Android mgl-srv-apply/ERROR]: ProgramFactory: handing vkCreateShaderModule an INVALID module for program 2 stage 4 - a backend transform after the clip/XFB fixups broke it (The result pointer storage class and base pointer storage class in OpAccessChain do not match.
  %100 = OpAccessChain %_ptr_Input_float %151 %uint_2
)
trace replay failed: {'passed': False, 'statusCode': 6, 'message': 'retrace completed; ssim=0.976494, ssimThreshold=0.990000, mismatchPixels=14658, matchedGoldenPath=/data/user/0/top.mobilegl.plugin.p7w1.trace/files/trace-replay/input/golden.png', 'tracePath': '/data/user/0/top.mobilegl.plugin.p7w1.trace/files/trace-replay/input/trace.trace', 'goldenPath': '/data/user/0/top.mobilegl.plugin.p7w1.trace/files/trace-replay/input/golden.png', 'alternateGoldenPaths': [], 'matchedGoldenPath': '/data/user/0/top.mobilegl.plugin.p7w1.trace/files/trace-replay/input/golden.png', 'actualPath': '/data/user/0/top.mobilegl.plugin.p7w1.trace/files/trace-replay/output/actual.png', 'diffPath': '/data/user/0/top.mobilegl.plugin.p7w1.trace/files/trace-replay/output/OpenRA-diff.png', 'backend': 'DirectVulkan', 'angleVariant': '', 'targetFrame': -1, 'targetCall': 31249, 'width': 640, 'height': 480, 'cropX': 1, 'cropY': 1, 'cropWidth': 638, 'cropHeight': 478, 'ssim': 0.976493989, 'ssimThreshold': 0.99, 'useAngle': False, 'usePbuffer': True, 'avoidAngleLlvmpipeSamplerMipmapMinFilter': False, 'avoidAngleLlvmpipeExplicitLodBias': False, 'fixIterationRPSubgroupScratch': False, 'deriveNumSubgroups': False, 'iterationRPFixBarrier': False, 'holdMs': 0, 'mismatchPixels': 14658}
archived repeat 1 to .trace-work\p7w4\matrix-inproc\OpenRA-DirectVulkan\repeat-01
C:\Users\geekerwan\AndroidStudioProjects\FoldCraftLauncher\MobileGL-disagg\.trace-work\android-retrace-summary\mobilegl-android-retrace-overview.html
=== Android retrace: minecraft-1.21.4-startup / DirectVulkan (repeat 1/1) ===
C:\Users\geekerwan\AndroidStudioProjects\FoldCraftLauncher\MobileGL-disagg\.trace-work\android-retrace-fixture\minecraft-1.21.4-startup\trace.trace: 1 file pushed, 0 skipped. 26.5 MB/s (11177350 bytes in 0.402s)
C:\Users\geekerwan\AndroidStudioProjects\FoldCraftLauncher\MobileGL-disagg\tools\trace_replay\fixtures\minecraft-1.21.4-startup.0000092195.png: 1 file pushed, 0 skipped. 0.3 MB/s (17687 bytes in 0.049s)
Starting: Intent { act=top.mobilegl.plugin.TRACE_REPLAY cmp=top.mobilegl.plugin.p7w1.trace/top.mobilegl.plugin.trace.TraceReplayActivity (has extras) }
{
  "passed": true,
  "statusCode": 0,
  "message": "retrace completed; ssim=1.000000, ssimThreshold=0.990000, mismatchPixels=520, matchedGoldenPath=/data/user/0/top.mobilegl.plugin.p7w1.trace/files/trace-replay/input/golden.png",
  "tracePath": "/data/user/0/top.mobilegl.plugin.p7w1.trace/files/trace-replay/input/trace.trace",
  "goldenPath": "/data/user/0/top.mobilegl.plugin.p7w1.trace/files/trace-replay/input/golden.png",
  "alternateGoldenPaths": [],
  "matchedGoldenPath": "/data/user/0/top.mobilegl.plugin.p7w1.trace/files/trace-replay/input/golden.png",
  "actualPath": "/data/user/0/top.mobilegl.plugin.p7w1.trace/files/trace-replay/output/actual.png",
  "diffPath": "/data/user/0/top.mobilegl.plugin.p7w1.trace/files/trace-replay/output/minecraft-1.21.4-startup-diff.png",
  "backend": "DirectVulkan",
  "angleVariant": "",
  "targetFrame": -1,
  "targetCall": 92195,
  "width": 854,
  "height": 480,
  "cropX": 0,
  "cropY": 0,
  "cropWidth": 0,
  "cropHeight": 0,
  "ssim": 0.999999511,
  "ssimThreshold": 0.990000000,
  "useAngle": false,
  "usePbuffer": true,
  "avoidAngleLlvmpipeSamplerMipmapMinFilter": false,
  "avoidAngleLlvmpipeExplicitLodBias": false,
  "fixIterationRPSubgroupScratch": false,
  "deriveNumSubgroups": false,
  "iterationRPFixBarrier": false,
  "holdMs": 0,
  "mismatchPixels": 520
}
Android retrace: real inproc transport, strict role state and zero Fatal records confirmed
archived repeat 1 to .trace-work\p7w4\matrix-inproc\minecraft-1.21.4-startup-DirectVulkan\repeat-01
C:\Users\geekerwan\AndroidStudioProjects\FoldCraftLauncher\MobileGL-disagg\.trace-work\android-retrace-summary\mobilegl-android-retrace-overview.html
=== Android retrace: minecraft-1.21.4-main-menu / DirectVulkan (repeat 1/1) ===
C:\Users\geekerwan\AndroidStudioProjects\FoldCraftLauncher\MobileGL-disagg\.trace-work\android-retrace-fixture\minecraft-1.21.4-main-menu\trace.trace: 1 file pushed, 0 skipped. 36.2 MB/s (41461943 bytes in 1.091s)
C:\Users\geekerwan\AndroidStudioProjects\FoldCraftLauncher\MobileGL-disagg\tools\trace_replay\fixtures\minecraft-1.21.4-main-menu.0000481787.png: 1 file pushed, 0 skipped. 32.9 MB/s (412167 bytes in 0.012s)
C:\Users\geekerwan\AndroidStudioProjects\FoldCraftLauncher\MobileGL-disagg\tools\trace_replay\fixtures\minecraft-1.21.4-main-menu.0000481787-mali.png: 1 file pushed, 0 skipped. 12.6 MB/s (374621 bytes in 0.028s)
Starting: Intent { act=top.mobilegl.plugin.TRACE_REPLAY cmp=top.mobilegl.plugin.p7w1.trace/top.mobilegl.plugin.trace.TraceReplayActivity (has extras) }
{
  "passed": true,
  "statusCode": 0,
  "message": "retrace completed; ssim=0.999696, ssimThreshold=0.990000, mismatchPixels=1197, matchedGoldenPath=/data/user/0/top.mobilegl.plugin.p7w1.trace/files/trace-replay/input/golden.png",
  "tracePath": "/data/user/0/top.mobilegl.plugin.p7w1.trace/files/trace-replay/input/trace.trace",
  "goldenPath": "/data/user/0/top.mobilegl.plugin.p7w1.trace/files/trace-replay/input/golden.png",
  "alternateGoldenPaths": ["/data/user/0/top.mobilegl.plugin.p7w1.trace/files/trace-replay/input/alternate-golden.png"],
  "matchedGoldenPath": "/data/user/0/top.mobilegl.plugin.p7w1.trace/files/trace-replay/input/golden.png",
  "actualPath": "/data/user/0/top.mobilegl.plugin.p7w1.trace/files/trace-replay/output/actual.png",
  "diffPath": "/data/user/0/top.mobilegl.plugin.p7w1.trace/files/trace-replay/output/minecraft-1.21.4-main-menu-diff.png",
  "backend": "DirectVulkan",
  "angleVariant": "",
  "targetFrame": -1,
  "targetCall": 481787,
  "width": 854,
  "height": 480,
  "cropX": 0,
  "cropY": 0,
  "cropWidth": 0,
  "cropHeight": 0,
  "ssim": 0.999696483,
  "ssimThreshold": 0.990000000,
  "useAngle": false,
  "usePbuffer": true,
  "avoidAngleLlvmpipeSamplerMipmapMinFilter": false,
  "avoidAngleLlvmpipeExplicitLodBias": false,
  "fixIterationRPSubgroupScratch": false,
  "deriveNumSubgroups": false,
  "iterationRPFixBarrier": false,
  "holdMs": 0,
  "mismatchPixels": 1197
}
Android retrace: real inproc transport, strict role state and zero Fatal records confirmed
archived repeat 1 to .trace-work\p7w4\matrix-inproc\minecraft-1.21.4-main-menu-DirectVulkan\repeat-01
C:\Users\geekerwan\AndroidStudioProjects\FoldCraftLauncher\MobileGL-disagg\.trace-work\android-retrace-summary\mobilegl-android-retrace-overview.html
=== Android retrace: minecraft-1.21.11-main-menu / DirectVulkan (repeat 1/1) ===
C:\Users\geekerwan\AndroidStudioProjects\FoldCraftLauncher\MobileGL-disagg\.trace-work\android-retrace-fixture\minecraft-1.21.11-main-menu\trace.trace: 1 file pushed, 0 skipped. 15.9 MB/s (7407705 bytes in 0.445s)
C:\Users\geekerwan\AndroidStudioProjects\FoldCraftLauncher\MobileGL-disagg\tools\trace_replay\fixtures\minecraft-1.21.11-main-menu.0000205347.png: 1 file pushed, 0 skipped. 25.2 MB/s (340727 bytes in 0.013s)
Starting: Intent { act=top.mobilegl.plugin.TRACE_REPLAY cmp=top.mobilegl.plugin.p7w1.trace/top.mobilegl.plugin.trace.TraceReplayActivity (has extras) }
{
  "passed": false,
  "statusCode": 6,
  "message": "retrace completed; ssim=0.164984, ssimThreshold=0.990000, mismatchPixels=188576, matchedGoldenPath=/data/user/0/top.mobilegl.plugin.p7w1.trace/files/trace-replay/input/golden.png",
  "tracePath": "/data/user/0/top.mobilegl.plugin.p7w1.trace/files/trace-replay/input/trace.trace",
  "goldenPath": "/data/user/0/top.mobilegl.plugin.p7w1.trace/files/trace-replay/input/golden.png",
  "alternateGoldenPaths": [],
  "matchedGoldenPath": "/data/user/0/top.mobilegl.plugin.p7w1.trace/files/trace-replay/input/golden.png",
  "actualPath": "/data/user/0/top.mobilegl.plugin.p7w1.trace/files/trace-replay/output/actual.png",
  "diffPath": "/data/user/0/top.mobilegl.plugin.p7w1.trace/files/trace-replay/output/minecraft-1.21.11-main-menu-diff.png",
  "backend": "DirectVulkan",
  "angleVariant": "",
  "targetFrame": -1,
  "targetCall": 205347,
  "width": 854,
  "height": 480,
  "cropX": 0,
  "cropY": 0,
  "cropWidth": 0,
  "cropHeight": 0,
  "ssim": 0.164983727,
  "ssimThreshold": 0.990000000,
  "useAngle": false,
  "usePbuffer": true,
  "avoidAngleLlvmpipeSamplerMipmapMinFilter": false,
  "avoidAngleLlvmpipeExplicitLodBias": false,
  "fixIterationRPSubgroupScratch": false,
  "deriveNumSubgroups": false,
  "iterationRPFixBarrier": false,
  "holdMs": 0,
  "mismatchPixels": 188576
}
trace-replay-ci.sh: tail of retrace.log:
/system/bin/app_process64
trace-replay-ci.sh: tail of mobilegl.log:
[05:12:52] [Android mgl-srv-apply/INFO]:     VK_KHR_external_memory_fd (r.1)
[05:12:52] [Android mgl-srv-apply/INFO]:     VK_QCOM_render_pass_shader_resolve (r.4)
[05:12:52] [Android mgl-srv-apply/INFO]:     VK_KHR_maintenance1 (r.2)
[05:12:52] [Android mgl-srv-apply/INFO]:     VK_KHR_maintenance2 (r.1)
[05:12:52] [Android mgl-srv-apply/INFO]:     VK_KHR_maintenance3 (r.1)
[05:12:52] [Android mgl-srv-apply/INFO]:     VK_KHR_maintenance4 (r.2)
[05:12:52] [Android mgl-srv-apply/INFO]:     VK_KHR_maintenance5 (r.1)
[05:12:52] [Android mgl-srv-apply/INFO]:     VK_KHR_maintenance6 (r.1)
[05:12:52] [Android mgl-srv-apply/INFO]:     VK_KHR_separate_depth_stencil_layouts (r.1)
[05:12:52] [Android mgl-srv-apply/INFO]:     VK_EXT_image_robustness (r.1)
[05:12:52] [Android mgl-srv-apply/INFO]:     VK_EXT_calibrated_timestamps (r.2)
[05:12:52] [Android mgl-srv-apply/INFO]:     VK_KHR_buffer_device_address (r.1)
[05:12:52] [Android mgl-srv-apply/INFO]:     VK_EXT_extended_dynamic_state (r.1)
[05:12:52] [Android mgl-srv-apply/INFO]:     VK_EXT_queue_family_foreign (r.1)
[05:12:52] [Android mgl-srv-apply/INFO]:     VK_KHR_shader_quad_control (r.1)
[05:12:52] [Android mgl-srv-apply/INFO]:     VK_EXT_image_view_min_lod (r.1)
[05:12:52] [Android mgl-srv-apply/INFO]:     VK_ANDROID_external_format_resolve (r.1)
[05:12:52] [Android mgl-srv-apply/INFO]:     VK_QCOM_ycbcr_degamma (r.1)
[05:12:52] [Android mgl-srv-apply/INFO]:     VK_KHR_bind_memory2 (r.1)
[05:12:52] [Android mgl-srv-apply/INFO]:     VK_EXT_pipeline_protected_access (r.1)
[05:12:52] [Android mgl-srv-apply/INFO]:     VK_KHR_external_semaphore (r.1)
[05:12:52] [Android mgl-srv-apply/INFO]:     VK_KHR_shader_terminate_invocation (r.1)
[05:12:52] [Android mgl-srv-apply/INFO]:     VK_QCOM_fragment_density_map_offset (r.2)
[05:12:52] [Android mgl-srv-apply/INFO]:     VK_EXT_scalar_block_layout (r.1)
[05:12:52] [Android mgl-srv-apply/INFO]:     VK_KHR_map_memory2 (r.1)
[05:12:52] [Android mgl-srv-apply/INFO]:     VK_EXT_load_store_op_none (r.1)
[05:12:52] [Android mgl-srv-apply/INFO]:     VK_KHR_load_store_op_none (r.1)
[05:12:52] [Android mgl-srv-apply/INFO]:     VK_KHR_shader_maximal_reconvergence (r.1)
[05:12:52] [Android mgl-srv-apply/INFO]:     VK_KHR_sampler_ycbcr_conversion (r.14)
[05:12:52] [Android mgl-srv-apply/INFO]:     VK_EXT_vertex_attribute_divisor (r.3)
[05:12:52] [Android mgl-srv-apply/INFO]:     VK_KHR_variable_pointers (r.1)
[05:12:52] [Android mgl-srv-apply/INFO]:     VK_QCOM_multiview_per_view_viewports (r.1)
[05:12:52] [Android mgl-srv-apply/INFO]:     VK_KHR_ray_query (r.1)
[05:12:52] [Android mgl-srv-apply/INFO]:     VK_EXT_primitives_generated_query (r.1)
[05:12:52] [Android mgl-srv-apply/INFO]:     VK_KHR_push_descriptor (r.2)
[05:12:52] [Android mgl-srv-apply/INFO]:     VK_KHR_timeline_semaphore (r.2)
[05:12:52] [Android mgl-srv-apply/INFO]:     VK_EXT_device_memory_report (r.2)
[05:12:52] [Android mgl-srv-apply/INFO]:     VK_KHR_shader_subgroup_rotate (r.2)
[05:12:52] [Android mgl-srv-apply/INFO]:     VK_KHR_imageless_framebuffer (r.1)
[05:12:52] [Android mgl-srv-apply/INFO]:     VK_KHR_device_group (r.4)
[05:12:52] [Android mgl-srv-apply/INFO]:     VK_EXT_device_fault (r.2)
[05:12:52] [Android mgl-srv-apply/INFO]:     VK_KHR_relaxed_block_layout (r.1)
[05:12:52] [Android mgl-srv-apply/INFO]:     VK_KHR_shader_expect_assume (r.1)
[05:12:52] [Android mgl-srv-apply/INFO]:     VK_KHR_shader_atomic_int64 (r.1)
[05:12:52] [Android mgl-srv-apply/INFO]:     VK_KHR_external_fence (r.1)
[05:12:52] [Android mgl-srv-apply/INFO]:     VK_KHR_shader_non_semantic_info (r.1)
[05:12:52] [Android mgl-srv-apply/INFO]:     VK_EXT_shader_atomic_float (r.1)
[05:12:52] [Android mgl-srv-apply/INFO]:     VK_EXT_custom_border_color (r.12)
[05:12:52] [Android mgl-srv-apply/INFO]:     VK_EXT_host_query_reset (r.1)
[05:12:52] [Android mgl-srv-apply/INFO]:     VK_EXT_index_type_uint8 (r.1)
[05:12:52] [Android mgl-srv-apply/INFO]:     VK_KHR_multiview (r.1)
[05:12:52] [Android mgl-srv-apply/INFO]:     VK_KHR_storage_buffer_storage_class (r.1)
[05:12:52] [Android mgl-srv-apply/INFO]:     VK_EXT_fragment_density_map2 (r.1)
[05:12:52] [Android mgl-srv-apply/INFO]:     VK_QCOM_filter_cubic_weights (r.1)
[05:12:52] [Android mgl-srv-apply/INFO]:     VK_KHR_workgroup_memory_explicit_layout (r.1)
[05:12:52] [Android mgl-srv-apply/INFO]:     VK_QCOM_rotated_copy_commands (r.2)
[05:12:52] [Android mgl-srv-apply/INFO]:     VK_KHR_shader_subgroup_extended_types (r.1)
[05:12:52] [Android mgl-srv-apply/INFO]:     VK_EXT_external_memory_acquire_unmodified (r.1)
[05:12:52] [Android mgl-srv-apply/INFO]:     VK_EXT_private_data (r.1)
[05:12:52] [Android mgl-srv-apply/INFO]:     VK_EXT_descriptor_buffer (r.1)
[05:12:52] [Android mgl-srv-apply/INFO]:     VK_EXT_conditional_rendering (r.2)
[05:12:52] [Android mgl-srv-apply/INFO]:     VK_EXT_mutable_descriptor_type (r.1)
[05:12:52] [Android mgl-srv-apply/INFO]:     VK_EXT_pipeline_creation_cache_control (r.3)
[05:12:52] [Android mgl-srv-apply/INFO]:     VK_EXT_robustness2 (r.1)
[05:12:52] [Android mgl-srv-apply/INFO]:     VK_KHR_shader_clock (r.1)
[05:12:52] [Android mgl-srv-apply/INFO]:     VK_EXT_shader_module_identifier (r.1)
[05:12:52] [Android mgl-srv-apply/INFO]:     VK_KHR_vertex_attribute_divisor (r.1)
[05:12:52] [Android mgl-srv-apply/INFO]:     VK_EXT_global_priority_query (r.1)
[05:12:52] [Android mgl-srv-apply/INFO]:     VK_EXT_separate_stencil_usage (r.1)
[05:12:52] [Android mgl-srv-apply/INFO]:     VK_EXT_border_color_swizzle (r.1)
[05:12:52] [Android mgl-srv-apply/INFO]:     VK_EXT_vertex_input_dynamic_state (r.2)
[05:12:52] [Android mgl-srv-apply/INFO]:     VK_IMG_filter_cubic (r.1)
[05:12:52] [Android mgl-srv-apply/INFO]:     VK_EXT_filter_cubic (r.3)
[05:12:52] [Android mgl-srv-apply/INFO]:     VK_EXT_shader_subgroup_vote (r.1)
[05:12:52] [Android mgl-srv-apply/INFO]:     VK_EXT_device_address_binding_report (r.1)
[05:12:52] [Android mgl-srv-apply/INFO]:     VK_NV_optical_flow (r.1)
[05:12:52] [Android mgl-srv-apply/INFO]:     VK_QCOM_tile_properties (r.1)
[05:12:52] [Android mgl-srv-apply/INFO]:     VK_KHR_image_format_list (r.1)
[05:12:52] [Android mgl-srv-apply/INFO]:     VK_EXT_sampler_filter_minmax (r.2)
[05:12:52] [Android mgl-srv-apply/INFO]:     VK_KHR_16bit_storage (r.1)
[05:12:52] [Android mgl-srv-apply/INFO]:     VK_EXT_shader_viewport_index_layer (r.1)
[05:12:52] [Android mgl-srv-apply/INFO]:     VK_KHR_pipeline_executable_properties (r.1)
[05:12:52] [Android mgl-srv-apply/INFO]:     VK_EXT_shader_demote_to_helper_invocation (r.1)
[05:12:52] [Android mgl-srv-apply/INFO]:     VK_EXT_color_write_enable (r.1)
[05:12:52] [Android mgl-srv-apply/INFO]:     VK_KHR_dynamic_rendering_local_read (r.1)
[05:12:52] [Android mgl-srv-apply/INFO]:     VK_QCOM_render_pass_transform (r.4)
[05:12:52] [Android mgl-srv-apply/INFO]:     VK_KHR_create_renderpass2 (r.1)
[05:12:52] [Android mgl-srv-apply/INFO]:     VK_EXT_shader_image_atomic_int64 (r.1)
[05:12:52] [Android mgl-srv-apply/INFO]:     VK_KHR_acceleration_structure (r.13)
[05:12:52] [Android mgl-srv-apply/INFO]:     VK_EXT_depth_clip_control (r.1)
[05:12:52] [Android mgl-srv-apply/INFO]:     VK_EXT_transform_feedback (r.1)
[05:12:52] [Android mgl-srv-apply/INFO]:     VK_EXT_blend_operation_advanced (r.2)
[05:12:52] [Android mgl-srv-apply/INFO]:     VK_EXT_provoking_vertex (r.1)
[05:12:52] [Android mgl-srv-apply/INFO]:     VK_KHR_8bit_storage (r.1)
[05:12:52] [Android mgl-srv-apply/INFO]:     VK_QCOM_multiview_per_view_render_areas (r.1)
[05:12:52] [Android mgl-srv-apply/INFO]:     VK_EXT_inline_uniform_block (r.1)
[05:12:52] [Android mgl-srv-apply/INFO]:     VK_EXT_shader_subgroup_ballot (r.1)
[05:12:52] [Android mgl-srv-apply/INFO]:     VK_KHR_depth_stencil_resolve (r.1)
[05:12:52] [Android mgl-srv-apply/INFO]:     VK_KHR_shader_float_controls (r.4)
[05:12:52] [Android mgl-srv-apply/INFO]:     VK_EXT_texture_compression_astc_hdr (r.1)
[05:12:52] [Android mgl-srv-apply/INFO]:     VK_EXT_global_priority (r.2)
[05:12:52] [Android mgl-srv-apply/INFO]:     VK_EXT_4444_formats (r.1)
[05:12:52] [Android mgl-srv-apply/INFO]:     VK_KHR_shader_draw_parameters (r.1)
[05:12:52] [Android mgl-srv-apply/INFO]:     VK_KHR_vulkan_memory_model (r.3)
[05:12:52] [Android mgl-srv-apply/INFO]:     VK_EXT_descriptor_indexing (r.2)
[05:12:52] [Android mgl-srv-apply/INFO]:     VK_EXT_depth_clip_enable (r.1)
[05:12:52] [Android mgl-srv-apply/INFO]:     VK_KHR_synchronization2 (r.1)
[05:12:52] [Android mgl-srv-apply/INFO]:     VK_KHR_shader_integer_dot_product (r.1)
[05:12:52] [Android mgl-srv-apply/INFO]:     VK_EXT_line_rasterization (r.1)
[05:12:52] [Android mgl-srv-apply/INFO]:     VK_KHR_line_rasterization (r.1)
[05:12:52] [Android mgl-srv-apply/INFO]:     VK_QCOM_image_processing (r.1)
[05:12:52] [Android mgl-srv-apply/INFO]:     VK_KHR_shader_float_controls2 (r.1)
[05:12:52] [Android mgl-srv-apply/INFO]:     VK_KHR_fragment_shading_rate (r.2)
[05:12:52] [Android mgl-srv-apply/INFO]:     VK_KHR_descriptor_update_template (r.1)
[05:12:52] [Android mgl-srv-apply/INFO]:     VK_KHR_draw_indirect_count (r.1)
[05:12:52] [Android mgl-srv-apply/INFO]:     VK_KHR_driver_properties (r.1)
[05:12:52] [Android mgl-srv-apply/INFO]:     VK_KHR_ray_tracing_position_fetch (r.1)
[05:12:52] [Android mgl-srv-apply/INFO]:     VK_KHR_dynamic_rendering (r.1)
[05:12:52] [Android mgl-srv-apply/INFO]:     VK_KHR_zero_initialize_workgroup_memory (r.1)
[05:12:52] [Android mgl-srv-apply/INFO]:     VK_KHR_uniform_buffer_standard_layout (r.1)
[05:12:52] [Android mgl-srv-apply/INFO]:     VK_EXT_depth_clamp_zero_one (r.1)
[05:12:52] [Android mgl-srv-apply/INFO]:     VK_ANDROID_external_memory_android_hardware_buffer (r.5)
[05:12:52] [Android mgl-srv-apply/INFO]:     VK_EXT_image_2d_view_of_3d (r.1)
[05:12:52] [Android mgl-srv-apply/INFO]:     VK_EXT_extended_dynamic_state2 (r.1)
[05:12:52] [Android mgl-srv-apply/INFO]:     VK_KHR_dedicated_allocation (r.3)
[05:12:52] [Android mgl-srv-apply/INFO]:     VK_EXT_texel_buffer_alignment (r.1)
[05:12:52] [Android mgl-srv-apply/INFO]:     VK_EXT_primitive_topology_list_restart (r.1)
[05:12:52] [Android mgl-srv-apply/INFO]:     VK_EXT_rasterization_order_attachment_access (r.1)
[05:12:52] [Android mgl-srv-apply/INFO]:     VK_KHR_shader_subgroup_uniform_control_flow (r.1)
[05:12:52] [Android mgl-srv-apply/INFO]:     VK_EXT_tooling_info (r.1)
[05:12:52] [Android mgl-srv-apply/INFO]:     VK_KHR_format_feature_flags2 (r.2)
[05:12:52] [Android mgl-srv-apply/INFO]:     VK_KHR_global_priority (r.1)
[05:12:52] [Android mgl-srv-apply/INFO]:     VK_EXT_sample_locations (r.1)
[05:12:52] [Android mgl-srv-apply/INFO]:     VK_EXT_multi_draw (r.1)
[05:12:52] [Android mgl-srv-apply/INFO]:     VK_KHR_swapchain (r.70)
[05:12:52] [Android mgl-srv-apply/INFO]:     VK_KHR_sampler_mirror_clamp_to_edge (r.3)
[05:12:52] [Android mgl-srv-apply/INFO]:     VK_QCOM_image_processing2 (r.1)
[05:12:52] [Android mgl-srv-apply/INFO]:     VK_KHR_external_fence_fd (r.1)
[05:12:52] [Android mgl-srv-apply/INFO]: Required extension found: VK_KHR_swapchain
[05:12:52] [Android mgl-srv-apply/INFO]:     Picked physical device. (Reason: First suitable device)
[05:12:52] [Android mgl-srv-apply/INFO]: Picked physical device 0.
[05:12:52] [Android mgl-srv-apply/INFO]: Vulkan: multiViewport enabled; rasterizable viewports=16 (device limit 16, GL state width 16)
[05:12:52] [Android mgl-srv-apply/INFO]: Enabled optional device extension: VK_KHR_draw_indirect_count
[05:12:52] [Android mgl-srv-apply/INFO]: Enabled optional device extension: VK_KHR_shader_draw_parameters
[05:12:52] [Android mgl-srv-apply/INFO]: VK_KHR_image_format_list enabled: true
[05:12:52] [Android mgl-srv-apply/INFO]: VK_KHR_draw_indirect_count enabled: true
[05:12:52] [Android mgl-srv-apply/INFO]: Enabled optional device extension: VK_KHR_create_renderpass2
[05:12:52] [Android mgl-srv-apply/INFO]: Enabled optional device extension: VK_KHR_depth_stencil_resolve
[05:12:52] [Android mgl-srv-apply/INFO]: Vulkan: update-after-bind descriptor layouts enabled
[05:12:52] [Android mgl-srv-apply/INFO]: Enabled optional device extension: VK_KHR_index_type_uint8
[05:12:52] [Android mgl-srv-apply/INFO]: Enabled optional device extension: VK_EXT_primitive_topology_list_restart
[05:12:52] [Android mgl-srv-apply/INFO]: Enabled optional device extension: VK_EXT_custom_border_color (maxCustomBorderColorSamplers=4000)
[05:12:52] [Android mgl-srv-apply/INFO]: Enabled optional device extension: VK_EXT_subgroup_size_control (computeFullSubgroups)
[05:12:52] [Android mgl-srv-apply/INFO]: Enabled optional device extension: VK_EXT_transform_feedback
[05:12:52] [Android mgl-srv-apply/INFO]: Enabled optional device extension: VK_EXT_provoking_vertex (transformFeedbackPreservesProvokingVertex=false)
[05:12:52] [Android mgl-srv-apply/INFO]: Enabled optional device extension: VK_EXT_vertex_attribute_divisor
[05:12:52] [Android mgl-srv-apply/INFO]: Enabled optional device extension: VK_EXT_multi_draw (maxMultiDrawCount=1024)
[05:12:52] [Android mgl-srv-apply/INFO]: Device feature support: robustBufferAccess=true geometryShader=true independentBlend=true logicOp=true shaderClipDistance=true shaderCullDistance=true wideLines=true shaderInt64=true vertexStoresAtomics=true fragmentStoresAtomics=true storageImageExtendedFormats=true storageImageReadWithoutFormat=true storageImageWriteWithoutFormat=true drawIndirectFirstInstance=true multiDrawIndirect=true
[05:12:52] [Android mgl-srv-apply/INFO]: Device feature enabled: robustBufferAccess=true geometryShader=true independentBlend=true logicOp=true shaderClipDistance=true shaderCullDistance=true wideLines=true shaderInt64=true vertexStoresAtomics=true fragmentStoresAtomics=true storageImageExtendedFormats=true storageImageReadWithoutFormat=true storageImageWriteWithoutFormat=true drawIndirectFirstInstance=true multiDrawIndirect=true shaderDrawParameters=true
[05:12:52] [Android mgl-srv-apply/INFO]: Multi-draw dispatch tier: ext (VK_EXT_multi_draw=true, multiDrawIndirect=true, mode=auto)
[05:12:52] [Android mgl-srv-apply/INFO]: index type uint8 enabled: true
[05:12:52] [Android mgl-srv-apply/INFO]: Logical device created.
[05:12:52] [Android mgl-srv-apply/INFO]: Queues got successfully.
[05:12:52] [Android mgl-srv-apply/INFO]: Timer queries supported (timestampValidBits=48, timestampPeriod=52.083332 ns/tick)
[05:12:52] [Android mgl-srv-apply/INFO]: PRIMITIVES_GENERATED probe triangles: drawn=1 stream=0/1 pgq=0(0) stat=1(1)
[05:12:52] [Android mgl-srv-apply/INFO]: PRIMITIVES_GENERATED probe triangles+discard: drawn=1 stream=0/1 pgq=0(0) stat=0(1)
[05:12:52] [Android mgl-srv-apply/INFO]: PRIMITIVES_GENERATED probe patches+discard: drawn=1 stream=0/1 pgq=0(0) stat=0(1)
[05:12:52] [Android mgl-srv-apply/INFO]: PRIMITIVES_GENERATED for XFB-inactive draws will accumulate through a clipping-invocations pipeline-statistics pool
[05:12:52] [Android mgl-srv-apply/INFO]: Command pool created
[05:12:52] [Android mgl-srv-apply/INFO]: MaxFramesInFlight: configured request=3
[05:12:52] [Android mgl-srv-apply/INFO]: MaxFramesInFlight: using 3 (surface minImageCount=11, maxImageCount=64)
[05:12:52] [Android mgl-srv-apply/INFO]: CreateFrameContexts completed
[05:12:52] [Android mgl-srv-apply/INFO]: DirectVulkan: using 256 program descriptor bindings
[05:12:52] [Android mgl-srv-apply/INFO]: Got 5 surface formats:
[05:12:52] [Android mgl-srv-apply/INFO]: Picked surface format: [VK_FORMAT_R8G8B8A8_UNORM, VK_COLOR_SPACE_SRGB_NONLINEAR_KHR]
[05:12:52] [Android mgl-srv-apply/INFO]: Got 4 present modes:
[05:12:52] [Android mgl-srv-apply/INFO]: Picked present mode: VK_PRESENT_MODE_MAILBOX_KHR
[05:12:52] [Android mgl-srv-apply/INFO]: Set minImageCount = 11
[05:12:52] [Android mgl-srv-apply/INFO]: Swapchain currentTransform = VK_SURFACE_TRANSFORM_IDENTITY_BIT_KHR
[05:12:52] [Android mgl-srv-apply/INFO]: Swapchain imageUsage = 0x13 (supportedUsageFlags = 0x9f)
[05:12:52] [Android mgl-srv-apply/INFO]: Set swapchain preTransform = VK_SURFACE_TRANSFORM_IDENTITY_BIT_KHR
[05:12:52] [Android mgl-srv-apply/INFO]: Swapchain image views created
[05:12:52] [Android mgl-srv-apply/INFO]: Swapchain created, extent = 854x480, swapchain imageCount = 11
[05:12:52] [Android mgl-srv-apply/INFO]: DirectVulkan: suppressing depth writes on accumulation-blended pipelines (driver lacks cross-pipeline position invariance)
[05:12:52] [Android mgl-srv-apply/INFO]: Vulkan shader subgroup support: detected=true advertised=true size=64 stages=0x30 operations=0x2bf
[05:12:52] [Android mgl-srv-apply/INFO]: DirectVulkan: clamped GL_MAX_COMPUTE_SHADER_STORAGE_BLOCKS from 16777216 to 256
[05:12:52] [Android mgl-srv-apply/INFO]: DirectVulkan: clamped GL_MAX_COMBINED_SHADER_STORAGE_BLOCKS from 16777216 to 256
[05:12:52] [Android mgl-srv-apply/INFO]: DirectVulkan: clamped GL_MAX_COMPUTE_UNIFORM_BLOCKS from 16777216 to 256
[05:12:52] [Android mgl-srv-apply/INFO]: DirectVulkan: clamped GL_MAX_SHADER_STORAGE_BUFFER_BINDINGS from 16777216 to 256
[05:12:52] [Android mgl-srv-apply/INFO]: DirectVulkan: clamped GL_MAX_UNIFORM_BUFFER_BINDINGS from 16777216 to 256
[05:12:52] [Android mgl-srv-apply/INFO]: DirectVulkan: clamped GL_MAX_SHADER_STORAGE_BLOCK_SIZE from 2147483647 to 536870912
[05:12:52] [Android mgl-srv-apply/ERROR]: NormalizePixelFormat: outFormat: unhandled internalFormat: GL_STENCIL_INDEX8
[05:12:52] [Android mgl-srv-apply/ERROR]: NormalizePixelFormat: outType: unhandled internalFormat: GL_STENCIL_INDEX8
[05:12:52] [Android mgl-srv-apply/INFO]: Vulkan shader subgroup support: detected=true advertised=true size=64 stages=0x30 operations=0x2bf
[05:12:52] [Android mgl-srv-apply/INFO]: DirectVulkan: clamped GL_MAX_COMPUTE_SHADER_STORAGE_BLOCKS from 16777216 to 256
[05:12:52] [Android mgl-srv-apply/INFO]: DirectVulkan: clamped GL_MAX_COMBINED_SHADER_STORAGE_BLOCKS from 16777216 to 256
[05:12:52] [Android mgl-srv-apply/INFO]: DirectVulkan: clamped GL_MAX_COMPUTE_UNIFORM_BLOCKS from 16777216 to 256
[05:12:52] [Android mgl-srv-apply/INFO]: DirectVulkan: clamped GL_MAX_SHADER_STORAGE_BUFFER_BINDINGS from 16777216 to 256
[05:12:52] [Android mgl-srv-apply/INFO]: DirectVulkan: clamped GL_MAX_UNIFORM_BUFFER_BINDINGS from 16777216 to 256
[05:12:52] [Android mgl-srv-apply/INFO]: DirectVulkan: clamped GL_MAX_SHADER_STORAGE_BLOCK_SIZE from 2147483647 to 536870912
trace replay failed: {'passed': False, 'statusCode': 6, 'message': 'retrace completed; ssim=0.164984, ssimThreshold=0.990000, mismatchPixels=188576, matchedGoldenPath=/data/user/0/top.mobilegl.plugin.p7w1.trace/files/trace-replay/input/golden.png', 'tracePath': '/data/user/0/top.mobilegl.plugin.p7w1.trace/files/trace-replay/input/trace.trace', 'goldenPath': '/data/user/0/top.mobilegl.plugin.p7w1.trace/files/trace-replay/input/golden.png', 'alternateGoldenPaths': [], 'matchedGoldenPath': '/data/user/0/top.mobilegl.plugin.p7w1.trace/files/trace-replay/input/golden.png', 'actualPath': '/data/user/0/top.mobilegl.plugin.p7w1.trace/files/trace-replay/output/actual.png', 'diffPath': '/data/user/0/top.mobilegl.plugin.p7w1.trace/files/trace-replay/output/minecraft-1.21.11-main-menu-diff.png', 'backend': 'DirectVulkan', 'angleVariant': '', 'targetFrame': -1, 'targetCall': 205347, 'width': 854, 'height': 480, 'cropX': 0, 'cropY': 0, 'cropWidth': 0, 'cropHeight': 0, 'ssim': 0.164983727, 'ssimThreshold': 0.99, 'useAngle': False, 'usePbuffer': True, 'avoidAngleLlvmpipeSamplerMipmapMinFilter': False, 'avoidAngleLlvmpipeExplicitLodBias': False, 'fixIterationRPSubgroupScratch': False, 'deriveNumSubgroups': False, 'iterationRPFixBarrier': False, 'holdMs': 0, 'mismatchPixels': 188576}
archived repeat 1 to .trace-work\p7w4\matrix-inproc\minecraft-1.21.11-main-menu-DirectVulkan\repeat-01
C:\Users\geekerwan\AndroidStudioProjects\FoldCraftLauncher\MobileGL-disagg\.trace-work\android-retrace-summary\mobilegl-android-retrace-overview.html
=== Android retrace: minecraft-1.17-main-menu-854 / DirectVulkan (repeat 1/1) ===
C:\Users\geekerwan\AndroidStudioProjects\FoldCraftLauncher\MobileGL-disagg\.trace-work\android-retrace-fixture\minecraft-1.17-main-menu-854\trace.trace: 1 file pushed, 0 skipped. 24.3 MB/s (16947395 bytes in 0.664s)
C:\Users\geekerwan\AndroidStudioProjects\FoldCraftLauncher\MobileGL-disagg\tools\trace_replay\fixtures\minecraft-1.17-main-menu-854.0000117757.png: 1 file pushed, 0 skipped. 18.2 MB/s (443389 bytes in 0.023s)
Starting: Intent { act=top.mobilegl.plugin.TRACE_REPLAY cmp=top.mobilegl.plugin.p7w1.trace/top.mobilegl.plugin.trace.TraceReplayActivity (has extras) }
{
  "passed": true,
  "statusCode": 0,
  "message": "retrace completed; ssim=0.999991, ssimThreshold=0.990000, mismatchPixels=329, matchedGoldenPath=/data/user/0/top.mobilegl.plugin.p7w1.trace/files/trace-replay/input/golden.png",
  "tracePath": "/data/user/0/top.mobilegl.plugin.p7w1.trace/files/trace-replay/input/trace.trace",
  "goldenPath": "/data/user/0/top.mobilegl.plugin.p7w1.trace/files/trace-replay/input/golden.png",
  "alternateGoldenPaths": [],
  "matchedGoldenPath": "/data/user/0/top.mobilegl.plugin.p7w1.trace/files/trace-replay/input/golden.png",
  "actualPath": "/data/user/0/top.mobilegl.plugin.p7w1.trace/files/trace-replay/output/actual.png",
  "diffPath": "/data/user/0/top.mobilegl.plugin.p7w1.trace/files/trace-replay/output/minecraft-1.17-main-menu-854-diff.png",
  "backend": "DirectVulkan",
  "angleVariant": "",
  "targetFrame": -1,
  "targetCall": 117757,
  "width": 854,
  "height": 480,
  "cropX": 0,
  "cropY": 0,
  "cropWidth": 0,
  "cropHeight": 0,
  "ssim": 0.999990914,
  "ssimThreshold": 0.990000000,
  "useAngle": false,
  "usePbuffer": true,
  "avoidAngleLlvmpipeSamplerMipmapMinFilter": false,
  "avoidAngleLlvmpipeExplicitLodBias": false,
  "fixIterationRPSubgroupScratch": false,
  "deriveNumSubgroups": false,
  "iterationRPFixBarrier": false,
  "holdMs": 0,
  "mismatchPixels": 329
}
Android retrace: real inproc transport, strict role state and zero Fatal records confirmed
archived repeat 1 to .trace-work\p7w4\matrix-inproc\minecraft-1.17-main-menu-854-DirectVulkan\repeat-01
C:\Users\geekerwan\AndroidStudioProjects\FoldCraftLauncher\MobileGL-disagg\.trace-work\android-retrace-summary\mobilegl-android-retrace-overview.html
=== Android retrace: minecraft-1.21.4-in-world / DirectVulkan (repeat 1/1) ===
C:\Users\geekerwan\AndroidStudioProjects\FoldCraftLauncher\MobileGL-disagg\.trace-work\android-retrace-fixture\minecraft-1.21.4-in-world\trace.trace: 1 file pushed, 0 skipped. 54.4 MB/s (48692730 bytes in 0.853s)
C:\Users\geekerwan\AndroidStudioProjects\FoldCraftLauncher\MobileGL-disagg\tools\trace_replay\fixtures\minecraft-1.21.4-in-world.0000280000.png: 1 file pushed, 0 skipped. 10.9 MB/s (296445 bytes in 0.026s)
Starting: Intent { act=top.mobilegl.plugin.TRACE_REPLAY cmp=top.mobilegl.plugin.p7w1.trace/top.mobilegl.plugin.trace.TraceReplayActivity (has extras) }
{
  "passed": true,
  "statusCode": 0,
  "message": "retrace completed; ssim=0.999996, ssimThreshold=0.990000, mismatchPixels=27574, matchedGoldenPath=/data/user/0/top.mobilegl.plugin.p7w1.trace/files/trace-replay/input/golden.png",
  "tracePath": "/data/user/0/top.mobilegl.plugin.p7w1.trace/files/trace-replay/input/trace.trace",
  "goldenPath": "/data/user/0/top.mobilegl.plugin.p7w1.trace/files/trace-replay/input/golden.png",
  "alternateGoldenPaths": [],
  "matchedGoldenPath": "/data/user/0/top.mobilegl.plugin.p7w1.trace/files/trace-replay/input/golden.png",
  "actualPath": "/data/user/0/top.mobilegl.plugin.p7w1.trace/files/trace-replay/output/actual.png",
  "diffPath": "/data/user/0/top.mobilegl.plugin.p7w1.trace/files/trace-replay/output/minecraft-1.21.4-in-world-diff.png",
  "backend": "DirectVulkan",
  "angleVariant": "",
  "targetFrame": -1,
  "targetCall": 280000,
  "width": 854,
  "height": 480,
  "cropX": 0,
  "cropY": 0,
  "cropWidth": 0,
  "cropHeight": 0,
  "ssim": 0.999995585,
  "ssimThreshold": 0.990000000,
  "useAngle": false,
  "usePbuffer": true,
  "avoidAngleLlvmpipeSamplerMipmapMinFilter": false,
  "avoidAngleLlvmpipeExplicitLodBias": false,
  "fixIterationRPSubgroupScratch": false,
  "deriveNumSubgroups": false,
  "iterationRPFixBarrier": false,
  "holdMs": 0,
  "mismatchPixels": 27574
}
Android retrace: real inproc transport, strict role state and zero Fatal records confirmed
archived repeat 1 to .trace-work\p7w4\matrix-inproc\minecraft-1.21.4-in-world-DirectVulkan\repeat-01
C:\Users\geekerwan\AndroidStudioProjects\FoldCraftLauncher\MobileGL-disagg\.trace-work\android-retrace-summary\mobilegl-android-retrace-overview.html
=== Android retrace: minecraft-1.21.4-fabric-sodium-in-world / DirectVulkan (repeat 1/1) ===
C:\Users\geekerwan\AndroidStudioProjects\FoldCraftLauncher\MobileGL-disagg\.trace-work\android-retrace-fixture\minecraft-1.21.4-fabric-sodium-in-world\trace.trace: 1 file pushed, 0 skipped. 38.6 MB/s (30953189 bytes in 0.765s)
C:\Users\geekerwan\AndroidStudioProjects\FoldCraftLauncher\MobileGL-disagg\tools\trace_replay\fixtures\minecraft-1.21.4-fabric-sodium-in-world.0000923340.png: 1 file pushed, 0 skipped. 87.8 MB/s (174433 bytes in 0.002s)
Starting: Intent { act=top.mobilegl.plugin.TRACE_REPLAY cmp=top.mobilegl.plugin.p7w1.trace/top.mobilegl.plugin.trace.TraceReplayActivity (has extras) }
{
  "passed": true,
  "statusCode": 0,
  "message": "retrace completed; ssim=0.999994, ssimThreshold=0.990000, mismatchPixels=29858, matchedGoldenPath=/data/user/0/top.mobilegl.plugin.p7w1.trace/files/trace-replay/input/golden.png",
  "tracePath": "/data/user/0/top.mobilegl.plugin.p7w1.trace/files/trace-replay/input/trace.trace",
  "goldenPath": "/data/user/0/top.mobilegl.plugin.p7w1.trace/files/trace-replay/input/golden.png",
  "alternateGoldenPaths": [],
  "matchedGoldenPath": "/data/user/0/top.mobilegl.plugin.p7w1.trace/files/trace-replay/input/golden.png",
  "actualPath": "/data/user/0/top.mobilegl.plugin.p7w1.trace/files/trace-replay/output/actual.png",
  "diffPath": "/data/user/0/top.mobilegl.plugin.p7w1.trace/files/trace-replay/output/minecraft-1.21.4-fabric-sodium-in-world-diff.png",
  "backend": "DirectVulkan",
  "angleVariant": "",
  "targetFrame": -1,
  "targetCall": 923340,
  "width": 854,
  "height": 480,
  "cropX": 0,
  "cropY": 0,
  "cropWidth": 0,
  "cropHeight": 0,
  "ssim": 0.999993791,
  "ssimThreshold": 0.990000000,
  "useAngle": false,
  "usePbuffer": true,
  "avoidAngleLlvmpipeSamplerMipmapMinFilter": false,
  "avoidAngleLlvmpipeExplicitLodBias": false,
  "fixIterationRPSubgroupScratch": false,
  "deriveNumSubgroups": false,
  "iterationRPFixBarrier": false,
  "holdMs": 0,
  "mismatchPixels": 29858
}
Android retrace: real inproc transport, strict role state and zero Fatal records confirmed
archived repeat 1 to .trace-work\p7w4\matrix-inproc\minecraft-1.21.4-fabric-sodium-in-world-DirectVulkan\repeat-01
C:\Users\geekerwan\AndroidStudioProjects\FoldCraftLauncher\MobileGL-disagg\.trace-work\android-retrace-summary\mobilegl-android-retrace-overview.html
=== Android retrace: minecraft-1.21.4-fabric-common-mods-in-world / DirectVulkan (repeat 1/1) ===
C:\Users\geekerwan\AndroidStudioProjects\FoldCraftLauncher\MobileGL-disagg\.trace-work\android-retrace-fixture\minecraft-1.21.4-fabric-common-mods-in-world\trace.trace: 1 file pushed, 0 skipped. 34.2 MB/s (32447725 bytes in 0.904s)
C:\Users\geekerwan\AndroidStudioProjects\FoldCraftLauncher\MobileGL-disagg\tools\trace_replay\fixtures\minecraft-1.21.4-fabric-common-mods-in-world.0000522084.png: 1 file pushed, 0 skipped. 16.2 MB/s (327206 bytes in 0.019s)
Starting: Intent { act=top.mobilegl.plugin.TRACE_REPLAY cmp=top.mobilegl.plugin.p7w1.trace/top.mobilegl.plugin.trace.TraceReplayActivity (has extras) }
{
  "passed": true,
  "statusCode": 0,
  "message": "retrace completed; ssim=0.999870, ssimThreshold=0.990000, mismatchPixels=79678, matchedGoldenPath=/data/user/0/top.mobilegl.plugin.p7w1.trace/files/trace-replay/input/golden.png",
  "tracePath": "/data/user/0/top.mobilegl.plugin.p7w1.trace/files/trace-replay/input/trace.trace",
  "goldenPath": "/data/user/0/top.mobilegl.plugin.p7w1.trace/files/trace-replay/input/golden.png",
  "alternateGoldenPaths": [],
  "matchedGoldenPath": "/data/user/0/top.mobilegl.plugin.p7w1.trace/files/trace-replay/input/golden.png",
  "actualPath": "/data/user/0/top.mobilegl.plugin.p7w1.trace/files/trace-replay/output/actual.png",
  "diffPath": "/data/user/0/top.mobilegl.plugin.p7w1.trace/files/trace-replay/output/minecraft-1.21.4-fabric-common-mods-in-world-diff.png",
  "backend": "DirectVulkan",
  "angleVariant": "",
  "targetFrame": -1,
  "targetCall": 522084,
  "width": 854,
  "height": 480,
  "cropX": 0,
  "cropY": 0,
  "cropWidth": 0,
  "cropHeight": 0,
  "ssim": 0.999869631,
  "ssimThreshold": 0.990000000,
  "useAngle": false,
  "usePbuffer": true,
  "avoidAngleLlvmpipeSamplerMipmapMinFilter": false,
  "avoidAngleLlvmpipeExplicitLodBias": false,
  "fixIterationRPSubgroupScratch": false,
  "deriveNumSubgroups": false,
  "iterationRPFixBarrier": false,
  "holdMs": 0,
  "mismatchPixels": 79678
}
Android retrace: real inproc transport, strict role state and zero Fatal records confirmed
archived repeat 1 to .trace-work\p7w4\matrix-inproc\minecraft-1.21.4-fabric-common-mods-in-world-DirectVulkan\repeat-01
C:\Users\geekerwan\AndroidStudioProjects\FoldCraftLauncher\MobileGL-disagg\.trace-work\android-retrace-summary\mobilegl-android-retrace-overview.html
=== Android retrace: minecraft-1.21.4-fabric-common-mods-inventory / DirectVulkan (repeat 1/1) ===
C:\Users\geekerwan\AndroidStudioProjects\FoldCraftLauncher\MobileGL-disagg\.trace-work\android-retrace-fixture\minecraft-1.21.4-fabric-common-mods-inventory\trace.trace: 1 file pushed, 0 skipped. 39.4 MB/s (41882318 bytes in 1.015s)
C:\Users\geekerwan\AndroidStudioProjects\FoldCraftLauncher\MobileGL-disagg\tools\trace_replay\fixtures\minecraft-1.21.4-fabric-common-mods-inventory.0000728558.png: 1 file pushed, 0 skipped. 18.9 MB/s (250887 bytes in 0.013s)
Starting: Intent { act=top.mobilegl.plugin.TRACE_REPLAY cmp=top.mobilegl.plugin.p7w1.trace/top.mobilegl.plugin.trace.TraceReplayActivity (has extras) }
{
  "passed": true,
  "statusCode": 0,
  "message": "retrace completed; ssim=0.999994, ssimThreshold=0.990000, mismatchPixels=24846, matchedGoldenPath=/data/user/0/top.mobilegl.plugin.p7w1.trace/files/trace-replay/input/golden.png",
  "tracePath": "/data/user/0/top.mobilegl.plugin.p7w1.trace/files/trace-replay/input/trace.trace",
  "goldenPath": "/data/user/0/top.mobilegl.plugin.p7w1.trace/files/trace-replay/input/golden.png",
  "alternateGoldenPaths": [],
  "matchedGoldenPath": "/data/user/0/top.mobilegl.plugin.p7w1.trace/files/trace-replay/input/golden.png",
  "actualPath": "/data/user/0/top.mobilegl.plugin.p7w1.trace/files/trace-replay/output/actual.png",
  "diffPath": "/data/user/0/top.mobilegl.plugin.p7w1.trace/files/trace-replay/output/minecraft-1.21.4-fabric-common-mods-inventory-diff.png",
  "backend": "DirectVulkan",
  "angleVariant": "",
  "targetFrame": -1,
  "targetCall": 728558,
  "width": 854,
  "height": 480,
  "cropX": 0,
  "cropY": 0,
  "cropWidth": 0,
  "cropHeight": 0,
  "ssim": 0.999994284,
  "ssimThreshold": 0.990000000,
  "useAngle": false,
  "usePbuffer": true,
  "avoidAngleLlvmpipeSamplerMipmapMinFilter": false,
  "avoidAngleLlvmpipeExplicitLodBias": false,
  "fixIterationRPSubgroupScratch": false,
  "deriveNumSubgroups": false,
  "iterationRPFixBarrier": false,
  "holdMs": 0,
  "mismatchPixels": 24846
}
Android retrace: real inproc transport, strict role state and zero Fatal records confirmed
archived repeat 1 to .trace-work\p7w4\matrix-inproc\minecraft-1.21.4-fabric-common-mods-inventory-DirectVulkan\repeat-01
C:\Users\geekerwan\AndroidStudioProjects\FoldCraftLauncher\MobileGL-disagg\.trace-work\android-retrace-summary\mobilegl-android-retrace-overview.html
=== Android retrace: minecraft-1.21.4-fabric-rei-inventory / DirectVulkan (repeat 1/1) ===
C:\Users\geekerwan\AndroidStudioProjects\FoldCraftLauncher\MobileGL-disagg\.trace-work\android-retrace-fixture\minecraft-1.21.4-fabric-rei-inventory\trace.trace: 1 file pushed, 0 skipped. 118.9 MB/s (197879451 bytes in 1.587s)
C:\Users\geekerwan\AndroidStudioProjects\FoldCraftLauncher\MobileGL-disagg\tools\trace_replay\fixtures\minecraft-1.21.4-fabric-rei-inventory.0005431826.png: 1 file pushed, 0 skipped. 96.7 MB/s (176731 bytes in 0.002s)
Starting: Intent { act=top.mobilegl.plugin.TRACE_REPLAY cmp=top.mobilegl.plugin.p7w1.trace/top.mobilegl.plugin.trace.TraceReplayActivity (has extras) }
{
  "passed": true,
  "statusCode": 0,
  "message": "retrace completed; ssim=0.999998, ssimThreshold=0.990000, mismatchPixels=19107, matchedGoldenPath=/data/user/0/top.mobilegl.plugin.p7w1.trace/files/trace-replay/input/golden.png",
  "tracePath": "/data/user/0/top.mobilegl.plugin.p7w1.trace/files/trace-replay/input/trace.trace",
  "goldenPath": "/data/user/0/top.mobilegl.plugin.p7w1.trace/files/trace-replay/input/golden.png",
  "alternateGoldenPaths": [],
  "matchedGoldenPath": "/data/user/0/top.mobilegl.plugin.p7w1.trace/files/trace-replay/input/golden.png",
  "actualPath": "/data/user/0/top.mobilegl.plugin.p7w1.trace/files/trace-replay/output/actual.png",
  "diffPath": "/data/user/0/top.mobilegl.plugin.p7w1.trace/files/trace-replay/output/minecraft-1.21.4-fabric-rei-inventory-diff.png",
  "backend": "DirectVulkan",
  "angleVariant": "",
  "targetFrame": -1,
  "targetCall": 5431826,
  "width": 854,
  "height": 480,
  "cropX": 0,
  "cropY": 0,
  "cropWidth": 0,
  "cropHeight": 0,
  "ssim": 0.999997568,
  "ssimThreshold": 0.990000000,
  "useAngle": false,
  "usePbuffer": true,
  "avoidAngleLlvmpipeSamplerMipmapMinFilter": false,
  "avoidAngleLlvmpipeExplicitLodBias": false,
  "fixIterationRPSubgroupScratch": false,
  "deriveNumSubgroups": false,
  "iterationRPFixBarrier": false,
  "holdMs": 0,
  "mismatchPixels": 19107
}
Android retrace: real inproc transport, strict role state and zero Fatal records confirmed
archived repeat 1 to .trace-work\p7w4\matrix-inproc\minecraft-1.21.4-fabric-rei-inventory-DirectVulkan\repeat-01
C:\Users\geekerwan\AndroidStudioProjects\FoldCraftLauncher\MobileGL-disagg\.trace-work\android-retrace-summary\mobilegl-android-retrace-overview.html
=== Android retrace: minecraft-1.21.4-fabric-xaero-minimap-in-world / DirectVulkan (repeat 1/1) ===
C:\Users\geekerwan\AndroidStudioProjects\FoldCraftLauncher\MobileGL-disagg\.trace-work\android-retrace-fixture\minecraft-1.21.4-fabric-xaero-minimap-in-world\trace.trace: 1 file pushed, 0 skipped. 78.7 MB/s (68409532 bytes in 0.829s)
C:\Users\geekerwan\AndroidStudioProjects\FoldCraftLauncher\MobileGL-disagg\tools\trace_replay\fixtures\minecraft-1.21.4-fabric-xaero-minimap-in-world.0002553500.png: 1 file pushed, 0 skipped. 152.6 MB/s (110300 bytes in 0.001s)
Starting: Intent { act=top.mobilegl.plugin.TRACE_REPLAY cmp=top.mobilegl.plugin.p7w1.trace/top.mobilegl.plugin.trace.TraceReplayActivity (has extras) }
{
  "passed": true,
  "statusCode": 0,
  "message": "retrace completed; ssim=0.999999, ssimThreshold=0.990000, mismatchPixels=170, matchedGoldenPath=/data/user/0/top.mobilegl.plugin.p7w1.trace/files/trace-replay/input/golden.png",
  "tracePath": "/data/user/0/top.mobilegl.plugin.p7w1.trace/files/trace-replay/input/trace.trace",
  "goldenPath": "/data/user/0/top.mobilegl.plugin.p7w1.trace/files/trace-replay/input/golden.png",
  "alternateGoldenPaths": [],
  "matchedGoldenPath": "/data/user/0/top.mobilegl.plugin.p7w1.trace/files/trace-replay/input/golden.png",
  "actualPath": "/data/user/0/top.mobilegl.plugin.p7w1.trace/files/trace-replay/output/actual.png",
  "diffPath": "/data/user/0/top.mobilegl.plugin.p7w1.trace/files/trace-replay/output/minecraft-1.21.4-fabric-xaero-minimap-in-world-diff.png",
  "backend": "DirectVulkan",
  "angleVariant": "",
  "targetFrame": -1,
  "targetCall": 2553500,
  "width": 854,
  "height": 480,
  "cropX": 0,
  "cropY": 10,
  "cropWidth": 140,
  "cropHeight": 158,
  "ssim": 0.999999407,
  "ssimThreshold": 0.990000000,
  "useAngle": false,
  "usePbuffer": true,
  "avoidAngleLlvmpipeSamplerMipmapMinFilter": false,
  "avoidAngleLlvmpipeExplicitLodBias": false,
  "fixIterationRPSubgroupScratch": false,
  "deriveNumSubgroups": false,
  "iterationRPFixBarrier": false,
  "holdMs": 0,
  "mismatchPixels": 170
}
Android retrace: real inproc transport, strict role state and zero Fatal records confirmed
archived repeat 1 to .trace-work\p7w4\matrix-inproc\minecraft-1.21.4-fabric-xaero-minimap-in-world-DirectVulkan\repeat-01
C:\Users\geekerwan\AndroidStudioProjects\FoldCraftLauncher\MobileGL-disagg\.trace-work\android-retrace-summary\mobilegl-android-retrace-overview.html
=== Android retrace: minecraft-1.21.4-fabric-xaero-world-map-in-world / DirectVulkan (repeat 1/1) ===
C:\Users\geekerwan\AndroidStudioProjects\FoldCraftLauncher\MobileGL-disagg\.trace-work\android-retrace-fixture\minecraft-1.21.4-fabric-xaero-world-map-in-world\trace.trace: 1 file pushed, 0 skipped. 62.9 MB/s (36840479 bytes in 0.559s)
C:\Users\geekerwan\AndroidStudioProjects\FoldCraftLauncher\MobileGL-disagg\tools\trace_replay\fixtures\minecraft-1.21.4-fabric-xaero-world-map-in-world.0001598209.png: 1 file pushed, 0 skipped. 71.9 MB/s (12516 bytes in 0.000s)
Starting: Intent { act=top.mobilegl.plugin.TRACE_REPLAY cmp=top.mobilegl.plugin.p7w1.trace/top.mobilegl.plugin.trace.TraceReplayActivity (has extras) }
{
  "passed": true,
  "statusCode": 0,
  "message": "retrace completed; ssim=1.000000, ssimThreshold=0.990000, mismatchPixels=181, matchedGoldenPath=/data/user/0/top.mobilegl.plugin.p7w1.trace/files/trace-replay/input/golden.png",
  "tracePath": "/data/user/0/top.mobilegl.plugin.p7w1.trace/files/trace-replay/input/trace.trace",
  "goldenPath": "/data/user/0/top.mobilegl.plugin.p7w1.trace/files/trace-replay/input/golden.png",
  "alternateGoldenPaths": [],
  "matchedGoldenPath": "/data/user/0/top.mobilegl.plugin.p7w1.trace/files/trace-replay/input/golden.png",
  "actualPath": "/data/user/0/top.mobilegl.plugin.p7w1.trace/files/trace-replay/output/actual.png",
  "diffPath": "/data/user/0/top.mobilegl.plugin.p7w1.trace/files/trace-replay/output/minecraft-1.21.4-fabric-xaero-world-map-in-world-diff.png",
  "backend": "DirectVulkan",
  "angleVariant": "",
  "targetFrame": -1,
  "targetCall": 1598209,
  "width": 854,
  "height": 480,
  "cropX": 0,
  "cropY": 0,
  "cropWidth": 0,
  "cropHeight": 0,
  "ssim": 0.999999866,
  "ssimThreshold": 0.990000000,
  "useAngle": false,
  "usePbuffer": true,
  "avoidAngleLlvmpipeSamplerMipmapMinFilter": false,
  "avoidAngleLlvmpipeExplicitLodBias": false,
  "fixIterationRPSubgroupScratch": false,
  "deriveNumSubgroups": false,
  "iterationRPFixBarrier": false,
  "holdMs": 0,
  "mismatchPixels": 181
}
Android retrace: real inproc transport, strict role state and zero Fatal records confirmed
archived repeat 1 to .trace-work\p7w4\matrix-inproc\minecraft-1.21.4-fabric-xaero-world-map-in-world-DirectVulkan\repeat-01
C:\Users\geekerwan\AndroidStudioProjects\FoldCraftLauncher\MobileGL-disagg\.trace-work\android-retrace-summary\mobilegl-android-retrace-overview.html
=== Android retrace: minecraft-1.21.4-fabric-journeymap-in-world / DirectVulkan (repeat 1/1) ===
C:\Users\geekerwan\AndroidStudioProjects\FoldCraftLauncher\MobileGL-disagg\.trace-work\android-retrace-fixture\minecraft-1.21.4-fabric-journeymap-in-world\trace.trace: 1 file pushed, 0 skipped. 80.6 MB/s (53076992 bytes in 0.628s)
C:\Users\geekerwan\AndroidStudioProjects\FoldCraftLauncher\MobileGL-disagg\tools\trace_replay\fixtures\minecraft-1.21.4-fabric-journeymap-in-world.0002632392.png: 1 file pushed, 0 skipped. 89.2 MB/s (115169 bytes in 0.001s)
Starting: Intent { act=top.mobilegl.plugin.TRACE_REPLAY cmp=top.mobilegl.plugin.p7w1.trace/top.mobilegl.plugin.trace.TraceReplayActivity (has extras) }
{
  "passed": true,
  "statusCode": 0,
  "message": "retrace completed; ssim=0.999991, ssimThreshold=0.990000, mismatchPixels=51248, matchedGoldenPath=/data/user/0/top.mobilegl.plugin.p7w1.trace/files/trace-replay/input/golden.png",
  "tracePath": "/data/user/0/top.mobilegl.plugin.p7w1.trace/files/trace-replay/input/trace.trace",
  "goldenPath": "/data/user/0/top.mobilegl.plugin.p7w1.trace/files/trace-replay/input/golden.png",
  "alternateGoldenPaths": [],
  "matchedGoldenPath": "/data/user/0/top.mobilegl.plugin.p7w1.trace/files/trace-replay/input/golden.png",
  "actualPath": "/data/user/0/top.mobilegl.plugin.p7w1.trace/files/trace-replay/output/actual.png",
  "diffPath": "/data/user/0/top.mobilegl.plugin.p7w1.trace/files/trace-replay/output/minecraft-1.21.4-fabric-journeymap-in-world-diff.png",
  "backend": "DirectVulkan",
  "angleVariant": "",
  "targetFrame": -1,
  "targetCall": 2632392,
  "width": 854,
  "height": 480,
  "cropX": 0,
  "cropY": 0,
  "cropWidth": 0,
  "cropHeight": 0,
  "ssim": 0.999991304,
  "ssimThreshold": 0.990000000,
  "useAngle": false,
  "usePbuffer": true,
  "avoidAngleLlvmpipeSamplerMipmapMinFilter": false,
  "avoidAngleLlvmpipeExplicitLodBias": false,
  "fixIterationRPSubgroupScratch": false,
  "deriveNumSubgroups": false,
  "iterationRPFixBarrier": false,
  "holdMs": 0,
  "mismatchPixels": 51248
}
Android retrace: real inproc transport, strict role state and zero Fatal records confirmed
archived repeat 1 to .trace-work\p7w4\matrix-inproc\minecraft-1.21.4-fabric-journeymap-in-world-DirectVulkan\repeat-01
C:\Users\geekerwan\AndroidStudioProjects\FoldCraftLauncher\MobileGL-disagg\.trace-work\android-retrace-summary\mobilegl-android-retrace-overview.html
=== Android retrace: minecraft-1.21.4-fabric-modernui-inventory / DirectVulkan (repeat 1/1) ===
C:\Users\geekerwan\AndroidStudioProjects\FoldCraftLauncher\MobileGL-disagg\.trace-work\android-retrace-fixture\minecraft-1.21.4-fabric-modernui-inventory\trace.trace: 1 file pushed, 0 skipped. 89.4 MB/s (138253759 bytes in 1.475s)
C:\Users\geekerwan\AndroidStudioProjects\FoldCraftLauncher\MobileGL-disagg\tools\trace_replay\fixtures\minecraft-1.21.4-fabric-modernui-inventory.0004907381.png: 1 file pushed, 0 skipped. 168.6 MB/s (136268 bytes in 0.001s)
Starting: Intent { act=top.mobilegl.plugin.TRACE_REPLAY cmp=top.mobilegl.plugin.p7w1.trace/top.mobilegl.plugin.trace.TraceReplayActivity (has extras) }
{
  "passed": true,
  "statusCode": 0,
  "message": "retrace completed; ssim=0.999996, ssimThreshold=0.990000, mismatchPixels=22950, matchedGoldenPath=/data/user/0/top.mobilegl.plugin.p7w1.trace/files/trace-replay/input/golden.png",
  "tracePath": "/data/user/0/top.mobilegl.plugin.p7w1.trace/files/trace-replay/input/trace.trace",
  "goldenPath": "/data/user/0/top.mobilegl.plugin.p7w1.trace/files/trace-replay/input/golden.png",
  "alternateGoldenPaths": [],
  "matchedGoldenPath": "/data/user/0/top.mobilegl.plugin.p7w1.trace/files/trace-replay/input/golden.png",
  "actualPath": "/data/user/0/top.mobilegl.plugin.p7w1.trace/files/trace-replay/output/actual.png",
  "diffPath": "/data/user/0/top.mobilegl.plugin.p7w1.trace/files/trace-replay/output/minecraft-1.21.4-fabric-modernui-inventory-diff.png",
  "backend": "DirectVulkan",
  "angleVariant": "",
  "targetFrame": -1,
  "targetCall": 4907381,
  "width": 854,
  "height": 480,
  "cropX": 0,
  "cropY": 0,
  "cropWidth": 0,
  "cropHeight": 0,
  "ssim": 0.999996451,
  "ssimThreshold": 0.990000000,
  "useAngle": false,
  "usePbuffer": true,
  "avoidAngleLlvmpipeSamplerMipmapMinFilter": false,
  "avoidAngleLlvmpipeExplicitLodBias": false,
  "fixIterationRPSubgroupScratch": false,
  "deriveNumSubgroups": false,
  "iterationRPFixBarrier": false,
  "holdMs": 0,
  "mismatchPixels": 22950
}
Android retrace: real inproc transport, strict role state and zero Fatal records confirmed
archived repeat 1 to .trace-work\p7w4\matrix-inproc\minecraft-1.21.4-fabric-modernui-inventory-DirectVulkan\repeat-01
C:\Users\geekerwan\AndroidStudioProjects\FoldCraftLauncher\MobileGL-disagg\.trace-work\android-retrace-summary\mobilegl-android-retrace-overview.html
=== Android retrace: minecraft-1.21.4-fabric-rei-inventory-normal-world / DirectVulkan (repeat 1/1) ===
C:\Users\geekerwan\AndroidStudioProjects\FoldCraftLauncher\MobileGL-disagg\.trace-work\android-retrace-fixture\minecraft-1.21.4-fabric-rei-inventory-normal-world\trace.trace: 1 file pushed, 0 skipped. 50.0 MB/s (31856698 bytes in 0.607s)
C:\Users\geekerwan\AndroidStudioProjects\FoldCraftLauncher\MobileGL-disagg\tools\trace_replay\fixtures\minecraft-1.21.4-fabric-rei-inventory-normal-world.0000734465.png: 1 file pushed, 0 skipped. 151.1 MB/s (145114 bytes in 0.001s)
Starting: Intent { act=top.mobilegl.plugin.TRACE_REPLAY cmp=top.mobilegl.plugin.p7w1.trace/top.mobilegl.plugin.trace.TraceReplayActivity (has extras) }
{
  "passed": true,
  "statusCode": 0,
  "message": "retrace completed; ssim=0.999999, ssimThreshold=0.990000, mismatchPixels=12178, matchedGoldenPath=/data/user/0/top.mobilegl.plugin.p7w1.trace/files/trace-replay/input/golden.png",
  "tracePath": "/data/user/0/top.mobilegl.plugin.p7w1.trace/files/trace-replay/input/trace.trace",
  "goldenPath": "/data/user/0/top.mobilegl.plugin.p7w1.trace/files/trace-replay/input/golden.png",
  "alternateGoldenPaths": [],
  "matchedGoldenPath": "/data/user/0/top.mobilegl.plugin.p7w1.trace/files/trace-replay/input/golden.png",
  "actualPath": "/data/user/0/top.mobilegl.plugin.p7w1.trace/files/trace-replay/output/actual.png",
  "diffPath": "/data/user/0/top.mobilegl.plugin.p7w1.trace/files/trace-replay/output/minecraft-1.21.4-fabric-rei-inventory-normal-world-diff.png",
  "backend": "DirectVulkan",
  "angleVariant": "",
  "targetFrame": -1,
  "targetCall": 734465,
  "width": 854,
  "height": 480,
  "cropX": 0,
  "cropY": 0,
  "cropWidth": 0,
  "cropHeight": 0,
  "ssim": 0.999998800,
  "ssimThreshold": 0.990000000,
  "useAngle": false,
  "usePbuffer": true,
  "avoidAngleLlvmpipeSamplerMipmapMinFilter": false,
  "avoidAngleLlvmpipeExplicitLodBias": false,
  "fixIterationRPSubgroupScratch": false,
  "deriveNumSubgroups": false,
  "iterationRPFixBarrier": false,
  "holdMs": 0,
  "mismatchPixels": 12178
}
Android retrace: real inproc transport, strict role state and zero Fatal records confirmed
archived repeat 1 to .trace-work\p7w4\matrix-inproc\minecraft-1.21.4-fabric-rei-inventory-normal-world-DirectVulkan\repeat-01
C:\Users\geekerwan\AndroidStudioProjects\FoldCraftLauncher\MobileGL-disagg\.trace-work\android-retrace-summary\mobilegl-android-retrace-overview.html
=== Android retrace: minecraft-1.21.4-fabric-xaero-minimap-in-world-normal-world / DirectVulkan (repeat 1/1) ===
C:\Users\geekerwan\AndroidStudioProjects\FoldCraftLauncher\MobileGL-disagg\.trace-work\android-retrace-fixture\minecraft-1.21.4-fabric-xaero-minimap-in-world-normal-world\trace.trace: 1 file pushed, 0 skipped. 41.3 MB/s (21162779 bytes in 0.489s)
C:\Users\geekerwan\AndroidStudioProjects\FoldCraftLauncher\MobileGL-disagg\tools\trace_replay\fixtures\minecraft-1.21.4-fabric-xaero-minimap-in-world-normal-world.0000457190.png: 1 file pushed, 0 skipped. 79.2 MB/s (111216 bytes in 0.001s)
Starting: Intent { act=top.mobilegl.plugin.TRACE_REPLAY cmp=top.mobilegl.plugin.p7w1.trace/top.mobilegl.plugin.trace.TraceReplayActivity (has extras) }
{
  "passed": true,
  "statusCode": 0,
  "message": "retrace completed; ssim=0.999992, ssimThreshold=0.990000, mismatchPixels=6415, matchedGoldenPath=/data/user/0/top.mobilegl.plugin.p7w1.trace/files/trace-replay/input/golden.png",
  "tracePath": "/data/user/0/top.mobilegl.plugin.p7w1.trace/files/trace-replay/input/trace.trace",
  "goldenPath": "/data/user/0/top.mobilegl.plugin.p7w1.trace/files/trace-replay/input/golden.png",
  "alternateGoldenPaths": [],
  "matchedGoldenPath": "/data/user/0/top.mobilegl.plugin.p7w1.trace/files/trace-replay/input/golden.png",
  "actualPath": "/data/user/0/top.mobilegl.plugin.p7w1.trace/files/trace-replay/output/actual.png",
  "diffPath": "/data/user/0/top.mobilegl.plugin.p7w1.trace/files/trace-replay/output/minecraft-1.21.4-fabric-xaero-minimap-in-world-normal-world-diff.png",
  "backend": "DirectVulkan",
  "angleVariant": "",
  "targetFrame": -1,
  "targetCall": 457190,
  "width": 854,
  "height": 480,
  "cropX": 0,
  "cropY": 10,
  "cropWidth": 140,
  "cropHeight": 158,
  "ssim": 0.999992410,
  "ssimThreshold": 0.990000000,
  "useAngle": false,
  "usePbuffer": true,
  "avoidAngleLlvmpipeSamplerMipmapMinFilter": false,
  "avoidAngleLlvmpipeExplicitLodBias": false,
  "fixIterationRPSubgroupScratch": false,
  "deriveNumSubgroups": false,
  "iterationRPFixBarrier": false,
  "holdMs": 0,
  "mismatchPixels": 6415
}
Android retrace: real inproc transport, strict role state and zero Fatal records confirmed
archived repeat 1 to .trace-work\p7w4\matrix-inproc\minecraft-1.21.4-fabric-xaero-minimap-in-world-normal-world-DirectVulkan\repeat-01
C:\Users\geekerwan\AndroidStudioProjects\FoldCraftLauncher\MobileGL-disagg\.trace-work\android-retrace-summary\mobilegl-android-retrace-overview.html
=== Android retrace: minecraft-1.21.4-fabric-xaero-world-map-in-world-normal-world / DirectVulkan (repeat 1/1) ===
C:\Users\geekerwan\AndroidStudioProjects\FoldCraftLauncher\MobileGL-disagg\.trace-work\android-retrace-fixture\minecraft-1.21.4-fabric-xaero-world-map-in-world-normal-world\trace.trace: 1 file pushed, 0 skipped. 63.2 MB/s (29249484 bytes in 0.441s)
C:\Users\geekerwan\AndroidStudioProjects\FoldCraftLauncher\MobileGL-disagg\tools\trace_replay\fixtures\minecraft-1.21.4-fabric-xaero-world-map-in-world-normal-world.0000573061.png: 1 file pushed, 0 skipped. 162.4 MB/s (131881 bytes in 0.001s)
Starting: Intent { act=top.mobilegl.plugin.TRACE_REPLAY cmp=top.mobilegl.plugin.p7w1.trace/top.mobilegl.plugin.trace.TraceReplayActivity (has extras) }
{
  "passed": true,
  "statusCode": 0,
  "message": "retrace completed; ssim=0.999994, ssimThreshold=0.990000, mismatchPixels=60510, matchedGoldenPath=/data/user/0/top.mobilegl.plugin.p7w1.trace/files/trace-replay/input/golden.png",
  "tracePath": "/data/user/0/top.mobilegl.plugin.p7w1.trace/files/trace-replay/input/trace.trace",
  "goldenPath": "/data/user/0/top.mobilegl.plugin.p7w1.trace/files/trace-replay/input/golden.png",
  "alternateGoldenPaths": [],
  "matchedGoldenPath": "/data/user/0/top.mobilegl.plugin.p7w1.trace/files/trace-replay/input/golden.png",
  "actualPath": "/data/user/0/top.mobilegl.plugin.p7w1.trace/files/trace-replay/output/actual.png",
  "diffPath": "/data/user/0/top.mobilegl.plugin.p7w1.trace/files/trace-replay/output/minecraft-1.21.4-fabric-xaero-world-map-in-world-normal-world-diff.png",
  "backend": "DirectVulkan",
  "angleVariant": "",
  "targetFrame": -1,
  "targetCall": 573061,
  "width": 854,
  "height": 480,
  "cropX": 0,
  "cropY": 0,
  "cropWidth": 0,
  "cropHeight": 0,
  "ssim": 0.999993780,
  "ssimThreshold": 0.990000000,
  "useAngle": false,
  "usePbuffer": true,
  "avoidAngleLlvmpipeSamplerMipmapMinFilter": false,
  "avoidAngleLlvmpipeExplicitLodBias": false,
  "fixIterationRPSubgroupScratch": false,
  "deriveNumSubgroups": false,
  "iterationRPFixBarrier": false,
  "holdMs": 0,
  "mismatchPixels": 60510
}
Android retrace: real inproc transport, strict role state and zero Fatal records confirmed
archived repeat 1 to .trace-work\p7w4\matrix-inproc\minecraft-1.21.4-fabric-xaero-world-map-in-world-normal-world-DirectVulkan\repeat-01
C:\Users\geekerwan\AndroidStudioProjects\FoldCraftLauncher\MobileGL-disagg\.trace-work\android-retrace-summary\mobilegl-android-retrace-overview.html
=== Android retrace: minecraft-1.21.4-fabric-journeymap-in-world-normal-world / DirectVulkan (repeat 1/1) ===
C:\Users\geekerwan\AndroidStudioProjects\FoldCraftLauncher\MobileGL-disagg\.trace-work\android-retrace-fixture\minecraft-1.21.4-fabric-journeymap-in-world-normal-world\trace.trace: 1 file pushed, 0 skipped. 46.0 MB/s (27430578 bytes in 0.569s)
C:\Users\geekerwan\AndroidStudioProjects\FoldCraftLauncher\MobileGL-disagg\tools\trace_replay\fixtures\minecraft-1.21.4-fabric-journeymap-in-world-normal-world.0000641975.png: 1 file pushed, 0 skipped. 169.0 MB/s (129595 bytes in 0.001s)
Starting: Intent { act=top.mobilegl.plugin.TRACE_REPLAY cmp=top.mobilegl.plugin.p7w1.trace/top.mobilegl.plugin.trace.TraceReplayActivity (has extras) }
{
  "passed": true,
  "statusCode": 0,
  "message": "retrace completed; ssim=0.999988, ssimThreshold=0.990000, mismatchPixels=40227, matchedGoldenPath=/data/user/0/top.mobilegl.plugin.p7w1.trace/files/trace-replay/input/golden.png",
  "tracePath": "/data/user/0/top.mobilegl.plugin.p7w1.trace/files/trace-replay/input/trace.trace",
  "goldenPath": "/data/user/0/top.mobilegl.plugin.p7w1.trace/files/trace-replay/input/golden.png",
  "alternateGoldenPaths": [],
  "matchedGoldenPath": "/data/user/0/top.mobilegl.plugin.p7w1.trace/files/trace-replay/input/golden.png",
  "actualPath": "/data/user/0/top.mobilegl.plugin.p7w1.trace/files/trace-replay/output/actual.png",
  "diffPath": "/data/user/0/top.mobilegl.plugin.p7w1.trace/files/trace-replay/output/minecraft-1.21.4-fabric-journeymap-in-world-normal-world-diff.png",
  "backend": "DirectVulkan",
  "angleVariant": "",
  "targetFrame": -1,
  "targetCall": 641975,
  "width": 854,
  "height": 480,
  "cropX": 0,
  "cropY": 0,
  "cropWidth": 0,
  "cropHeight": 0,
  "ssim": 0.999988398,
  "ssimThreshold": 0.990000000,
  "useAngle": false,
  "usePbuffer": true,
  "avoidAngleLlvmpipeSamplerMipmapMinFilter": false,
  "avoidAngleLlvmpipeExplicitLodBias": false,
  "fixIterationRPSubgroupScratch": false,
  "deriveNumSubgroups": false,
  "iterationRPFixBarrier": false,
  "holdMs": 0,
  "mismatchPixels": 40227
}
Android retrace: real inproc transport, strict role state and zero Fatal records confirmed
archived repeat 1 to .trace-work\p7w4\matrix-inproc\minecraft-1.21.4-fabric-journeymap-in-world-normal-world-DirectVulkan\repeat-01
C:\Users\geekerwan\AndroidStudioProjects\FoldCraftLauncher\MobileGL-disagg\.trace-work\android-retrace-summary\mobilegl-android-retrace-overview.html
=== Android retrace: minecraft-1.21.4-fabric-modernui-inventory-normal-world / DirectVulkan (repeat 1/1) ===
C:\Users\geekerwan\AndroidStudioProjects\FoldCraftLauncher\MobileGL-disagg\.trace-work\android-retrace-fixture\minecraft-1.21.4-fabric-modernui-inventory-normal-world\trace.trace: 1 file pushed, 0 skipped. 48.2 MB/s (32181102 bytes in 0.637s)
C:\Users\geekerwan\AndroidStudioProjects\FoldCraftLauncher\MobileGL-disagg\tools\trace_replay\fixtures\minecraft-1.21.4-fabric-modernui-inventory-normal-world.0000727926.png: 1 file pushed, 0 skipped. 157.7 MB/s (138346 bytes in 0.001s)
Starting: Intent { act=top.mobilegl.plugin.TRACE_REPLAY cmp=top.mobilegl.plugin.p7w1.trace/top.mobilegl.plugin.trace.TraceReplayActivity (has extras) }
{
  "passed": true,
  "statusCode": 0,
  "message": "retrace completed; ssim=0.999998, ssimThreshold=0.990000, mismatchPixels=14879, matchedGoldenPath=/data/user/0/top.mobilegl.plugin.p7w1.trace/files/trace-replay/input/golden.png",
  "tracePath": "/data/user/0/top.mobilegl.plugin.p7w1.trace/files/trace-replay/input/trace.trace",
  "goldenPath": "/data/user/0/top.mobilegl.plugin.p7w1.trace/files/trace-replay/input/golden.png",
  "alternateGoldenPaths": [],
  "matchedGoldenPath": "/data/user/0/top.mobilegl.plugin.p7w1.trace/files/trace-replay/input/golden.png",
  "actualPath": "/data/user/0/top.mobilegl.plugin.p7w1.trace/files/trace-replay/output/actual.png",
  "diffPath": "/data/user/0/top.mobilegl.plugin.p7w1.trace/files/trace-replay/output/minecraft-1.21.4-fabric-modernui-inventory-normal-world-diff.png",
  "backend": "DirectVulkan",
  "angleVariant": "",
  "targetFrame": -1,
  "targetCall": 727926,
  "width": 854,
  "height": 480,
  "cropX": 0,
  "cropY": 0,
  "cropWidth": 0,
  "cropHeight": 0,
  "ssim": 0.999997628,
  "ssimThreshold": 0.990000000,
  "useAngle": false,
  "usePbuffer": true,
  "avoidAngleLlvmpipeSamplerMipmapMinFilter": false,
  "avoidAngleLlvmpipeExplicitLodBias": false,
  "fixIterationRPSubgroupScratch": false,
  "deriveNumSubgroups": false,
  "iterationRPFixBarrier": false,
  "holdMs": 0,
  "mismatchPixels": 14879
}
Android retrace: real inproc transport, strict role state and zero Fatal records confirmed
archived repeat 1 to .trace-work\p7w4\matrix-inproc\minecraft-1.21.4-fabric-modernui-inventory-normal-world-DirectVulkan\repeat-01
C:\Users\geekerwan\AndroidStudioProjects\FoldCraftLauncher\MobileGL-disagg\.trace-work\android-retrace-summary\mobilegl-android-retrace-overview.html
=== Android retrace: minecraft-1.21.4-fabric-iris-bsl-in-world / DirectVulkan (repeat 1/1) ===
C:\Users\geekerwan\AndroidStudioProjects\FoldCraftLauncher\MobileGL-disagg\.trace-work\android-retrace-fixture\minecraft-1.21.4-fabric-iris-bsl-in-world\trace.trace: 1 file pushed, 0 skipped. 27.2 MB/s (12635537 bytes in 0.443s)
C:\Users\geekerwan\AndroidStudioProjects\FoldCraftLauncher\MobileGL-disagg\tools\trace_replay\fixtures\minecraft-1.21.4-fabric-iris-bsl-in-world.0000110725.png: 1 file pushed, 0 skipped. 11.5 MB/s (602071 bytes in 0.050s)
C:\Users\geekerwan\AndroidStudioProjects\FoldCraftLauncher\MobileGL-disagg\tools\trace_replay\fixtures\minecraft-1.21.4-fabric-iris-bsl-in-world.0000110725-mali.png: 1 file pushed, 0 skipped. 10.4 MB/s (606400 bytes in 0.056s)
Starting: Intent { act=top.mobilegl.plugin.TRACE_REPLAY cmp=top.mobilegl.plugin.p7w1.trace/top.mobilegl.plugin.trace.TraceReplayActivity (has extras) }
{
  "passed": true,
  "statusCode": 0,
  "message": "retrace completed; ssim=0.997010, ssimThreshold=0.990000, mismatchPixels=393627, matchedGoldenPath=/data/user/0/top.mobilegl.plugin.p7w1.trace/files/trace-replay/input/golden.png",
  "tracePath": "/data/user/0/top.mobilegl.plugin.p7w1.trace/files/trace-replay/input/trace.trace",
  "goldenPath": "/data/user/0/top.mobilegl.plugin.p7w1.trace/files/trace-replay/input/golden.png",
  "alternateGoldenPaths": ["/data/user/0/top.mobilegl.plugin.p7w1.trace/files/trace-replay/input/alternate-golden.png"],
  "matchedGoldenPath": "/data/user/0/top.mobilegl.plugin.p7w1.trace/files/trace-replay/input/golden.png",
  "actualPath": "/data/user/0/top.mobilegl.plugin.p7w1.trace/files/trace-replay/output/actual.png",
  "diffPath": "/data/user/0/top.mobilegl.plugin.p7w1.trace/files/trace-replay/output/minecraft-1.21.4-fabric-iris-bsl-in-world-diff.png",
  "backend": "DirectVulkan",
  "angleVariant": "",
  "targetFrame": -1,
  "targetCall": 110725,
  "width": 854,
  "height": 480,
  "cropX": 0,
  "cropY": 0,
  "cropWidth": 0,
  "cropHeight": 0,
  "ssim": 0.997009631,
  "ssimThreshold": 0.990000000,
  "useAngle": false,
  "usePbuffer": true,
  "avoidAngleLlvmpipeSamplerMipmapMinFilter": false,
  "avoidAngleLlvmpipeExplicitLodBias": false,
  "fixIterationRPSubgroupScratch": false,
  "deriveNumSubgroups": false,
  "iterationRPFixBarrier": false,
  "holdMs": 0,
  "mismatchPixels": 393627
}
Android retrace: real inproc transport, strict role state and zero Fatal records confirmed
archived repeat 1 to .trace-work\p7w4\matrix-inproc\minecraft-1.21.4-fabric-iris-bsl-in-world-DirectVulkan\repeat-01
C:\Users\geekerwan\AndroidStudioProjects\FoldCraftLauncher\MobileGL-disagg\.trace-work\android-retrace-summary\mobilegl-android-retrace-overview.html
=== Android retrace: minecraft-1.21.4-fabric-iris-makeup-ultrafast-in-world / DirectVulkan (repeat 1/1) ===
C:\Users\geekerwan\AndroidStudioProjects\FoldCraftLauncher\MobileGL-disagg\.trace-work\android-retrace-fixture\minecraft-1.21.4-fabric-iris-makeup-ultrafast-in-world\trace.trace: 1 file pushed, 0 skipped. 30.4 MB/s (11983226 bytes in 0.376s)
C:\Users\geekerwan\AndroidStudioProjects\FoldCraftLauncher\MobileGL-disagg\tools\trace_replay\fixtures\minecraft-1.21.4-fabric-iris-makeup-ultrafast-in-world.0000095322.png: 1 file pushed, 0 skipped. 37.1 MB/s (350351 bytes in 0.009s)
Starting: Intent { act=top.mobilegl.plugin.TRACE_REPLAY cmp=top.mobilegl.plugin.p7w1.trace/top.mobilegl.plugin.trace.TraceReplayActivity (has extras) }
{
  "passed": true,
  "statusCode": 0,
  "message": "retrace completed; ssim=0.996631, ssimThreshold=0.990000, mismatchPixels=373628, matchedGoldenPath=/data/user/0/top.mobilegl.plugin.p7w1.trace/files/trace-replay/input/golden.png",
  "tracePath": "/data/user/0/top.mobilegl.plugin.p7w1.trace/files/trace-replay/input/trace.trace",
  "goldenPath": "/data/user/0/top.mobilegl.plugin.p7w1.trace/files/trace-replay/input/golden.png",
  "alternateGoldenPaths": [],
  "matchedGoldenPath": "/data/user/0/top.mobilegl.plugin.p7w1.trace/files/trace-replay/input/golden.png",
  "actualPath": "/data/user/0/top.mobilegl.plugin.p7w1.trace/files/trace-replay/output/actual.png",
  "diffPath": "/data/user/0/top.mobilegl.plugin.p7w1.trace/files/trace-replay/output/minecraft-1.21.4-fabric-iris-makeup-ultrafast-in-world-diff.png",
  "backend": "DirectVulkan",
  "angleVariant": "",
  "targetFrame": -1,
  "targetCall": 95322,
  "width": 854,
  "height": 480,
  "cropX": 0,
  "cropY": 0,
  "cropWidth": 0,
  "cropHeight": 0,
  "ssim": 0.996630735,
  "ssimThreshold": 0.990000000,
  "useAngle": false,
  "usePbuffer": true,
  "avoidAngleLlvmpipeSamplerMipmapMinFilter": false,
  "avoidAngleLlvmpipeExplicitLodBias": false,
  "fixIterationRPSubgroupScratch": false,
  "deriveNumSubgroups": false,
  "iterationRPFixBarrier": false,
  "holdMs": 0,
  "mismatchPixels": 373628
}
Android retrace: real inproc transport, strict role state and zero Fatal records confirmed
archived repeat 1 to .trace-work\p7w4\matrix-inproc\minecraft-1.21.4-fabric-iris-makeup-ultrafast-in-world-DirectVulkan\repeat-01
C:\Users\geekerwan\AndroidStudioProjects\FoldCraftLauncher\MobileGL-disagg\.trace-work\android-retrace-summary\mobilegl-android-retrace-overview.html
=== Android retrace: minecraft-1.21.4-fabric-iris-super-duper-vanilla-in-world / DirectVulkan (repeat 1/1) ===
C:\Users\geekerwan\AndroidStudioProjects\FoldCraftLauncher\MobileGL-disagg\.trace-work\android-retrace-fixture\minecraft-1.21.4-fabric-iris-super-duper-vanilla-in-world\trace.trace: 1 file pushed, 0 skipped. 31.7 MB/s (16069904 bytes in 0.484s)
C:\Users\geekerwan\AndroidStudioProjects\FoldCraftLauncher\MobileGL-disagg\tools\trace_replay\fixtures\minecraft-1.21.4-fabric-iris-super-duper-vanilla-in-world.0000141559.png: 1 file pushed, 0 skipped. 31.1 MB/s (639369 bytes in 0.020s)
Starting: Intent { act=top.mobilegl.plugin.TRACE_REPLAY cmp=top.mobilegl.plugin.p7w1.trace/top.mobilegl.plugin.trace.TraceReplayActivity (has extras) }
{
  "passed": true,
  "statusCode": 0,
  "message": "retrace completed; ssim=0.999455, ssimThreshold=0.990000, mismatchPixels=359364, matchedGoldenPath=/data/user/0/top.mobilegl.plugin.p7w1.trace/files/trace-replay/input/golden.png",
  "tracePath": "/data/user/0/top.mobilegl.plugin.p7w1.trace/files/trace-replay/input/trace.trace",
  "goldenPath": "/data/user/0/top.mobilegl.plugin.p7w1.trace/files/trace-replay/input/golden.png",
  "alternateGoldenPaths": [],
  "matchedGoldenPath": "/data/user/0/top.mobilegl.plugin.p7w1.trace/files/trace-replay/input/golden.png",
  "actualPath": "/data/user/0/top.mobilegl.plugin.p7w1.trace/files/trace-replay/output/actual.png",
  "diffPath": "/data/user/0/top.mobilegl.plugin.p7w1.trace/files/trace-replay/output/minecraft-1.21.4-fabric-iris-super-duper-vanilla-in-world-diff.png",
  "backend": "DirectVulkan",
  "angleVariant": "",
  "targetFrame": -1,
  "targetCall": 141559,
  "width": 854,
  "height": 480,
  "cropX": 0,
  "cropY": 0,
  "cropWidth": 0,
  "cropHeight": 0,
  "ssim": 0.999454686,
  "ssimThreshold": 0.990000000,
  "useAngle": false,
  "usePbuffer": true,
  "avoidAngleLlvmpipeSamplerMipmapMinFilter": false,
  "avoidAngleLlvmpipeExplicitLodBias": false,
  "fixIterationRPSubgroupScratch": false,
  "deriveNumSubgroups": false,
  "iterationRPFixBarrier": false,
  "holdMs": 0,
  "mismatchPixels": 359364
}
Android retrace: real inproc transport, strict role state and zero Fatal records confirmed
archived repeat 1 to .trace-work\p7w4\matrix-inproc\minecraft-1.21.4-fabric-iris-super-duper-vanilla-in-world-DirectVulkan\repeat-01
C:\Users\geekerwan\AndroidStudioProjects\FoldCraftLauncher\MobileGL-disagg\.trace-work\android-retrace-summary\mobilegl-android-retrace-overview.html
=== Android retrace: minecraft-1.21.4-fabric-iris-sundial-lite-in-world / DirectVulkan (repeat 1/1) ===
C:\Users\geekerwan\AndroidStudioProjects\FoldCraftLauncher\MobileGL-disagg\.trace-work\android-retrace-fixture\minecraft-1.21.4-fabric-iris-sundial-lite-in-world\trace.trace: 1 file pushed, 0 skipped. 33.0 MB/s (18112927 bytes in 0.523s)
C:\Users\geekerwan\AndroidStudioProjects\FoldCraftLauncher\MobileGL-disagg\tools\trace_replay\fixtures\minecraft-1.21.4-fabric-iris-sundial-lite-in-world.0000150023.png: 1 file pushed, 0 skipped. 11.5 MB/s (757214 bytes in 0.063s)
Starting: Intent { act=top.mobilegl.plugin.TRACE_REPLAY cmp=top.mobilegl.plugin.p7w1.trace/top.mobilegl.plugin.trace.TraceReplayActivity (has extras) }
{
  "passed": true,
  "statusCode": 0,
  "message": "retrace completed; ssim=0.996178, ssimThreshold=0.990000, mismatchPixels=402649, matchedGoldenPath=/data/user/0/top.mobilegl.plugin.p7w1.trace/files/trace-replay/input/golden.png",
  "tracePath": "/data/user/0/top.mobilegl.plugin.p7w1.trace/files/trace-replay/input/trace.trace",
  "goldenPath": "/data/user/0/top.mobilegl.plugin.p7w1.trace/files/trace-replay/input/golden.png",
  "alternateGoldenPaths": [],
  "matchedGoldenPath": "/data/user/0/top.mobilegl.plugin.p7w1.trace/files/trace-replay/input/golden.png",
  "actualPath": "/data/user/0/top.mobilegl.plugin.p7w1.trace/files/trace-replay/output/actual.png",
  "diffPath": "/data/user/0/top.mobilegl.plugin.p7w1.trace/files/trace-replay/output/minecraft-1.21.4-fabric-iris-sundial-lite-in-world-diff.png",
  "backend": "DirectVulkan",
  "angleVariant": "",
  "targetFrame": -1,
  "targetCall": 150023,
  "width": 854,
  "height": 480,
  "cropX": 0,
  "cropY": 0,
  "cropWidth": 0,
  "cropHeight": 0,
  "ssim": 0.996177977,
  "ssimThreshold": 0.990000000,
  "useAngle": false,
  "usePbuffer": true,
  "avoidAngleLlvmpipeSamplerMipmapMinFilter": false,
  "avoidAngleLlvmpipeExplicitLodBias": false,
  "fixIterationRPSubgroupScratch": false,
  "deriveNumSubgroups": false,
  "iterationRPFixBarrier": false,
  "holdMs": 0,
  "mismatchPixels": 402649
}
Android retrace: real inproc transport, strict role state and zero Fatal records confirmed
archived repeat 1 to .trace-work\p7w4\matrix-inproc\minecraft-1.21.4-fabric-iris-sundial-lite-in-world-DirectVulkan\repeat-01
C:\Users\geekerwan\AndroidStudioProjects\FoldCraftLauncher\MobileGL-disagg\.trace-work\android-retrace-summary\mobilegl-android-retrace-overview.html
=== Android retrace: minecraft-1.21.4-fabric-iris-complementary-reimagined-in-world / DirectVulkan (repeat 1/1) ===
C:\Users\geekerwan\AndroidStudioProjects\FoldCraftLauncher\MobileGL-disagg\.trace-work\android-retrace-fixture\minecraft-1.21.4-fabric-iris-complementary-reimagined-in-world\trace.trace: 1 file pushed, 0 skipped. 29.5 MB/s (16054147 bytes in 0.518s)
C:\Users\geekerwan\AndroidStudioProjects\FoldCraftLauncher\MobileGL-disagg\tools\trace_replay\fixtures\minecraft-1.21.4-fabric-iris-complementary-reimagined-in-world.0000151297.png: 1 file pushed, 0 skipped. 13.8 MB/s (734681 bytes in 0.051s)
Starting: Intent { act=top.mobilegl.plugin.TRACE_REPLAY cmp=top.mobilegl.plugin.p7w1.trace/top.mobilegl.plugin.trace.TraceReplayActivity (has extras) }
{
  "passed": true,
  "statusCode": 0,
  "message": "retrace completed; ssim=0.999511, ssimThreshold=0.990000, mismatchPixels=384125, matchedGoldenPath=/data/user/0/top.mobilegl.plugin.p7w1.trace/files/trace-replay/input/golden.png",
  "tracePath": "/data/user/0/top.mobilegl.plugin.p7w1.trace/files/trace-replay/input/trace.trace",
  "goldenPath": "/data/user/0/top.mobilegl.plugin.p7w1.trace/files/trace-replay/input/golden.png",
  "alternateGoldenPaths": [],
  "matchedGoldenPath": "/data/user/0/top.mobilegl.plugin.p7w1.trace/files/trace-replay/input/golden.png",
  "actualPath": "/data/user/0/top.mobilegl.plugin.p7w1.trace/files/trace-replay/output/actual.png",
  "diffPath": "/data/user/0/top.mobilegl.plugin.p7w1.trace/files/trace-replay/output/minecraft-1.21.4-fabric-iris-complementary-reimagined-in-world-diff.png",
  "backend": "DirectVulkan",
  "angleVariant": "",
  "targetFrame": -1,
  "targetCall": 151297,
  "width": 854,
  "height": 480,
  "cropX": 0,
  "cropY": 0,
  "cropWidth": 0,
  "cropHeight": 0,
  "ssim": 0.999510556,
  "ssimThreshold": 0.990000000,
  "useAngle": false,
  "usePbuffer": true,
  "avoidAngleLlvmpipeSamplerMipmapMinFilter": false,
  "avoidAngleLlvmpipeExplicitLodBias": false,
  "fixIterationRPSubgroupScratch": false,
  "deriveNumSubgroups": false,
  "iterationRPFixBarrier": false,
  "holdMs": 0,
  "mismatchPixels": 384125
}
Android retrace: real inproc transport, strict role state and zero Fatal records confirmed
archived repeat 1 to .trace-work\p7w4\matrix-inproc\minecraft-1.21.4-fabric-iris-complementary-reimagined-in-world-DirectVulkan\repeat-01
C:\Users\geekerwan\AndroidStudioProjects\FoldCraftLauncher\MobileGL-disagg\.trace-work\android-retrace-summary\mobilegl-android-retrace-overview.html
=== Android retrace: minecraft-1.21.4-fabric-iris-complementary-unbound-in-world / DirectVulkan (repeat 1/1) ===
C:\Users\geekerwan\AndroidStudioProjects\FoldCraftLauncher\MobileGL-disagg\.trace-work\android-retrace-fixture\minecraft-1.21.4-fabric-iris-complementary-unbound-in-world\trace.trace: 1 file pushed, 0 skipped. 28.9 MB/s (15649098 bytes in 0.516s)
C:\Users\geekerwan\AndroidStudioProjects\FoldCraftLauncher\MobileGL-disagg\tools\trace_replay\fixtures\minecraft-1.21.4-fabric-iris-complementary-unbound-in-world.0000146559.png: 1 file pushed, 0 skipped. 15.9 MB/s (736491 bytes in 0.044s)
Starting: Intent { act=top.mobilegl.plugin.TRACE_REPLAY cmp=top.mobilegl.plugin.p7w1.trace/top.mobilegl.plugin.trace.TraceReplayActivity (has extras) }
{
  "passed": true,
  "statusCode": 0,
  "message": "retrace completed; ssim=0.999476, ssimThreshold=0.990000, mismatchPixels=385300, matchedGoldenPath=/data/user/0/top.mobilegl.plugin.p7w1.trace/files/trace-replay/input/golden.png",
  "tracePath": "/data/user/0/top.mobilegl.plugin.p7w1.trace/files/trace-replay/input/trace.trace",
  "goldenPath": "/data/user/0/top.mobilegl.plugin.p7w1.trace/files/trace-replay/input/golden.png",
  "alternateGoldenPaths": [],
  "matchedGoldenPath": "/data/user/0/top.mobilegl.plugin.p7w1.trace/files/trace-replay/input/golden.png",
  "actualPath": "/data/user/0/top.mobilegl.plugin.p7w1.trace/files/trace-replay/output/actual.png",
  "diffPath": "/data/user/0/top.mobilegl.plugin.p7w1.trace/files/trace-replay/output/minecraft-1.21.4-fabric-iris-complementary-unbound-in-world-diff.png",
  "backend": "DirectVulkan",
  "angleVariant": "",
  "targetFrame": -1,
  "targetCall": 146559,
  "width": 854,
  "height": 480,
  "cropX": 0,
  "cropY": 0,
  "cropWidth": 0,
  "cropHeight": 0,
  "ssim": 0.999476169,
  "ssimThreshold": 0.990000000,
  "useAngle": false,
  "usePbuffer": true,
  "avoidAngleLlvmpipeSamplerMipmapMinFilter": false,
  "avoidAngleLlvmpipeExplicitLodBias": false,
  "fixIterationRPSubgroupScratch": false,
  "deriveNumSubgroups": false,
  "iterationRPFixBarrier": false,
  "holdMs": 0,
  "mismatchPixels": 385300
}
Android retrace: real inproc transport, strict role state and zero Fatal records confirmed
archived repeat 1 to .trace-work\p7w4\matrix-inproc\minecraft-1.21.4-fabric-iris-complementary-unbound-in-world-DirectVulkan\repeat-01
C:\Users\geekerwan\AndroidStudioProjects\FoldCraftLauncher\MobileGL-disagg\.trace-work\android-retrace-summary\mobilegl-android-retrace-overview.html
=== Android retrace: minecraft-1.21.4-fabric-iris-mellow-in-world / DirectVulkan (repeat 1/1) ===
C:\Users\geekerwan\AndroidStudioProjects\FoldCraftLauncher\MobileGL-disagg\.trace-work\android-retrace-fixture\minecraft-1.21.4-fabric-iris-mellow-in-world\trace.trace: 1 file pushed, 0 skipped. 28.5 MB/s (12632868 bytes in 0.423s)
C:\Users\geekerwan\AndroidStudioProjects\FoldCraftLauncher\MobileGL-disagg\tools\trace_replay\fixtures\minecraft-1.21.4-fabric-iris-mellow-in-world.0000096143.png: 1 file pushed, 0 skipped. 15.6 MB/s (601666 bytes in 0.037s)
Starting: Intent { act=top.mobilegl.plugin.TRACE_REPLAY cmp=top.mobilegl.plugin.p7w1.trace/top.mobilegl.plugin.trace.TraceReplayActivity (has extras) }
{
  "passed": true,
  "statusCode": 0,
  "message": "retrace completed; ssim=0.999372, ssimThreshold=0.990000, mismatchPixels=363637, matchedGoldenPath=/data/user/0/top.mobilegl.plugin.p7w1.trace/files/trace-replay/input/golden.png",
  "tracePath": "/data/user/0/top.mobilegl.plugin.p7w1.trace/files/trace-replay/input/trace.trace",
  "goldenPath": "/data/user/0/top.mobilegl.plugin.p7w1.trace/files/trace-replay/input/golden.png",
  "alternateGoldenPaths": [],
  "matchedGoldenPath": "/data/user/0/top.mobilegl.plugin.p7w1.trace/files/trace-replay/input/golden.png",
  "actualPath": "/data/user/0/top.mobilegl.plugin.p7w1.trace/files/trace-replay/output/actual.png",
  "diffPath": "/data/user/0/top.mobilegl.plugin.p7w1.trace/files/trace-replay/output/minecraft-1.21.4-fabric-iris-mellow-in-world-diff.png",
  "backend": "DirectVulkan",
  "angleVariant": "",
  "targetFrame": -1,
  "targetCall": 96143,
  "width": 854,
  "height": 480,
  "cropX": 0,
  "cropY": 0,
  "cropWidth": 0,
  "cropHeight": 0,
  "ssim": 0.999372032,
  "ssimThreshold": 0.990000000,
  "useAngle": false,
  "usePbuffer": true,
  "avoidAngleLlvmpipeSamplerMipmapMinFilter": false,
  "avoidAngleLlvmpipeExplicitLodBias": false,
  "fixIterationRPSubgroupScratch": false,
  "deriveNumSubgroups": false,
  "iterationRPFixBarrier": false,
  "holdMs": 0,
  "mismatchPixels": 363637
}
Android retrace: real inproc transport, strict role state and zero Fatal records confirmed
archived repeat 1 to .trace-work\p7w4\matrix-inproc\minecraft-1.21.4-fabric-iris-mellow-in-world-DirectVulkan\repeat-01
C:\Users\geekerwan\AndroidStudioProjects\FoldCraftLauncher\MobileGL-disagg\.trace-work\android-retrace-summary\mobilegl-android-retrace-overview.html
=== Android retrace: minecraft-1.21.4-fabric-iris-nostalgia-in-world / DirectVulkan (repeat 1/1) ===
C:\Users\geekerwan\AndroidStudioProjects\FoldCraftLauncher\MobileGL-disagg\.trace-work\android-retrace-fixture\minecraft-1.21.4-fabric-iris-nostalgia-in-world\trace.trace: 1 file pushed, 0 skipped. 31.9 MB/s (14969100 bytes in 0.448s)
C:\Users\geekerwan\AndroidStudioProjects\FoldCraftLauncher\MobileGL-disagg\tools\trace_replay\fixtures\minecraft-1.21.4-fabric-iris-nostalgia-in-world.0000153808-linux-mesa.png: 1 file pushed, 0 skipped. 14.7 MB/s (986690 bytes in 0.064s)
C:\Users\geekerwan\AndroidStudioProjects\FoldCraftLauncher\MobileGL-disagg\tools\trace_replay\fixtures\minecraft-1.21.4-fabric-iris-nostalgia-in-world.0000153808.png: 1 file pushed, 0 skipped. 15.9 MB/s (684356 bytes in 0.041s)
Starting: Intent { act=top.mobilegl.plugin.TRACE_REPLAY cmp=top.mobilegl.plugin.p7w1.trace/top.mobilegl.plugin.trace.TraceReplayActivity (has extras) }
{
  "passed": true,
  "statusCode": 0,
  "message": "retrace completed; ssim=0.999396, ssimThreshold=0.990000, mismatchPixels=293937, matchedGoldenPath=/data/user/0/top.mobilegl.plugin.p7w1.trace/files/trace-replay/input/alternate-golden.png",
  "tracePath": "/data/user/0/top.mobilegl.plugin.p7w1.trace/files/trace-replay/input/trace.trace",
  "goldenPath": "/data/user/0/top.mobilegl.plugin.p7w1.trace/files/trace-replay/input/golden.png",
  "alternateGoldenPaths": ["/data/user/0/top.mobilegl.plugin.p7w1.trace/files/trace-replay/input/alternate-golden.png"],
  "matchedGoldenPath": "/data/user/0/top.mobilegl.plugin.p7w1.trace/files/trace-replay/input/alternate-golden.png",
  "actualPath": "/data/user/0/top.mobilegl.plugin.p7w1.trace/files/trace-replay/output/actual.png",
  "diffPath": "/data/user/0/top.mobilegl.plugin.p7w1.trace/files/trace-replay/output/minecraft-1.21.4-fabric-iris-nostalgia-in-world-diff.png",
  "backend": "DirectVulkan",
  "angleVariant": "",
  "targetFrame": -1,
  "targetCall": 153808,
  "width": 854,
  "height": 480,
  "cropX": 0,
  "cropY": 0,
  "cropWidth": 0,
  "cropHeight": 0,
  "ssim": 0.999396223,
  "ssimThreshold": 0.990000000,
  "useAngle": false,
  "usePbuffer": true,
  "avoidAngleLlvmpipeSamplerMipmapMinFilter": false,
  "avoidAngleLlvmpipeExplicitLodBias": false,
  "fixIterationRPSubgroupScratch": false,
  "deriveNumSubgroups": false,
  "iterationRPFixBarrier": false,
  "holdMs": 0,
  "mismatchPixels": 293937
}
Android retrace: real inproc transport, strict role state and zero Fatal records confirmed
archived repeat 1 to .trace-work\p7w4\matrix-inproc\minecraft-1.21.4-fabric-iris-nostalgia-in-world-DirectVulkan\repeat-01
C:\Users\geekerwan\AndroidStudioProjects\FoldCraftLauncher\MobileGL-disagg\.trace-work\android-retrace-summary\mobilegl-android-retrace-overview.html
=== Android retrace: minecraft-1.21.4-fabric-iris-bliss-in-world / DirectVulkan (repeat 1/1) ===
C:\Users\geekerwan\AndroidStudioProjects\FoldCraftLauncher\MobileGL-disagg\.trace-work\android-retrace-fixture\minecraft-1.21.4-fabric-iris-bliss-in-world\trace.trace: 1 file pushed, 0 skipped. 29.8 MB/s (13898443 bytes in 0.446s)
C:\Users\geekerwan\AndroidStudioProjects\FoldCraftLauncher\MobileGL-disagg\tools\trace_replay\fixtures\minecraft-1.21.4-fabric-iris-bliss-in-world.0000113511.png: 1 file pushed, 0 skipped. 9.5 MB/s (716858 bytes in 0.072s)
Starting: Intent { act=top.mobilegl.plugin.TRACE_REPLAY cmp=top.mobilegl.plugin.p7w1.trace/top.mobilegl.plugin.trace.TraceReplayActivity (has extras) }
{
  "passed": true,
  "statusCode": 0,
  "message": "retrace completed; ssim=0.999093, ssimThreshold=0.990000, mismatchPixels=386131, matchedGoldenPath=/data/user/0/top.mobilegl.plugin.p7w1.trace/files/trace-replay/input/golden.png",
  "tracePath": "/data/user/0/top.mobilegl.plugin.p7w1.trace/files/trace-replay/input/trace.trace",
  "goldenPath": "/data/user/0/top.mobilegl.plugin.p7w1.trace/files/trace-replay/input/golden.png",
  "alternateGoldenPaths": [],
  "matchedGoldenPath": "/data/user/0/top.mobilegl.plugin.p7w1.trace/files/trace-replay/input/golden.png",
  "actualPath": "/data/user/0/top.mobilegl.plugin.p7w1.trace/files/trace-replay/output/actual.png",
  "diffPath": "/data/user/0/top.mobilegl.plugin.p7w1.trace/files/trace-replay/output/minecraft-1.21.4-fabric-iris-bliss-in-world-diff.png",
  "backend": "DirectVulkan",
  "angleVariant": "",
  "targetFrame": -1,
  "targetCall": 113511,
  "width": 854,
  "height": 480,
  "cropX": 0,
  "cropY": 0,
  "cropWidth": 0,
  "cropHeight": 0,
  "ssim": 0.999092744,
  "ssimThreshold": 0.990000000,
  "useAngle": false,
  "usePbuffer": true,
  "avoidAngleLlvmpipeSamplerMipmapMinFilter": false,
  "avoidAngleLlvmpipeExplicitLodBias": false,
  "fixIterationRPSubgroupScratch": false,
  "deriveNumSubgroups": false,
  "iterationRPFixBarrier": false,
  "holdMs": 0,
  "mismatchPixels": 386131
}
Android retrace: real inproc transport, strict role state and zero Fatal records confirmed
archived repeat 1 to .trace-work\p7w4\matrix-inproc\minecraft-1.21.4-fabric-iris-bliss-in-world-DirectVulkan\repeat-01
C:\Users\geekerwan\AndroidStudioProjects\FoldCraftLauncher\MobileGL-disagg\.trace-work\android-retrace-summary\mobilegl-android-retrace-overview.html
=== Android retrace: minecraft-1.21.4-fabric-iris-chocapic-v6-lite-in-world / DirectVulkan (repeat 1/1) ===
C:\Users\geekerwan\AndroidStudioProjects\FoldCraftLauncher\MobileGL-disagg\.trace-work\android-retrace-fixture\minecraft-1.21.4-fabric-iris-chocapic-v6-lite-in-world\trace.trace: 1 file pushed, 0 skipped. 36.3 MB/s (14676755 bytes in 0.386s)
C:\Users\geekerwan\AndroidStudioProjects\FoldCraftLauncher\MobileGL-disagg\tools\trace_replay\fixtures\minecraft-1.21.4-fabric-iris-chocapic-v6-lite-in-world.0000125124-linux-mesa.png: 1 file pushed, 0 skipped. 12.8 MB/s (680244 bytes in 0.051s)
Starting: Intent { act=top.mobilegl.plugin.TRACE_REPLAY cmp=top.mobilegl.plugin.p7w1.trace/top.mobilegl.plugin.trace.TraceReplayActivity (has extras) }
{
  "passed": true,
  "statusCode": 0,
  "message": "retrace completed; ssim=0.997492, ssimThreshold=0.990000, mismatchPixels=173054, matchedGoldenPath=/data/user/0/top.mobilegl.plugin.p7w1.trace/files/trace-replay/input/golden.png",
  "tracePath": "/data/user/0/top.mobilegl.plugin.p7w1.trace/files/trace-replay/input/trace.trace",
  "goldenPath": "/data/user/0/top.mobilegl.plugin.p7w1.trace/files/trace-replay/input/golden.png",
  "alternateGoldenPaths": [],
  "matchedGoldenPath": "/data/user/0/top.mobilegl.plugin.p7w1.trace/files/trace-replay/input/golden.png",
  "actualPath": "/data/user/0/top.mobilegl.plugin.p7w1.trace/files/trace-replay/output/actual.png",
  "diffPath": "/data/user/0/top.mobilegl.plugin.p7w1.trace/files/trace-replay/output/minecraft-1.21.4-fabric-iris-chocapic-v6-lite-in-world-diff.png",
  "backend": "DirectVulkan",
  "angleVariant": "",
  "targetFrame": -1,
  "targetCall": 125124,
  "width": 854,
  "height": 480,
  "cropX": 0,
  "cropY": 0,
  "cropWidth": 0,
  "cropHeight": 0,
  "ssim": 0.997491927,
  "ssimThreshold": 0.990000000,
  "useAngle": false,
  "usePbuffer": true,
  "avoidAngleLlvmpipeSamplerMipmapMinFilter": false,
  "avoidAngleLlvmpipeExplicitLodBias": false,
  "fixIterationRPSubgroupScratch": false,
  "deriveNumSubgroups": false,
  "iterationRPFixBarrier": false,
  "holdMs": 0,
  "mismatchPixels": 173054
}
Android retrace: real inproc transport, strict role state and zero Fatal records confirmed
archived repeat 1 to .trace-work\p7w4\matrix-inproc\minecraft-1.21.4-fabric-iris-chocapic-v6-lite-in-world-DirectVulkan\repeat-01
C:\Users\geekerwan\AndroidStudioProjects\FoldCraftLauncher\MobileGL-disagg\.trace-work\android-retrace-summary\mobilegl-android-retrace-overview.html
=== Android retrace: minecraft-1.21.4-fabric-iris-iterationt-in-world / DirectVulkan (repeat 1/1) ===
C:\Users\geekerwan\AndroidStudioProjects\FoldCraftLauncher\MobileGL-disagg\.trace-work\android-retrace-fixture\minecraft-1.21.4-fabric-iris-iterationt-in-world\trace.trace: 1 file pushed, 0 skipped. 23.7 MB/s (94141776 bytes in 3.793s)
C:\Users\geekerwan\AndroidStudioProjects\FoldCraftLauncher\MobileGL-disagg\tools\trace_replay\fixtures\minecraft-1.21.4-fabric-iris-iterationt-in-world.0000110538.png: 1 file pushed, 0 skipped. 11.6 MB/s (705968 bytes in 0.058s)
Starting: Intent { act=top.mobilegl.plugin.TRACE_REPLAY cmp=top.mobilegl.plugin.p7w1.trace/top.mobilegl.plugin.trace.TraceReplayActivity (has extras) }
{
  "passed": true,
  "statusCode": 0,
  "message": "retrace completed; ssim=0.999420, ssimThreshold=0.990000, mismatchPixels=354383, matchedGoldenPath=/data/user/0/top.mobilegl.plugin.p7w1.trace/files/trace-replay/input/golden.png",
  "tracePath": "/data/user/0/top.mobilegl.plugin.p7w1.trace/files/trace-replay/input/trace.trace",
  "goldenPath": "/data/user/0/top.mobilegl.plugin.p7w1.trace/files/trace-replay/input/golden.png",
  "alternateGoldenPaths": [],
  "matchedGoldenPath": "/data/user/0/top.mobilegl.plugin.p7w1.trace/files/trace-replay/input/golden.png",
  "actualPath": "/data/user/0/top.mobilegl.plugin.p7w1.trace/files/trace-replay/output/actual.png",
  "diffPath": "/data/user/0/top.mobilegl.plugin.p7w1.trace/files/trace-replay/output/minecraft-1.21.4-fabric-iris-iterationt-in-world-diff.png",
  "backend": "DirectVulkan",
  "angleVariant": "",
  "targetFrame": -1,
  "targetCall": 110538,
  "width": 854,
  "height": 480,
  "cropX": 0,
  "cropY": 0,
  "cropWidth": 0,
  "cropHeight": 0,
  "ssim": 0.999419883,
  "ssimThreshold": 0.990000000,
  "useAngle": false,
  "usePbuffer": true,
  "avoidAngleLlvmpipeSamplerMipmapMinFilter": false,
  "avoidAngleLlvmpipeExplicitLodBias": false,
  "fixIterationRPSubgroupScratch": false,
  "deriveNumSubgroups": false,
  "iterationRPFixBarrier": false,
  "holdMs": 0,
  "mismatchPixels": 354383
}
Android retrace: real inproc transport, strict role state and zero Fatal records confirmed
archived repeat 1 to .trace-work\p7w4\matrix-inproc\minecraft-1.21.4-fabric-iris-iterationt-in-world-DirectVulkan\repeat-01
C:\Users\geekerwan\AndroidStudioProjects\FoldCraftLauncher\MobileGL-disagg\.trace-work\android-retrace-summary\mobilegl-android-retrace-overview.html
=== Android retrace: minecraft-1.21.4-fabric-iris-iterationt-nodsa-in-world / DirectVulkan (repeat 1/1) ===
C:\Users\geekerwan\AndroidStudioProjects\FoldCraftLauncher\MobileGL-disagg\.trace-work\android-retrace-fixture\minecraft-1.21.4-fabric-iris-iterationt-nodsa-in-world\trace.trace: 1 file pushed, 0 skipped. 26.4 MB/s (92544229 bytes in 3.347s)
C:\Users\geekerwan\AndroidStudioProjects\FoldCraftLauncher\MobileGL-disagg\tools\trace_replay\fixtures\minecraft-1.21.4-fabric-iris-iterationt-nodsa-in-world.0000115019.png: 1 file pushed, 0 skipped. 10.6 MB/s (800864 bytes in 0.072s)
Starting: Intent { act=top.mobilegl.plugin.TRACE_REPLAY cmp=top.mobilegl.plugin.p7w1.trace/top.mobilegl.plugin.trace.TraceReplayActivity (has extras) }
{
  "passed": true,
  "statusCode": 0,
  "message": "retrace completed; ssim=0.998933, ssimThreshold=0.990000, mismatchPixels=402662, matchedGoldenPath=/data/user/0/top.mobilegl.plugin.p7w1.trace/files/trace-replay/input/golden.png",
  "tracePath": "/data/user/0/top.mobilegl.plugin.p7w1.trace/files/trace-replay/input/trace.trace",
  "goldenPath": "/data/user/0/top.mobilegl.plugin.p7w1.trace/files/trace-replay/input/golden.png",
  "alternateGoldenPaths": [],
  "matchedGoldenPath": "/data/user/0/top.mobilegl.plugin.p7w1.trace/files/trace-replay/input/golden.png",
  "actualPath": "/data/user/0/top.mobilegl.plugin.p7w1.trace/files/trace-replay/output/actual.png",
  "diffPath": "/data/user/0/top.mobilegl.plugin.p7w1.trace/files/trace-replay/output/minecraft-1.21.4-fabric-iris-iterationt-nodsa-in-world-diff.png",
  "backend": "DirectVulkan",
  "angleVariant": "",
  "targetFrame": -1,
  "targetCall": 115019,
  "width": 854,
  "height": 480,
  "cropX": 0,
  "cropY": 0,
  "cropWidth": 0,
  "cropHeight": 0,
  "ssim": 0.998933123,
  "ssimThreshold": 0.990000000,
  "useAngle": false,
  "usePbuffer": true,
  "avoidAngleLlvmpipeSamplerMipmapMinFilter": false,
  "avoidAngleLlvmpipeExplicitLodBias": false,
  "fixIterationRPSubgroupScratch": false,
  "deriveNumSubgroups": false,
  "iterationRPFixBarrier": false,
  "holdMs": 0,
  "mismatchPixels": 402662
}
Android retrace: real inproc transport, strict role state and zero Fatal records confirmed
archived repeat 1 to .trace-work\p7w4\matrix-inproc\minecraft-1.21.4-fabric-iris-iterationt-nodsa-in-world-DirectVulkan\repeat-01
C:\Users\geekerwan\AndroidStudioProjects\FoldCraftLauncher\MobileGL-disagg\.trace-work\android-retrace-summary\mobilegl-android-retrace-overview.html
=== Android retrace: minecraft-1.21.4-fabric-iris-photon-v1.1-in-world / DirectVulkan (repeat 1/1) ===
C:\Users\geekerwan\AndroidStudioProjects\FoldCraftLauncher\MobileGL-disagg\.trace-work\android-retrace-fixture\minecraft-1.21.4-fabric-iris-photon-v1.1-in-world\trace.trace: 1 file pushed, 0 skipped. 35.5 MB/s (23119092 bytes in 0.620s)
C:\Users\geekerwan\AndroidStudioProjects\FoldCraftLauncher\MobileGL-disagg\tools\trace_replay\fixtures\minecraft-1.21.4-fabric-iris-photon-v1.1-in-world.0000159866.png: 1 file pushed, 0 skipped. 14.7 MB/s (753968 bytes in 0.049s)
Starting: Intent { act=top.mobilegl.plugin.TRACE_REPLAY cmp=top.mobilegl.plugin.p7w1.trace/top.mobilegl.plugin.trace.TraceReplayActivity (has extras) }
{
  "passed": true,
  "statusCode": 0,
  "message": "retrace completed; ssim=0.999026, ssimThreshold=0.990000, mismatchPixels=391258, matchedGoldenPath=/data/user/0/top.mobilegl.plugin.p7w1.trace/files/trace-replay/input/golden.png",
  "tracePath": "/data/user/0/top.mobilegl.plugin.p7w1.trace/files/trace-replay/input/trace.trace",
  "goldenPath": "/data/user/0/top.mobilegl.plugin.p7w1.trace/files/trace-replay/input/golden.png",
  "alternateGoldenPaths": [],
  "matchedGoldenPath": "/data/user/0/top.mobilegl.plugin.p7w1.trace/files/trace-replay/input/golden.png",
  "actualPath": "/data/user/0/top.mobilegl.plugin.p7w1.trace/files/trace-replay/output/actual.png",
  "diffPath": "/data/user/0/top.mobilegl.plugin.p7w1.trace/files/trace-replay/output/minecraft-1.21.4-fabric-iris-photon-v1.1-in-world-diff.png",
  "backend": "DirectVulkan",
  "angleVariant": "",
  "targetFrame": -1,
  "targetCall": 159866,
  "width": 854,
  "height": 480,
  "cropX": 0,
  "cropY": 0,
  "cropWidth": 0,
  "cropHeight": 0,
  "ssim": 0.999026329,
  "ssimThreshold": 0.990000000,
  "useAngle": false,
  "usePbuffer": true,
  "avoidAngleLlvmpipeSamplerMipmapMinFilter": false,
  "avoidAngleLlvmpipeExplicitLodBias": false,
  "fixIterationRPSubgroupScratch": false,
  "deriveNumSubgroups": false,
  "iterationRPFixBarrier": false,
  "holdMs": 0,
  "mismatchPixels": 391258
}
Android retrace: real inproc transport, strict role state and zero Fatal records confirmed
archived repeat 1 to .trace-work\p7w4\matrix-inproc\minecraft-1.21.4-fabric-iris-photon-v1.1-in-world-DirectVulkan\repeat-01
C:\Users\geekerwan\AndroidStudioProjects\FoldCraftLauncher\MobileGL-disagg\.trace-work\android-retrace-summary\mobilegl-android-retrace-overview.html
=== Android retrace: minecraft-1.21.4-fabric-iris-photon-v1.3b-in-world / DirectVulkan (repeat 1/1) ===
C:\Users\geekerwan\AndroidStudioProjects\FoldCraftLauncher\MobileGL-disagg\.trace-work\android-retrace-fixture\minecraft-1.21.4-fabric-iris-photon-v1.3b-in-world\trace.trace: 1 file pushed, 0 skipped. 35.3 MB/s (23928828 bytes in 0.646s)
C:\Users\geekerwan\AndroidStudioProjects\FoldCraftLauncher\MobileGL-disagg\tools\trace_replay\fixtures\minecraft-1.21.4-fabric-iris-photon-v1.3b-in-world.0000172128.png: 1 file pushed, 0 skipped. 23.4 MB/s (741063 bytes in 0.030s)
Starting: Intent { act=top.mobilegl.plugin.TRACE_REPLAY cmp=top.mobilegl.plugin.p7w1.trace/top.mobilegl.plugin.trace.TraceReplayActivity (has extras) }
{
  "passed": false,
  "statusCode": 6,
  "message": "retrace completed; ssim=0.008865, ssimThreshold=0.990000, mismatchPixels=403024, matchedGoldenPath=/data/user/0/top.mobilegl.plugin.p7w1.trace/files/trace-replay/input/golden.png",
  "tracePath": "/data/user/0/top.mobilegl.plugin.p7w1.trace/files/trace-replay/input/trace.trace",
  "goldenPath": "/data/user/0/top.mobilegl.plugin.p7w1.trace/files/trace-replay/input/golden.png",
  "alternateGoldenPaths": [],
  "matchedGoldenPath": "/data/user/0/top.mobilegl.plugin.p7w1.trace/files/trace-replay/input/golden.png",
  "actualPath": "/data/user/0/top.mobilegl.plugin.p7w1.trace/files/trace-replay/output/actual.png",
  "diffPath": "/data/user/0/top.mobilegl.plugin.p7w1.trace/files/trace-replay/output/minecraft-1.21.4-fabric-iris-photon-v1.3b-in-world-diff.png",
  "backend": "DirectVulkan",
  "angleVariant": "",
  "targetFrame": -1,
  "targetCall": 172128,
  "width": 854,
  "height": 480,
  "cropX": 0,
  "cropY": 0,
  "cropWidth": 0,
  "cropHeight": 0,
  "ssim": 0.008864795,
  "ssimThreshold": 0.990000000,
  "useAngle": false,
  "usePbuffer": true,
  "avoidAngleLlvmpipeSamplerMipmapMinFilter": false,
  "avoidAngleLlvmpipeExplicitLodBias": false,
  "fixIterationRPSubgroupScratch": false,
  "deriveNumSubgroups": false,
  "iterationRPFixBarrier": false,
  "holdMs": 0,
  "mismatchPixels": 403024
}
trace-replay-ci.sh: tail of retrace.log:
/opt/Java/jdk-21/bin/java
trace-replay-ci.sh: tail of mobilegl.log:
[05:17:44] [Android mgl-srv-apply/FATAL]: vkCreateGraphicsPipelines
[05:17:44] [Android mgl-srv-apply/FATAL]: Vulkan error VK_ERROR_UNKNOWN (-13) at /home/swung/w7/pipe/MobileGL/MG_Backend/DirectVulkan/Renderer/PipelineFactory.cpp:660
[05:17:44] [Android mgl-srv-apply/ERROR]: PipelineFactory::GetOrCreatePipeline: creation failed for hash=0xaa066289f132e6ee programHash=0x733247df7346812c; not caching the failure
[05:17:44] [Android mgl-srv-apply/FATAL]: PipelineFactory::CreatePipeline failed: result=VK_ERROR_UNKNOWN (-13) programHash=0xfd859c3c16240e5a vertexInputHash=0x570d77c83a971d38 stageCount=2 topology=VK_PRIMITIVE_TOPOLOGY_TRIANGLE_LIST(3) colorAttachmentCount=2 samples=VK_SAMPLE_COUNT_1_BIT(1) subpass=0
[05:17:44] [Android mgl-srv-apply/FATAL]: PipelineFactory::CreatePipeline state: cullMode=VK_CULL_MODE_BACK_BIT(0x2) frontFace=1 depthTest=0 depthWrite=0 depthCompare=VK_COMPARE_OP_LESS_OR_EQUAL(3) depthBias=0 rasterizerDiscard=0 stencilTest=0 logicOpEnable=0 logicOp=VK_LOGIC_OP_COPY(3)
[05:17:44] [Android mgl-srv-apply/FATAL]: PipelineFactory::CreatePipeline vertex input: bindingCount=2 attributeCount=2
[05:17:44] [Android mgl-srv-apply/INFO]: PipelineFactory::CreatePipeline spirv[0]: stage=0x1 words=5208 bytes=20832 hash=0xebf1c9b5309a34da
[05:17:44] [Android mgl-srv-apply/INFO]: PipelineFactory::CreatePipeline spirv[1]: stage=0x10 words=54861 bytes=219444 hash=0x7494802520217e0c
[05:17:44] [Android mgl-srv-apply/INFO]: PipelineFactory::CreatePipeline stage[0]: stage=0x1 module=0xb40000760f8a0d30 entry=main specialization=0
[05:17:44] [Android mgl-srv-apply/INFO]: PipelineFactory::CreatePipeline stage[1]: stage=0x10 module=0xb40000760f8c4e50 entry=main specialization=0
[05:17:44] [Android mgl-srv-apply/FATAL]: PipelineFactory::CreatePipeline colorAttachment[0]: blend=0 colorWriteMask=0xf srcColor=6 dstColor=7 colorOp=0 srcAlpha=1 dstAlpha=0 alphaOp=0
[05:17:44] [Android mgl-srv-apply/FATAL]: PipelineFactory::CreatePipeline colorAttachment[1]: blend=0 colorWriteMask=0xf srcColor=6 dstColor=7 colorOp=0 srcAlpha=1 dstAlpha=0 alphaOp=0
[05:17:44] [Android mgl-srv-apply/FATAL]: vkCreateGraphicsPipelines
[05:17:44] [Android mgl-srv-apply/FATAL]: Vulkan error VK_ERROR_UNKNOWN (-13) at /home/swung/w7/pipe/MobileGL/MG_Backend/DirectVulkan/Renderer/PipelineFactory.cpp:660
[05:17:44] [Android mgl-srv-apply/ERROR]: PipelineFactory::GetOrCreatePipeline: creation failed for hash=0x711205857968df98 programHash=0xfd859c3c16240e5a; not caching the failure
[05:17:44] [Android mgl-srv-apply/FATAL]: PipelineFactory::CreatePipeline failed: result=VK_ERROR_UNKNOWN (-13) programHash=0xf25a0f918681264f vertexInputHash=0x1102659c34484a8e stageCount=2 topology=VK_PRIMITIVE_TOPOLOGY_TRIANGLE_LIST(3) colorAttachmentCount=2 samples=VK_SAMPLE_COUNT_1_BIT(1) subpass=0
[05:17:44] [Android mgl-srv-apply/FATAL]: PipelineFactory::CreatePipeline state: cullMode=VK_CULL_MODE_BACK_BIT(0x2) frontFace=1 depthTest=1 depthWrite=1 depthCompare=VK_COMPARE_OP_LESS_OR_EQUAL(3) depthBias=0 rasterizerDiscard=0 stencilTest=0 logicOpEnable=0 logicOp=VK_LOGIC_OP_COPY(3)
[05:17:44] [Android mgl-srv-apply/FATAL]: PipelineFactory::CreatePipeline vertex input: bindingCount=7 attributeCount=7
[05:17:44] [Android mgl-srv-apply/INFO]: PipelineFactory::CreatePipeline spirv[0]: stage=0x1 words=7392 bytes=29568 hash=0xd75fb889f88f52de
[05:17:44] [Android mgl-srv-apply/INFO]: PipelineFactory::CreatePipeline spirv[1]: stage=0x10 words=41701 bytes=166804 hash=0x146fbc0bffc96087
[05:17:44] [Android mgl-srv-apply/INFO]: PipelineFactory::CreatePipeline stage[0]: stage=0x1 module=0xb40000760f8c7370 entry=main specialization=0
[05:17:44] [Android mgl-srv-apply/INFO]: PipelineFactory::CreatePipeline stage[1]: stage=0x10 module=0xb40000760f8cdaf0 entry=main specialization=0
[05:17:44] [Android mgl-srv-apply/FATAL]: PipelineFactory::CreatePipeline colorAttachment[0]: blend=0 colorWriteMask=0xf srcColor=6 dstColor=7 colorOp=0 srcAlpha=1 dstAlpha=7 alphaOp=0
[05:17:44] [Android mgl-srv-apply/FATAL]: PipelineFactory::CreatePipeline colorAttachment[1]: blend=1 colorWriteMask=0xf srcColor=1 dstColor=7 colorOp=0 srcAlpha=1 dstAlpha=7 alphaOp=0
[05:17:44] [Android mgl-srv-apply/FATAL]: vkCreateGraphicsPipelines
[05:17:44] [Android mgl-srv-apply/FATAL]: Vulkan error VK_ERROR_UNKNOWN (-13) at /home/swung/w7/pipe/MobileGL/MG_Backend/DirectVulkan/Renderer/PipelineFactory.cpp:660
[05:17:44] [Android mgl-srv-apply/ERROR]: PipelineFactory::GetOrCreatePipeline: creation failed for hash=0xde77d45b8ba553b6 programHash=0xf25a0f918681264f; not caching the failure
[05:17:44] [Android mgl-srv-apply/FATAL]: PipelineFactory::CreatePipeline failed: result=VK_ERROR_UNKNOWN (-13) programHash=0xf25a0f918681264f vertexInputHash=0x1102659c34484a8e stageCount=2 topology=VK_PRIMITIVE_TOPOLOGY_TRIANGLE_LIST(3) colorAttachmentCount=2 samples=VK_SAMPLE_COUNT_1_BIT(1) subpass=0
[05:17:44] [Android mgl-srv-apply/FATAL]: PipelineFactory::CreatePipeline state: cullMode=VK_CULL_MODE_BACK_BIT(0x2) frontFace=1 depthTest=1 depthWrite=1 depthCompare=VK_COMPARE_OP_LESS_OR_EQUAL(3) depthBias=0 rasterizerDiscard=0 stencilTest=0 logicOpEnable=0 logicOp=VK_LOGIC_OP_COPY(3)
[05:17:44] [Android mgl-srv-apply/FATAL]: PipelineFactory::CreatePipeline vertex input: bindingCount=7 attributeCount=7
[05:17:44] [Android mgl-srv-apply/INFO]: PipelineFactory::CreatePipeline spirv[0]: stage=0x1 words=7392 bytes=29568 hash=0xd75fb889f88f52de
[05:17:44] [Android mgl-srv-apply/INFO]: PipelineFactory::CreatePipeline spirv[1]: stage=0x10 words=41701 bytes=166804 hash=0x146fbc0bffc96087
[05:17:44] [Android mgl-srv-apply/INFO]: PipelineFactory::CreatePipeline stage[0]: stage=0x1 module=0xb40000760f8c7370 entry=main specialization=0
[05:17:44] [Android mgl-srv-apply/INFO]: PipelineFactory::CreatePipeline stage[1]: stage=0x10 module=0xb40000760f8cdaf0 entry=main specialization=0
[05:17:44] [Android mgl-srv-apply/FATAL]: PipelineFactory::CreatePipeline colorAttachment[0]: blend=0 colorWriteMask=0xf srcColor=6 dstColor=7 colorOp=0 srcAlpha=1 dstAlpha=7 alphaOp=0
[05:17:44] [Android mgl-srv-apply/FATAL]: PipelineFactory::CreatePipeline colorAttachment[1]: blend=1 colorWriteMask=0xf srcColor=1 dstColor=7 colorOp=0 srcAlpha=1 dstAlpha=7 alphaOp=0
[05:17:44] [Android mgl-srv-apply/FATAL]: vkCreateGraphicsPipelines
[05:17:44] [Android mgl-srv-apply/FATAL]: Vulkan error VK_ERROR_UNKNOWN (-13) at /home/swung/w7/pipe/MobileGL/MG_Backend/DirectVulkan/Renderer/PipelineFactory.cpp:660
[05:17:44] [Android mgl-srv-apply/ERROR]: PipelineFactory::GetOrCreatePipeline: creation failed for hash=0xde77d45b8ba553b6 programHash=0xf25a0f918681264f; not caching the failure
[05:17:44] [Android mgl-srv-apply/FATAL]: PipelineFactory::CreatePipeline failed: result=VK_ERROR_UNKNOWN (-13) programHash=0xf25a0f918681264f vertexInputHash=0x1102659c34484a8e stageCount=2 topology=VK_PRIMITIVE_TOPOLOGY_TRIANGLE_LIST(3) colorAttachmentCount=2 samples=VK_SAMPLE_COUNT_1_BIT(1) subpass=0
[05:17:44] [Android mgl-srv-apply/FATAL]: PipelineFactory::CreatePipeline state: cullMode=VK_CULL_MODE_BACK_BIT(0x2) frontFace=1 depthTest=1 depthWrite=1 depthCompare=VK_COMPARE_OP_LESS_OR_EQUAL(3) depthBias=0 rasterizerDiscard=0 stencilTest=0 logicOpEnable=0 logicOp=VK_LOGIC_OP_COPY(3)
[05:17:44] [Android mgl-srv-apply/FATAL]: PipelineFactory::CreatePipeline vertex input: bindingCount=7 attributeCount=7
[05:17:44] [Android mgl-srv-apply/INFO]: PipelineFactory::CreatePipeline spirv[0]: stage=0x1 words=7392 bytes=29568 hash=0xd75fb889f88f52de
[05:17:44] [Android mgl-srv-apply/INFO]: PipelineFactory::CreatePipeline spirv[1]: stage=0x10 words=41701 bytes=166804 hash=0x146fbc0bffc96087
[05:17:44] [Android mgl-srv-apply/INFO]: PipelineFactory::CreatePipeline stage[0]: stage=0x1 module=0xb40000760f8c7370 entry=main specialization=0
[05:17:44] [Android mgl-srv-apply/INFO]: PipelineFactory::CreatePipeline stage[1]: stage=0x10 module=0xb40000760f8cdaf0 entry=main specialization=0
[05:17:44] [Android mgl-srv-apply/FATAL]: PipelineFactory::CreatePipeline colorAttachment[0]: blend=0 colorWriteMask=0xf srcColor=6 dstColor=7 colorOp=0 srcAlpha=1 dstAlpha=7 alphaOp=0
[05:17:44] [Android mgl-srv-apply/FATAL]: PipelineFactory::CreatePipeline colorAttachment[1]: blend=1 colorWriteMask=0xf srcColor=1 dstColor=7 colorOp=0 srcAlpha=1 dstAlpha=7 alphaOp=0
[05:17:44] [Android mgl-srv-apply/FATAL]: vkCreateGraphicsPipelines
[05:17:44] [Android mgl-srv-apply/FATAL]: Vulkan error VK_ERROR_UNKNOWN (-13) at /home/swung/w7/pipe/MobileGL/MG_Backend/DirectVulkan/Renderer/PipelineFactory.cpp:660
[05:17:44] [Android mgl-srv-apply/ERROR]: PipelineFactory::GetOrCreatePipeline: creation failed for hash=0xde77d45b8ba553b6 programHash=0xf25a0f918681264f; not caching the failure
[05:17:44] [Android mgl-srv-apply/FATAL]: PipelineFactory::CreatePipeline failed: result=VK_ERROR_UNKNOWN (-13) programHash=0xecb48583183184c4 vertexInputHash=0x6a8194864a6b5f6 stageCount=2 topology=VK_PRIMITIVE_TOPOLOGY_TRIANGLE_LIST(3) colorAttachmentCount=1 samples=VK_SAMPLE_COUNT_1_BIT(1) subpass=0
[05:17:44] [Android mgl-srv-apply/FATAL]: PipelineFactory::CreatePipeline state: cullMode=VK_CULL_MODE_BACK_BIT(0x2) frontFace=1 depthTest=1 depthWrite=1 depthCompare=VK_COMPARE_OP_LESS_OR_EQUAL(3) depthBias=0 rasterizerDiscard=0 stencilTest=0 logicOpEnable=0 logicOp=VK_LOGIC_OP_COPY(3)
[05:17:44] [Android mgl-srv-apply/FATAL]: PipelineFactory::CreatePipeline vertex input: bindingCount=6 attributeCount=6
[05:17:44] [Android mgl-srv-apply/INFO]: PipelineFactory::CreatePipeline spirv[0]: stage=0x1 words=5326 bytes=21304 hash=0xc7f8e37029f4b758
[05:17:44] [Android mgl-srv-apply/INFO]: PipelineFactory::CreatePipeline spirv[1]: stage=0x10 words=32856 bytes=131424 hash=0x4e67f88470e25619
[05:17:44] [Android mgl-srv-apply/INFO]: PipelineFactory::CreatePipeline stage[0]: stage=0x1 module=0xb40000760f8c53f0 entry=main specialization=0
[05:17:44] [Android mgl-srv-apply/INFO]: PipelineFactory::CreatePipeline stage[1]: stage=0x10 module=0xb40000760f88da10 entry=main specialization=0
[05:17:44] [Android mgl-srv-apply/FATAL]: PipelineFactory::CreatePipeline colorAttachment[0]: blend=1 colorWriteMask=0xf srcColor=1 dstColor=7 colorOp=0 srcAlpha=1 dstAlpha=7 alphaOp=0
[05:17:44] [Android mgl-srv-apply/FATAL]: vkCreateGraphicsPipelines
[05:17:44] [Android mgl-srv-apply/FATAL]: Vulkan error VK_ERROR_UNKNOWN (-13) at /home/swung/w7/pipe/MobileGL/MG_Backend/DirectVulkan/Renderer/PipelineFactory.cpp:660
[05:17:44] [Android mgl-srv-apply/ERROR]: PipelineFactory::GetOrCreatePipeline: creation failed for hash=0x30177a19474c1ecf programHash=0xecb48583183184c4; not caching the failure
[05:17:44] [Android mgl-srv-apply/FATAL]: PipelineFactory::CreatePipeline failed: result=VK_ERROR_UNKNOWN (-13) programHash=0xecb48583183184c4 vertexInputHash=0x6a8194864a6b5f6 stageCount=2 topology=VK_PRIMITIVE_TOPOLOGY_TRIANGLE_LIST(3) colorAttachmentCount=1 samples=VK_SAMPLE_COUNT_1_BIT(1) subpass=0
[05:17:44] [Android mgl-srv-apply/FATAL]: PipelineFactory::CreatePipeline state: cullMode=VK_CULL_MODE_BACK_BIT(0x2) frontFace=1 depthTest=1 depthWrite=1 depthCompare=VK_COMPARE_OP_LESS_OR_EQUAL(3) depthBias=0 rasterizerDiscard=0 stencilTest=0 logicOpEnable=0 logicOp=VK_LOGIC_OP_COPY(3)
[05:17:44] [Android mgl-srv-apply/FATAL]: PipelineFactory::CreatePipeline vertex input: bindingCount=6 attributeCount=6
[05:17:44] [Android mgl-srv-apply/INFO]: PipelineFactory::CreatePipeline spirv[0]: stage=0x1 words=5326 bytes=21304 hash=0xc7f8e37029f4b758
[05:17:44] [Android mgl-srv-apply/INFO]: PipelineFactory::CreatePipeline spirv[1]: stage=0x10 words=32856 bytes=131424 hash=0x4e67f88470e25619
[05:17:44] [Android mgl-srv-apply/INFO]: PipelineFactory::CreatePipeline stage[0]: stage=0x1 module=0xb40000760f8c53f0 entry=main specialization=0
[05:17:44] [Android mgl-srv-apply/INFO]: PipelineFactory::CreatePipeline stage[1]: stage=0x10 module=0xb40000760f88da10 entry=main specialization=0
[05:17:44] [Android mgl-srv-apply/FATAL]: PipelineFactory::CreatePipeline colorAttachment[0]: blend=1 colorWriteMask=0xf srcColor=1 dstColor=7 colorOp=0 srcAlpha=1 dstAlpha=7 alphaOp=0
[05:17:44] [Android mgl-srv-apply/FATAL]: vkCreateGraphicsPipelines
[05:17:44] [Android mgl-srv-apply/FATAL]: Vulkan error VK_ERROR_UNKNOWN (-13) at /home/swung/w7/pipe/MobileGL/MG_Backend/DirectVulkan/Renderer/PipelineFactory.cpp:660
[05:17:44] [Android mgl-srv-apply/ERROR]: PipelineFactory::GetOrCreatePipeline: creation failed for hash=0x30177a19474c1ecf programHash=0xecb48583183184c4; not caching the failure
[05:17:44] [Android mgl-srv-apply/FATAL]: PipelineFactory::CreatePipeline failed: result=VK_ERROR_UNKNOWN (-13) programHash=0xf20fd89618dd0dc5 vertexInputHash=0x570d77c83a971d38 stageCount=2 topology=VK_PRIMITIVE_TOPOLOGY_TRIANGLE_LIST(3) colorAttachmentCount=2 samples=VK_SAMPLE_COUNT_1_BIT(1) subpass=0
[05:17:44] [Android mgl-srv-apply/FATAL]: PipelineFactory::CreatePipeline state: cullMode=VK_CULL_MODE_BACK_BIT(0x2) frontFace=1 depthTest=0 depthWrite=0 depthCompare=VK_COMPARE_OP_LESS_OR_EQUAL(3) depthBias=0 rasterizerDiscard=0 stencilTest=0 logicOpEnable=0 logicOp=VK_LOGIC_OP_COPY(3)
[05:17:44] [Android mgl-srv-apply/FATAL]: PipelineFactory::CreatePipeline vertex input: bindingCount=2 attributeCount=2
[05:17:44] [Android mgl-srv-apply/INFO]: PipelineFactory::CreatePipeline spirv[0]: stage=0x1 words=3515 bytes=14060 hash=0x8b26b076eac6df4e
[05:17:44] [Android mgl-srv-apply/INFO]: PipelineFactory::CreatePipeline spirv[1]: stage=0x10 words=9338 bytes=37352 hash=0xc68df9e35c0ddbd9
[05:17:44] [Android mgl-srv-apply/INFO]: PipelineFactory::CreatePipeline stage[0]: stage=0x1 module=0xb40000760f8c2b70 entry=main specialization=0
[05:17:44] [Android mgl-srv-apply/INFO]: PipelineFactory::CreatePipeline stage[1]: stage=0x10 module=0xb40000760f89eed0 entry=main specialization=0
[05:17:44] [Android mgl-srv-apply/FATAL]: PipelineFactory::CreatePipeline colorAttachment[0]: blend=0 colorWriteMask=0xf srcColor=6 dstColor=7 colorOp=0 srcAlpha=1 dstAlpha=0 alphaOp=0
[05:17:44] [Android mgl-srv-apply/FATAL]: PipelineFactory::CreatePipeline colorAttachment[1]: blend=0 colorWriteMask=0xf srcColor=6 dstColor=7 colorOp=0 srcAlpha=1 dstAlpha=0 alphaOp=0
[05:17:44] [Android mgl-srv-apply/FATAL]: vkCreateGraphicsPipelines
[05:17:44] [Android mgl-srv-apply/FATAL]: Vulkan error VK_ERROR_UNKNOWN (-13) at /home/swung/w7/pipe/MobileGL/MG_Backend/DirectVulkan/Renderer/PipelineFactory.cpp:660
[05:17:44] [Android mgl-srv-apply/ERROR]: PipelineFactory::GetOrCreatePipeline: creation failed for hash=0xce6fa7ecf11caacc programHash=0xf20fd89618dd0dc5; not caching the failure
[05:17:44] [Android mgl-srv-apply/FATAL]: PipelineFactory::CreatePipeline failed: result=VK_ERROR_UNKNOWN (-13) programHash=0x7f5d6d38463579e2 vertexInputHash=0x570d77c83a971d38 stageCount=2 topology=VK_PRIMITIVE_TOPOLOGY_TRIANGLE_LIST(3) colorAttachmentCount=1 samples=VK_SAMPLE_COUNT_1_BIT(1) subpass=0
[05:17:44] [Android mgl-srv-apply/FATAL]: PipelineFactory::CreatePipeline state: cullMode=VK_CULL_MODE_BACK_BIT(0x2) frontFace=1 depthTest=0 depthWrite=0 depthCompare=VK_COMPARE_OP_LESS_OR_EQUAL(3) depthBias=0 rasterizerDiscard=0 stencilTest=0 logicOpEnable=0 logicOp=VK_LOGIC_OP_COPY(3)
[05:17:44] [Android mgl-srv-apply/FATAL]: PipelineFactory::CreatePipeline vertex input: bindingCount=2 attributeCount=2
[05:17:44] [Android mgl-srv-apply/INFO]: PipelineFactory::CreatePipeline spirv[0]: stage=0x1 words=3576 bytes=14304 hash=0x5458d29e69686747
[05:17:44] [Android mgl-srv-apply/INFO]: PipelineFactory::CreatePipeline spirv[1]: stage=0x10 words=7709 bytes=30836 hash=0x96c50928c0b94a07
[05:17:44] [Android mgl-srv-apply/INFO]: PipelineFactory::CreatePipeline stage[0]: stage=0x1 module=0xb40000760f8abef0 entry=main specialization=0
[05:17:44] [Android mgl-srv-apply/INFO]: PipelineFactory::CreatePipeline stage[1]: stage=0x10 module=0xb40000760f8c09b0 entry=main specialization=0
[05:17:44] [Android mgl-srv-apply/FATAL]: PipelineFactory::CreatePipeline colorAttachment[0]: blend=0 colorWriteMask=0xf srcColor=6 dstColor=7 colorOp=0 srcAlpha=1 dstAlpha=0 alphaOp=0
[05:17:44] [Android mgl-srv-apply/FATAL]: vkCreateGraphicsPipelines
[05:17:44] [Android mgl-srv-apply/FATAL]: Vulkan error VK_ERROR_UNKNOWN (-13) at /home/swung/w7/pipe/MobileGL/MG_Backend/DirectVulkan/Renderer/PipelineFactory.cpp:660
[05:17:44] [Android mgl-srv-apply/ERROR]: PipelineFactory::GetOrCreatePipeline: creation failed for hash=0x66837604fdc7818a programHash=0x7f5d6d38463579e2; not caching the failure
[05:17:44] [Android mgl-srv-apply/FATAL]: PipelineFactory::CreatePipeline failed: result=VK_ERROR_UNKNOWN (-13) programHash=0x733247df7346812c vertexInputHash=0x570d77c83a971d38 stageCount=2 topology=VK_PRIMITIVE_TOPOLOGY_TRIANGLE_LIST(3) colorAttachmentCount=1 samples=VK_SAMPLE_COUNT_1_BIT(1) subpass=0
[05:17:44] [Android mgl-srv-apply/FATAL]: PipelineFactory::CreatePipeline state: cullMode=VK_CULL_MODE_BACK_BIT(0x2) frontFace=1 depthTest=0 depthWrite=0 depthCompare=VK_COMPARE_OP_LESS_OR_EQUAL(3) depthBias=0 rasterizerDiscard=0 stencilTest=0 logicOpEnable=0 logicOp=VK_LOGIC_OP_COPY(3)
[05:17:44] [Android mgl-srv-apply/FATAL]: PipelineFactory::CreatePipeline vertex input: bindingCount=2 attributeCount=2
[05:17:44] [Android mgl-srv-apply/INFO]: PipelineFactory::CreatePipeline spirv[0]: stage=0x1 words=14390 bytes=57560 hash=0xbe0284b61fc1ce83
[05:17:44] [Android mgl-srv-apply/INFO]: PipelineFactory::CreatePipeline spirv[1]: stage=0x10 words=41374 bytes=165496 hash=0x4fb01f676f2f4152
[05:17:44] [Android mgl-srv-apply/INFO]: PipelineFactory::CreatePipeline stage[0]: stage=0x1 module=0xb40000760f893890 entry=main specialization=0
[05:17:44] [Android mgl-srv-apply/INFO]: PipelineFactory::CreatePipeline stage[1]: stage=0x10 module=0xb40000760f8c2ff0 entry=main specialization=0
[05:17:44] [Android mgl-srv-apply/FATAL]: PipelineFactory::CreatePipeline colorAttachment[0]: blend=0 colorWriteMask=0xf srcColor=6 dstColor=7 colorOp=0 srcAlpha=1 dstAlpha=0 alphaOp=0
[05:17:44] [Android mgl-srv-apply/FATAL]: vkCreateGraphicsPipelines
[05:17:44] [Android mgl-srv-apply/FATAL]: Vulkan error VK_ERROR_UNKNOWN (-13) at /home/swung/w7/pipe/MobileGL/MG_Backend/DirectVulkan/Renderer/PipelineFactory.cpp:660
[05:17:44] [Android mgl-srv-apply/ERROR]: PipelineFactory::GetOrCreatePipeline: creation failed for hash=0xaa066289f132e6ee programHash=0x733247df7346812c; not caching the failure
[05:17:44] [Android mgl-srv-apply/FATAL]: PipelineFactory::CreatePipeline failed: result=VK_ERROR_UNKNOWN (-13) programHash=0xfd859c3c16240e5a vertexInputHash=0x570d77c83a971d38 stageCount=2 topology=VK_PRIMITIVE_TOPOLOGY_TRIANGLE_LIST(3) colorAttachmentCount=2 samples=VK_SAMPLE_COUNT_1_BIT(1) subpass=0
[05:17:44] [Android mgl-srv-apply/FATAL]: PipelineFactory::CreatePipeline state: cullMode=VK_CULL_MODE_BACK_BIT(0x2) frontFace=1 depthTest=0 depthWrite=0 depthCompare=VK_COMPARE_OP_LESS_OR_EQUAL(3) depthBias=0 rasterizerDiscard=0 stencilTest=0 logicOpEnable=0 logicOp=VK_LOGIC_OP_COPY(3)
[05:17:44] [Android mgl-srv-apply/FATAL]: PipelineFactory::CreatePipeline vertex input: bindingCount=2 attributeCount=2
[05:17:44] [Android mgl-srv-apply/INFO]: PipelineFactory::CreatePipeline spirv[0]: stage=0x1 words=5208 bytes=20832 hash=0xebf1c9b5309a34da
[05:17:44] [Android mgl-srv-apply/INFO]: PipelineFactory::CreatePipeline spirv[1]: stage=0x10 words=54861 bytes=219444 hash=0x7494802520217e0c
[05:17:44] [Android mgl-srv-apply/INFO]: PipelineFactory::CreatePipeline stage[0]: stage=0x1 module=0xb40000760f8a0d30 entry=main specialization=0
[05:17:44] [Android mgl-srv-apply/INFO]: PipelineFactory::CreatePipeline stage[1]: stage=0x10 module=0xb40000760f8c4e50 entry=main specialization=0
[05:17:44] [Android mgl-srv-apply/FATAL]: PipelineFactory::CreatePipeline colorAttachment[0]: blend=0 colorWriteMask=0xf srcColor=6 dstColor=7 colorOp=0 srcAlpha=1 dstAlpha=0 alphaOp=0
[05:17:44] [Android mgl-srv-apply/FATAL]: PipelineFactory::CreatePipeline colorAttachment[1]: blend=0 colorWriteMask=0xf srcColor=6 dstColor=7 colorOp=0 srcAlpha=1 dstAlpha=0 alphaOp=0
[05:17:44] [Android mgl-srv-apply/FATAL]: vkCreateGraphicsPipelines
[05:17:44] [Android mgl-srv-apply/FATAL]: Vulkan error VK_ERROR_UNKNOWN (-13) at /home/swung/w7/pipe/MobileGL/MG_Backend/DirectVulkan/Renderer/PipelineFactory.cpp:660
[05:17:44] [Android mgl-srv-apply/ERROR]: PipelineFactory::GetOrCreatePipeline: creation failed for hash=0x711205857968df98 programHash=0xfd859c3c16240e5a; not caching the failure
[05:17:44] [Android mgl-srv-apply/FATAL]: PipelineFactory::CreatePipeline failed: result=VK_ERROR_UNKNOWN (-13) programHash=0xf25a0f918681264f vertexInputHash=0x1102659c34484a8e stageCount=2 topology=VK_PRIMITIVE_TOPOLOGY_TRIANGLE_LIST(3) colorAttachmentCount=2 samples=VK_SAMPLE_COUNT_1_BIT(1) subpass=0
[05:17:44] [Android mgl-srv-apply/FATAL]: PipelineFactory::CreatePipeline state: cullMode=VK_CULL_MODE_BACK_BIT(0x2) frontFace=1 depthTest=1 depthWrite=1 depthCompare=VK_COMPARE_OP_LESS_OR_EQUAL(3) depthBias=0 rasterizerDiscard=0 stencilTest=0 logicOpEnable=0 logicOp=VK_LOGIC_OP_COPY(3)
[05:17:44] [Android mgl-srv-apply/FATAL]: PipelineFactory::CreatePipeline vertex input: bindingCount=7 attributeCount=7
[05:17:44] [Android mgl-srv-apply/INFO]: PipelineFactory::CreatePipeline spirv[0]: stage=0x1 words=7392 bytes=29568 hash=0xd75fb889f88f52de
[05:17:44] [Android mgl-srv-apply/INFO]: PipelineFactory::CreatePipeline spirv[1]: stage=0x10 words=41701 bytes=166804 hash=0x146fbc0bffc96087
[05:17:44] [Android mgl-srv-apply/INFO]: PipelineFactory::CreatePipeline stage[0]: stage=0x1 module=0xb40000760f8c7370 entry=main specialization=0
[05:17:44] [Android mgl-srv-apply/INFO]: PipelineFactory::CreatePipeline stage[1]: stage=0x10 module=0xb40000760f8cdaf0 entry=main specialization=0
[05:17:44] [Android mgl-srv-apply/FATAL]: PipelineFactory::CreatePipeline colorAttachment[0]: blend=0 colorWriteMask=0xf srcColor=6 dstColor=7 colorOp=0 srcAlpha=1 dstAlpha=7 alphaOp=0
[05:17:44] [Android mgl-srv-apply/FATAL]: PipelineFactory::CreatePipeline colorAttachment[1]: blend=1 colorWriteMask=0xf srcColor=1 dstColor=7 colorOp=0 srcAlpha=1 dstAlpha=7 alphaOp=0
[05:17:44] [Android mgl-srv-apply/FATAL]: vkCreateGraphicsPipelines
[05:17:44] [Android mgl-srv-apply/FATAL]: Vulkan error VK_ERROR_UNKNOWN (-13) at /home/swung/w7/pipe/MobileGL/MG_Backend/DirectVulkan/Renderer/PipelineFactory.cpp:660
[05:17:44] [Android mgl-srv-apply/ERROR]: PipelineFactory::GetOrCreatePipeline: creation failed for hash=0xde77d45b8ba553b6 programHash=0xf25a0f918681264f; not caching the failure
[05:17:44] [Android mgl-srv-apply/FATAL]: PipelineFactory::CreatePipeline failed: result=VK_ERROR_UNKNOWN (-13) programHash=0xf25a0f918681264f vertexInputHash=0x1102659c34484a8e stageCount=2 topology=VK_PRIMITIVE_TOPOLOGY_TRIANGLE_LIST(3) colorAttachmentCount=2 samples=VK_SAMPLE_COUNT_1_BIT(1) subpass=0
[05:17:44] [Android mgl-srv-apply/FATAL]: PipelineFactory::CreatePipeline state: cullMode=VK_CULL_MODE_BACK_BIT(0x2) frontFace=1 depthTest=1 depthWrite=1 depthCompare=VK_COMPARE_OP_LESS_OR_EQUAL(3) depthBias=0 rasterizerDiscard=0 stencilTest=0 logicOpEnable=0 logicOp=VK_LOGIC_OP_COPY(3)
[05:17:44] [Android mgl-srv-apply/FATAL]: PipelineFactory::CreatePipeline vertex input: bindingCount=7 attributeCount=7
[05:17:44] [Android mgl-srv-apply/INFO]: PipelineFactory::CreatePipeline spirv[0]: stage=0x1 words=7392 bytes=29568 hash=0xd75fb889f88f52de
[05:17:44] [Android mgl-srv-apply/INFO]: PipelineFactory::CreatePipeline spirv[1]: stage=0x10 words=41701 bytes=166804 hash=0x146fbc0bffc96087
[05:17:44] [Android mgl-srv-apply/INFO]: PipelineFactory::CreatePipeline stage[0]: stage=0x1 module=0xb40000760f8c7370 entry=main specialization=0
[05:17:44] [Android mgl-srv-apply/INFO]: PipelineFactory::CreatePipeline stage[1]: stage=0x10 module=0xb40000760f8cdaf0 entry=main specialization=0
[05:17:44] [Android mgl-srv-apply/FATAL]: PipelineFactory::CreatePipeline colorAttachment[0]: blend=0 colorWriteMask=0xf srcColor=6 dstColor=7 colorOp=0 srcAlpha=1 dstAlpha=7 alphaOp=0
[05:17:44] [Android mgl-srv-apply/FATAL]: PipelineFactory::CreatePipeline colorAttachment[1]: blend=1 colorWriteMask=0xf srcColor=1 dstColor=7 colorOp=0 srcAlpha=1 dstAlpha=7 alphaOp=0
[05:17:44] [Android mgl-srv-apply/FATAL]: vkCreateGraphicsPipelines
[05:17:44] [Android mgl-srv-apply/FATAL]: Vulkan error VK_ERROR_UNKNOWN (-13) at /home/swung/w7/pipe/MobileGL/MG_Backend/DirectVulkan/Renderer/PipelineFactory.cpp:660
[05:17:44] [Android mgl-srv-apply/ERROR]: PipelineFactory::GetOrCreatePipeline: creation failed for hash=0xde77d45b8ba553b6 programHash=0xf25a0f918681264f; not caching the failure
[05:17:44] [Android mgl-srv-apply/FATAL]: PipelineFactory::CreatePipeline failed: result=VK_ERROR_UNKNOWN (-13) programHash=0xf25a0f918681264f vertexInputHash=0x1102659c34484a8e stageCount=2 topology=VK_PRIMITIVE_TOPOLOGY_TRIANGLE_LIST(3) colorAttachmentCount=2 samples=VK_SAMPLE_COUNT_1_BIT(1) subpass=0
[05:17:44] [Android mgl-srv-apply/FATAL]: PipelineFactory::CreatePipeline state: cullMode=VK_CULL_MODE_BACK_BIT(0x2) frontFace=1 depthTest=1 depthWrite=1 depthCompare=VK_COMPARE_OP_LESS_OR_EQUAL(3) depthBias=0 rasterizerDiscard=0 stencilTest=0 logicOpEnable=0 logicOp=VK_LOGIC_OP_COPY(3)
[05:17:44] [Android mgl-srv-apply/FATAL]: PipelineFactory::CreatePipeline vertex input: bindingCount=7 attributeCount=7
[05:17:44] [Android mgl-srv-apply/INFO]: PipelineFactory::CreatePipeline spirv[0]: stage=0x1 words=7392 bytes=29568 hash=0xd75fb889f88f52de
[05:17:44] [Android mgl-srv-apply/INFO]: PipelineFactory::CreatePipeline spirv[1]: stage=0x10 words=41701 bytes=166804 hash=0x146fbc0bffc96087
[05:17:44] [Android mgl-srv-apply/INFO]: PipelineFactory::CreatePipeline stage[0]: stage=0x1 module=0xb40000760f8c7370 entry=main specialization=0
[05:17:44] [Android mgl-srv-apply/INFO]: PipelineFactory::CreatePipeline stage[1]: stage=0x10 module=0xb40000760f8cdaf0 entry=main specialization=0
[05:17:44] [Android mgl-srv-apply/FATAL]: PipelineFactory::CreatePipeline colorAttachment[0]: blend=0 colorWriteMask=0xf srcColor=6 dstColor=7 colorOp=0 srcAlpha=1 dstAlpha=7 alphaOp=0
[05:17:44] [Android mgl-srv-apply/FATAL]: PipelineFactory::CreatePipeline colorAttachment[1]: blend=1 colorWriteMask=0xf srcColor=1 dstColor=7 colorOp=0 srcAlpha=1 dstAlpha=7 alphaOp=0
[05:17:44] [Android mgl-srv-apply/FATAL]: vkCreateGraphicsPipelines
[05:17:44] [Android mgl-srv-apply/FATAL]: Vulkan error VK_ERROR_UNKNOWN (-13) at /home/swung/w7/pipe/MobileGL/MG_Backend/DirectVulkan/Renderer/PipelineFactory.cpp:660
[05:17:44] [Android mgl-srv-apply/ERROR]: PipelineFactory::GetOrCreatePipeline: creation failed for hash=0xde77d45b8ba553b6 programHash=0xf25a0f918681264f; not caching the failure
[05:17:44] [Android mgl-srv-apply/FATAL]: PipelineFactory::CreatePipeline failed: result=VK_ERROR_UNKNOWN (-13) programHash=0xecb48583183184c4 vertexInputHash=0x6a8194864a6b5f6 stageCount=2 topology=VK_PRIMITIVE_TOPOLOGY_TRIANGLE_LIST(3) colorAttachmentCount=1 samples=VK_SAMPLE_COUNT_1_BIT(1) subpass=0
[05:17:44] [Android mgl-srv-apply/FATAL]: PipelineFactory::CreatePipeline state: cullMode=VK_CULL_MODE_BACK_BIT(0x2) frontFace=1 depthTest=1 depthWrite=1 depthCompare=VK_COMPARE_OP_LESS_OR_EQUAL(3) depthBias=0 rasterizerDiscard=0 stencilTest=0 logicOpEnable=0 logicOp=VK_LOGIC_OP_COPY(3)
[05:17:44] [Android mgl-srv-apply/FATAL]: PipelineFactory::CreatePipeline vertex input: bindingCount=6 attributeCount=6
[05:17:44] [Android mgl-srv-apply/INFO]: PipelineFactory::CreatePipeline spirv[0]: stage=0x1 words=5326 bytes=21304 hash=0xc7f8e37029f4b758
[05:17:44] [Android mgl-srv-apply/INFO]: PipelineFactory::CreatePipeline spirv[1]: stage=0x10 words=32856 bytes=131424 hash=0x4e67f88470e25619
[05:17:44] [Android mgl-srv-apply/INFO]: PipelineFactory::CreatePipeline stage[0]: stage=0x1 module=0xb40000760f8c53f0 entry=main specialization=0
[05:17:44] [Android mgl-srv-apply/INFO]: PipelineFactory::CreatePipeline stage[1]: stage=0x10 module=0xb40000760f88da10 entry=main specialization=0
[05:17:44] [Android mgl-srv-apply/FATAL]: PipelineFactory::CreatePipeline colorAttachment[0]: blend=1 colorWriteMask=0xf srcColor=1 dstColor=7 colorOp=0 srcAlpha=1 dstAlpha=7 alphaOp=0
[05:17:44] [Android mgl-srv-apply/FATAL]: vkCreateGraphicsPipelines
[05:17:44] [Android mgl-srv-apply/FATAL]: Vulkan error VK_ERROR_UNKNOWN (-13) at /home/swung/w7/pipe/MobileGL/MG_Backend/DirectVulkan/Renderer/PipelineFactory.cpp:660
[05:17:44] [Android mgl-srv-apply/ERROR]: PipelineFactory::GetOrCreatePipeline: creation failed for hash=0x30177a19474c1ecf programHash=0xecb48583183184c4; not caching the failure
[05:17:44] [Android mgl-srv-apply/FATAL]: PipelineFactory::CreatePipeline failed: result=VK_ERROR_UNKNOWN (-13) programHash=0xecb48583183184c4 vertexInputHash=0x6a8194864a6b5f6 stageCount=2 topology=VK_PRIMITIVE_TOPOLOGY_TRIANGLE_LIST(3) colorAttachmentCount=1 samples=VK_SAMPLE_COUNT_1_BIT(1) subpass=0
[05:17:44] [Android mgl-srv-apply/FATAL]: PipelineFactory::CreatePipeline state: cullMode=VK_CULL_MODE_BACK_BIT(0x2) frontFace=1 depthTest=1 depthWrite=1 depthCompare=VK_COMPARE_OP_LESS_OR_EQUAL(3) depthBias=0 rasterizerDiscard=0 stencilTest=0 logicOpEnable=0 logicOp=VK_LOGIC_OP_COPY(3)
[05:17:44] [Android mgl-srv-apply/FATAL]: PipelineFactory::CreatePipeline vertex input: bindingCount=6 attributeCount=6
[05:17:44] [Android mgl-srv-apply/INFO]: PipelineFactory::CreatePipeline spirv[0]: stage=0x1 words=5326 bytes=21304 hash=0xc7f8e37029f4b758
[05:17:44] [Android mgl-srv-apply/INFO]: PipelineFactory::CreatePipeline spirv[1]: stage=0x10 words=32856 bytes=131424 hash=0x4e67f88470e25619
[05:17:44] [Android mgl-srv-apply/INFO]: PipelineFactory::CreatePipeline stage[0]: stage=0x1 module=0xb40000760f8c53f0 entry=main specialization=0
[05:17:44] [Android mgl-srv-apply/INFO]: PipelineFactory::CreatePipeline stage[1]: stage=0x10 module=0xb40000760f88da10 entry=main specialization=0
[05:17:44] [Android mgl-srv-apply/FATAL]: PipelineFactory::CreatePipeline colorAttachment[0]: blend=1 colorWriteMask=0xf srcColor=1 dstColor=7 colorOp=0 srcAlpha=1 dstAlpha=7 alphaOp=0
[05:17:44] [Android mgl-srv-apply/FATAL]: vkCreateGraphicsPipelines
[05:17:44] [Android mgl-srv-apply/FATAL]: Vulkan error VK_ERROR_UNKNOWN (-13) at /home/swung/w7/pipe/MobileGL/MG_Backend/DirectVulkan/Renderer/PipelineFactory.cpp:660
[05:17:44] [Android mgl-srv-apply/ERROR]: PipelineFactory::GetOrCreatePipeline: creation failed for hash=0x30177a19474c1ecf programHash=0xecb48583183184c4; not caching the failure
[05:17:44] [Android mgl-srv-apply/FATAL]: PipelineFactory::CreatePipeline failed: result=VK_ERROR_UNKNOWN (-13) programHash=0xf20fd89618dd0dc5 vertexInputHash=0x570d77c83a971d38 stageCount=2 topology=VK_PRIMITIVE_TOPOLOGY_TRIANGLE_LIST(3) colorAttachmentCount=2 samples=VK_SAMPLE_COUNT_1_BIT(1) subpass=0
[05:17:44] [Android mgl-srv-apply/FATAL]: PipelineFactory::CreatePipeline state: cullMode=VK_CULL_MODE_BACK_BIT(0x2) frontFace=1 depthTest=0 depthWrite=0 depthCompare=VK_COMPARE_OP_LESS_OR_EQUAL(3) depthBias=0 rasterizerDiscard=0 stencilTest=0 logicOpEnable=0 logicOp=VK_LOGIC_OP_COPY(3)
[05:17:44] [Android mgl-srv-apply/FATAL]: PipelineFactory::CreatePipeline vertex input: bindingCount=2 attributeCount=2
[05:17:44] [Android mgl-srv-apply/INFO]: PipelineFactory::CreatePipeline spirv[0]: stage=0x1 words=3515 bytes=14060 hash=0x8b26b076eac6df4e
[05:17:44] [Android mgl-srv-apply/INFO]: PipelineFactory::CreatePipeline spirv[1]: stage=0x10 words=9338 bytes=37352 hash=0xc68df9e35c0ddbd9
[05:17:44] [Android mgl-srv-apply/INFO]: PipelineFactory::CreatePipeline stage[0]: stage=0x1 module=0xb40000760f8c2b70 entry=main specialization=0
[05:17:44] [Android mgl-srv-apply/INFO]: PipelineFactory::CreatePipeline stage[1]: stage=0x10 module=0xb40000760f89eed0 entry=main specialization=0
[05:17:44] [Android mgl-srv-apply/FATAL]: PipelineFactory::CreatePipeline colorAttachment[0]: blend=0 colorWriteMask=0xf srcColor=6 dstColor=7 colorOp=0 srcAlpha=1 dstAlpha=0 alphaOp=0
[05:17:44] [Android mgl-srv-apply/FATAL]: PipelineFactory::CreatePipeline colorAttachment[1]: blend=0 colorWriteMask=0xf srcColor=6 dstColor=7 colorOp=0 srcAlpha=1 dstAlpha=0 alphaOp=0
[05:17:44] [Android mgl-srv-apply/FATAL]: vkCreateGraphicsPipelines
[05:17:44] [Android mgl-srv-apply/FATAL]: Vulkan error VK_ERROR_UNKNOWN (-13) at /home/swung/w7/pipe/MobileGL/MG_Backend/DirectVulkan/Renderer/PipelineFactory.cpp:660
[05:17:44] [Android mgl-srv-apply/ERROR]: PipelineFactory::GetOrCreatePipeline: creation failed for hash=0xce6fa7ecf11caacc programHash=0xf20fd89618dd0dc5; not caching the failure
[05:17:44] [Android mgl-srv-apply/FATAL]: PipelineFactory::CreatePipeline failed: result=VK_ERROR_UNKNOWN (-13) programHash=0x7f5d6d38463579e2 vertexInputHash=0x570d77c83a971d38 stageCount=2 topology=VK_PRIMITIVE_TOPOLOGY_TRIANGLE_LIST(3) colorAttachmentCount=1 samples=VK_SAMPLE_COUNT_1_BIT(1) subpass=0
[05:17:44] [Android mgl-srv-apply/FATAL]: PipelineFactory::CreatePipeline state: cullMode=VK_CULL_MODE_BACK_BIT(0x2) frontFace=1 depthTest=0 depthWrite=0 depthCompare=VK_COMPARE_OP_LESS_OR_EQUAL(3) depthBias=0 rasterizerDiscard=0 stencilTest=0 logicOpEnable=0 logicOp=VK_LOGIC_OP_COPY(3)
[05:17:44] [Android mgl-srv-apply/FATAL]: PipelineFactory::CreatePipeline vertex input: bindingCount=2 attributeCount=2
[05:17:44] [Android mgl-srv-apply/INFO]: PipelineFactory::CreatePipeline spirv[0]: stage=0x1 words=3576 bytes=14304 hash=0x5458d29e69686747
[05:17:44] [Android mgl-srv-apply/INFO]: PipelineFactory::CreatePipeline spirv[1]: stage=0x10 words=7709 bytes=30836 hash=0x96c50928c0b94a07
[05:17:44] [Android mgl-srv-apply/INFO]: PipelineFactory::CreatePipeline stage[0]: stage=0x1 module=0xb40000760f8abef0 entry=main specialization=0
[05:17:44] [Android mgl-srv-apply/INFO]: PipelineFactory::CreatePipeline stage[1]: stage=0x10 module=0xb40000760f8c09b0 entry=main specialization=0
[05:17:44] [Android mgl-srv-apply/FATAL]: PipelineFactory::CreatePipeline colorAttachment[0]: blend=0 colorWriteMask=0xf srcColor=6 dstColor=7 colorOp=0 srcAlpha=1 dstAlpha=0 alphaOp=0
[05:17:44] [Android mgl-srv-apply/FATAL]: vkCreateGraphicsPipelines
[05:17:44] [Android mgl-srv-apply/FATAL]: Vulkan error VK_ERROR_UNKNOWN (-13) at /home/swung/w7/pipe/MobileGL/MG_Backend/DirectVulkan/Renderer/PipelineFactory.cpp:660
[05:17:44] [Android mgl-srv-apply/ERROR]: PipelineFactory::GetOrCreatePipeline: creation failed for hash=0x66837604fdc7818a programHash=0x7f5d6d38463579e2; not caching the failure
trace replay failed: {'passed': False, 'statusCode': 6, 'message': 'retrace completed; ssim=0.008865, ssimThreshold=0.990000, mismatchPixels=403024, matchedGoldenPath=/data/user/0/top.mobilegl.plugin.p7w1.trace/files/trace-replay/input/golden.png', 'tracePath': '/data/user/0/top.mobilegl.plugin.p7w1.trace/files/trace-replay/input/trace.trace', 'goldenPath': '/data/user/0/top.mobilegl.plugin.p7w1.trace/files/trace-replay/input/golden.png', 'alternateGoldenPaths': [], 'matchedGoldenPath': '/data/user/0/top.mobilegl.plugin.p7w1.trace/files/trace-replay/input/golden.png', 'actualPath': '/data/user/0/top.mobilegl.plugin.p7w1.trace/files/trace-replay/output/actual.png', 'diffPath': '/data/user/0/top.mobilegl.plugin.p7w1.trace/files/trace-replay/output/minecraft-1.21.4-fabric-iris-photon-v1.3b-in-world-diff.png', 'backend': 'DirectVulkan', 'angleVariant': '', 'targetFrame': -1, 'targetCall': 172128, 'width': 854, 'height': 480, 'cropX': 0, 'cropY': 0, 'cropWidth': 0, 'cropHeight': 0, 'ssim': 0.008864795, 'ssimThreshold': 0.99, 'useAngle': False, 'usePbuffer': True, 'avoidAngleLlvmpipeSamplerMipmapMinFilter': False, 'avoidAngleLlvmpipeExplicitLodBias': False, 'fixIterationRPSubgroupScratch': False, 'deriveNumSubgroups': False, 'iterationRPFixBarrier': False, 'holdMs': 0, 'mismatchPixels': 403024}
archived repeat 1 to .trace-work\p7w4\matrix-inproc\minecraft-1.21.4-fabric-iris-photon-v1.3b-in-world-DirectVulkan\repeat-01
C:\Users\geekerwan\AndroidStudioProjects\FoldCraftLauncher\MobileGL-disagg\.trace-work\android-retrace-summary\mobilegl-android-retrace-overview.html
=== Android retrace: minecraft-1.21.4-fabric-iris-derivative-main-d24.4.14-in-world / DirectVulkan (repeat 1/1) ===
C:\Users\geekerwan\AndroidStudioProjects\FoldCraftLauncher\MobileGL-disagg\.trace-work\android-retrace-fixture\minecraft-1.21.4-fabric-iris-derivative-main-d24.4.14-in-world\trace.trace: 1 file pushed, 0 skipped. 35.6 MB/s (30008874 bytes in 0.805s)
C:\Users\geekerwan\AndroidStudioProjects\FoldCraftLauncher\MobileGL-disagg\tools\trace_replay\fixtures\minecraft-1.21.4-fabric-iris-derivative-main-d24.4.14-in-world.0000145353.png: 1 file pushed, 0 skipped. 43.4 MB/s (713152 bytes in 0.016s)
C:\Users\geekerwan\AndroidStudioProjects\FoldCraftLauncher\MobileGL-disagg\tools\trace_replay\fixtures\minecraft-1.21.4-fabric-iris-derivative-main-d24.4.14-in-world.0000145353-android-angle.png: 1 file pushed, 0 skipped. 26.3 MB/s (750528 bytes in 0.027s)
Starting: Intent { act=top.mobilegl.plugin.TRACE_REPLAY cmp=top.mobilegl.plugin.p7w1.trace/top.mobilegl.plugin.trace.TraceReplayActivity (has extras) }
{
  "passed": true,
  "statusCode": 0,
  "message": "retrace completed; ssim=0.996791, ssimThreshold=0.990000, mismatchPixels=397118, matchedGoldenPath=/data/user/0/top.mobilegl.plugin.p7w1.trace/files/trace-replay/input/golden.png",
  "tracePath": "/data/user/0/top.mobilegl.plugin.p7w1.trace/files/trace-replay/input/trace.trace",
  "goldenPath": "/data/user/0/top.mobilegl.plugin.p7w1.trace/files/trace-replay/input/golden.png",
  "alternateGoldenPaths": ["/data/user/0/top.mobilegl.plugin.p7w1.trace/files/trace-replay/input/alternate-golden.png"],
  "matchedGoldenPath": "/data/user/0/top.mobilegl.plugin.p7w1.trace/files/trace-replay/input/golden.png",
  "actualPath": "/data/user/0/top.mobilegl.plugin.p7w1.trace/files/trace-replay/output/actual.png",
  "diffPath": "/data/user/0/top.mobilegl.plugin.p7w1.trace/files/trace-replay/output/minecraft-1.21.4-fabric-iris-derivative-main-d24.4.14-in-world-diff.png",
  "backend": "DirectVulkan",
  "angleVariant": "",
  "targetFrame": -1,
  "targetCall": 145353,
  "width": 854,
  "height": 480,
  "cropX": 0,
  "cropY": 0,
  "cropWidth": 0,
  "cropHeight": 0,
  "ssim": 0.996790729,
  "ssimThreshold": 0.990000000,
  "useAngle": false,
  "usePbuffer": true,
  "avoidAngleLlvmpipeSamplerMipmapMinFilter": false,
  "avoidAngleLlvmpipeExplicitLodBias": false,
  "fixIterationRPSubgroupScratch": false,
  "deriveNumSubgroups": false,
  "iterationRPFixBarrier": false,
  "holdMs": 0,
  "mismatchPixels": 397118
}
Android retrace: real inproc transport, strict role state and zero Fatal records confirmed
archived repeat 1 to .trace-work\p7w4\matrix-inproc\minecraft-1.21.4-fabric-iris-derivative-main-d24.4.14-in-world-DirectVulkan\repeat-01
C:\Users\geekerwan\AndroidStudioProjects\FoldCraftLauncher\MobileGL-disagg\.trace-work\android-retrace-summary\mobilegl-android-retrace-overview.html
=== Android retrace: minecraft-1.21.1-neoforge-create-indirect-in-world / DirectVulkan (repeat 1/1) ===
C:\Users\geekerwan\AndroidStudioProjects\FoldCraftLauncher\MobileGL-disagg\.trace-work\android-retrace-fixture\minecraft-1.21.1-neoforge-create-indirect-in-world\trace.trace: 1 file pushed, 0 skipped. 19.1 MB/s (7392453 bytes in 0.369s)
C:\Users\geekerwan\AndroidStudioProjects\FoldCraftLauncher\MobileGL-disagg\tools\trace_replay\fixtures\minecraft-1.21.1-neoforge-create-indirect-in-world.0000504631.png: 1 file pushed, 0 skipped. 10.0 MB/s (280527 bytes in 0.027s)
Starting: Intent { act=top.mobilegl.plugin.TRACE_REPLAY cmp=top.mobilegl.plugin.p7w1.trace/top.mobilegl.plugin.trace.TraceReplayActivity (has extras) }
{
  "passed": false,
  "statusCode": 6,
  "message": "retrace completed; ssim=0.832130, ssimThreshold=0.990000, mismatchPixels=111836, matchedGoldenPath=/data/user/0/top.mobilegl.plugin.p7w1.trace/files/trace-replay/input/golden.png",
  "tracePath": "/data/user/0/top.mobilegl.plugin.p7w1.trace/files/trace-replay/input/trace.trace",
  "goldenPath": "/data/user/0/top.mobilegl.plugin.p7w1.trace/files/trace-replay/input/golden.png",
  "alternateGoldenPaths": [],
  "matchedGoldenPath": "/data/user/0/top.mobilegl.plugin.p7w1.trace/files/trace-replay/input/golden.png",
  "actualPath": "/data/user/0/top.mobilegl.plugin.p7w1.trace/files/trace-replay/output/actual.png",
  "diffPath": "/data/user/0/top.mobilegl.plugin.p7w1.trace/files/trace-replay/output/minecraft-1.21.1-neoforge-create-indirect-in-world-diff.png",
  "backend": "DirectVulkan",
  "angleVariant": "",
  "targetFrame": -1,
  "targetCall": 504631,
  "width": 854,
  "height": 480,
  "cropX": 0,
  "cropY": 0,
  "cropWidth": 0,
  "cropHeight": 0,
  "ssim": 0.832130088,
  "ssimThreshold": 0.990000000,
  "useAngle": false,
  "usePbuffer": true,
  "avoidAngleLlvmpipeSamplerMipmapMinFilter": false,
  "avoidAngleLlvmpipeExplicitLodBias": false,
  "fixIterationRPSubgroupScratch": false,
  "deriveNumSubgroups": false,
  "iterationRPFixBarrier": false,
  "holdMs": 0,
  "mismatchPixels": 111836
}
trace-replay-ci.sh: tail of retrace.log:
/opt/Java/jdk-21/bin/java
trace-replay-ci.sh: tail of mobilegl.log:
[05:17:58] [Android mgl-srv-apply/INFO]:     VK_KHR_calibrated_timestamps (r.1)
[05:17:58] [Android mgl-srv-apply/INFO]:     VK_KHR_external_memory_fd (r.1)
[05:17:58] [Android mgl-srv-apply/INFO]:     VK_QCOM_render_pass_shader_resolve (r.4)
[05:17:58] [Android mgl-srv-apply/INFO]:     VK_KHR_maintenance1 (r.2)
[05:17:58] [Android mgl-srv-apply/INFO]:     VK_KHR_maintenance2 (r.1)
[05:17:58] [Android mgl-srv-apply/INFO]:     VK_KHR_maintenance3 (r.1)
[05:17:58] [Android mgl-srv-apply/INFO]:     VK_KHR_maintenance4 (r.2)
[05:17:58] [Android mgl-srv-apply/INFO]:     VK_KHR_maintenance5 (r.1)
[05:17:58] [Android mgl-srv-apply/INFO]:     VK_KHR_maintenance6 (r.1)
[05:17:58] [Android mgl-srv-apply/INFO]:     VK_KHR_separate_depth_stencil_layouts (r.1)
[05:17:58] [Android mgl-srv-apply/INFO]:     VK_EXT_image_robustness (r.1)
[05:17:58] [Android mgl-srv-apply/INFO]:     VK_EXT_calibrated_timestamps (r.2)
[05:17:58] [Android mgl-srv-apply/INFO]:     VK_KHR_buffer_device_address (r.1)
[05:17:58] [Android mgl-srv-apply/INFO]:     VK_EXT_extended_dynamic_state (r.1)
[05:17:58] [Android mgl-srv-apply/INFO]:     VK_EXT_queue_family_foreign (r.1)
[05:17:58] [Android mgl-srv-apply/INFO]:     VK_KHR_shader_quad_control (r.1)
[05:17:58] [Android mgl-srv-apply/INFO]:     VK_EXT_image_view_min_lod (r.1)
[05:17:58] [Android mgl-srv-apply/INFO]:     VK_ANDROID_external_format_resolve (r.1)
[05:17:58] [Android mgl-srv-apply/INFO]:     VK_QCOM_ycbcr_degamma (r.1)
[05:17:58] [Android mgl-srv-apply/INFO]:     VK_KHR_bind_memory2 (r.1)
[05:17:58] [Android mgl-srv-apply/INFO]:     VK_EXT_pipeline_protected_access (r.1)
[05:17:58] [Android mgl-srv-apply/INFO]:     VK_KHR_external_semaphore (r.1)
[05:17:58] [Android mgl-srv-apply/INFO]:     VK_KHR_shader_terminate_invocation (r.1)
[05:17:58] [Android mgl-srv-apply/INFO]:     VK_QCOM_fragment_density_map_offset (r.2)
[05:17:58] [Android mgl-srv-apply/INFO]:     VK_EXT_scalar_block_layout (r.1)
[05:17:58] [Android mgl-srv-apply/INFO]:     VK_KHR_map_memory2 (r.1)
[05:17:58] [Android mgl-srv-apply/INFO]:     VK_EXT_load_store_op_none (r.1)
[05:17:58] [Android mgl-srv-apply/INFO]:     VK_KHR_load_store_op_none (r.1)
[05:17:58] [Android mgl-srv-apply/INFO]:     VK_KHR_shader_maximal_reconvergence (r.1)
[05:17:58] [Android mgl-srv-apply/INFO]:     VK_KHR_sampler_ycbcr_conversion (r.14)
[05:17:58] [Android mgl-srv-apply/INFO]:     VK_EXT_vertex_attribute_divisor (r.3)
[05:17:58] [Android mgl-srv-apply/INFO]:     VK_KHR_variable_pointers (r.1)
[05:17:58] [Android mgl-srv-apply/INFO]:     VK_QCOM_multiview_per_view_viewports (r.1)
[05:17:58] [Android mgl-srv-apply/INFO]:     VK_KHR_ray_query (r.1)
[05:17:58] [Android mgl-srv-apply/INFO]:     VK_EXT_primitives_generated_query (r.1)
[05:17:58] [Android mgl-srv-apply/INFO]:     VK_KHR_push_descriptor (r.2)
[05:17:58] [Android mgl-srv-apply/INFO]:     VK_KHR_timeline_semaphore (r.2)
[05:17:58] [Android mgl-srv-apply/INFO]:     VK_EXT_device_memory_report (r.2)
[05:17:58] [Android mgl-srv-apply/INFO]:     VK_KHR_shader_subgroup_rotate (r.2)
[05:17:58] [Android mgl-srv-apply/INFO]:     VK_KHR_imageless_framebuffer (r.1)
[05:17:58] [Android mgl-srv-apply/INFO]:     VK_KHR_device_group (r.4)
[05:17:58] [Android mgl-srv-apply/INFO]:     VK_EXT_device_fault (r.2)
[05:17:58] [Android mgl-srv-apply/INFO]:     VK_KHR_relaxed_block_layout (r.1)
[05:17:58] [Android mgl-srv-apply/INFO]:     VK_KHR_shader_expect_assume (r.1)
[05:17:58] [Android mgl-srv-apply/INFO]:     VK_KHR_shader_atomic_int64 (r.1)
[05:17:58] [Android mgl-srv-apply/INFO]:     VK_KHR_external_fence (r.1)
[05:17:58] [Android mgl-srv-apply/INFO]:     VK_KHR_shader_non_semantic_info (r.1)
[05:17:58] [Android mgl-srv-apply/INFO]:     VK_EXT_shader_atomic_float (r.1)
[05:17:58] [Android mgl-srv-apply/INFO]:     VK_EXT_custom_border_color (r.12)
[05:17:58] [Android mgl-srv-apply/INFO]:     VK_EXT_host_query_reset (r.1)
[05:17:58] [Android mgl-srv-apply/INFO]:     VK_EXT_index_type_uint8 (r.1)
[05:17:58] [Android mgl-srv-apply/INFO]:     VK_KHR_multiview (r.1)
[05:17:58] [Android mgl-srv-apply/INFO]:     VK_KHR_storage_buffer_storage_class (r.1)
[05:17:58] [Android mgl-srv-apply/INFO]:     VK_EXT_fragment_density_map2 (r.1)
[05:17:58] [Android mgl-srv-apply/INFO]:     VK_QCOM_filter_cubic_weights (r.1)
[05:17:58] [Android mgl-srv-apply/INFO]:     VK_KHR_workgroup_memory_explicit_layout (r.1)
[05:17:58] [Android mgl-srv-apply/INFO]:     VK_QCOM_rotated_copy_commands (r.2)
[05:17:58] [Android mgl-srv-apply/INFO]:     VK_KHR_shader_subgroup_extended_types (r.1)
[05:17:58] [Android mgl-srv-apply/INFO]:     VK_EXT_external_memory_acquire_unmodified (r.1)
[05:17:58] [Android mgl-srv-apply/INFO]:     VK_EXT_private_data (r.1)
[05:17:58] [Android mgl-srv-apply/INFO]:     VK_EXT_descriptor_buffer (r.1)
[05:17:58] [Android mgl-srv-apply/INFO]:     VK_EXT_conditional_rendering (r.2)
[05:17:58] [Android mgl-srv-apply/INFO]:     VK_EXT_mutable_descriptor_type (r.1)
[05:17:58] [Android mgl-srv-apply/INFO]:     VK_EXT_pipeline_creation_cache_control (r.3)
[05:17:58] [Android mgl-srv-apply/INFO]:     VK_EXT_robustness2 (r.1)
[05:17:58] [Android mgl-srv-apply/INFO]:     VK_KHR_shader_clock (r.1)
[05:17:58] [Android mgl-srv-apply/INFO]:     VK_EXT_shader_module_identifier (r.1)
[05:17:58] [Android mgl-srv-apply/INFO]:     VK_KHR_vertex_attribute_divisor (r.1)
[05:17:58] [Android mgl-srv-apply/INFO]:     VK_EXT_global_priority_query (r.1)
[05:17:58] [Android mgl-srv-apply/INFO]:     VK_EXT_separate_stencil_usage (r.1)
[05:17:58] [Android mgl-srv-apply/INFO]:     VK_EXT_border_color_swizzle (r.1)
[05:17:58] [Android mgl-srv-apply/INFO]:     VK_EXT_vertex_input_dynamic_state (r.2)
[05:17:58] [Android mgl-srv-apply/INFO]:     VK_IMG_filter_cubic (r.1)
[05:17:58] [Android mgl-srv-apply/INFO]:     VK_EXT_filter_cubic (r.3)
[05:17:58] [Android mgl-srv-apply/INFO]:     VK_EXT_shader_subgroup_vote (r.1)
[05:17:58] [Android mgl-srv-apply/INFO]:     VK_EXT_device_address_binding_report (r.1)
[05:17:58] [Android mgl-srv-apply/INFO]:     VK_NV_optical_flow (r.1)
[05:17:58] [Android mgl-srv-apply/INFO]:     VK_QCOM_tile_properties (r.1)
[05:17:58] [Android mgl-srv-apply/INFO]:     VK_KHR_image_format_list (r.1)
[05:17:58] [Android mgl-srv-apply/INFO]:     VK_EXT_sampler_filter_minmax (r.2)
[05:17:58] [Android mgl-srv-apply/INFO]:     VK_KHR_16bit_storage (r.1)
[05:17:58] [Android mgl-srv-apply/INFO]:     VK_EXT_shader_viewport_index_layer (r.1)
[05:17:58] [Android mgl-srv-apply/INFO]:     VK_KHR_pipeline_executable_properties (r.1)
[05:17:58] [Android mgl-srv-apply/INFO]:     VK_EXT_shader_demote_to_helper_invocation (r.1)
[05:17:58] [Android mgl-srv-apply/INFO]:     VK_EXT_color_write_enable (r.1)
[05:17:58] [Android mgl-srv-apply/INFO]:     VK_KHR_dynamic_rendering_local_read (r.1)
[05:17:58] [Android mgl-srv-apply/INFO]:     VK_QCOM_render_pass_transform (r.4)
[05:17:58] [Android mgl-srv-apply/INFO]:     VK_KHR_create_renderpass2 (r.1)
[05:17:58] [Android mgl-srv-apply/INFO]:     VK_EXT_shader_image_atomic_int64 (r.1)
[05:17:58] [Android mgl-srv-apply/INFO]:     VK_KHR_acceleration_structure (r.13)
[05:17:58] [Android mgl-srv-apply/INFO]:     VK_EXT_depth_clip_control (r.1)
[05:17:58] [Android mgl-srv-apply/INFO]:     VK_EXT_transform_feedback (r.1)
[05:17:58] [Android mgl-srv-apply/INFO]:     VK_EXT_blend_operation_advanced (r.2)
[05:17:58] [Android mgl-srv-apply/INFO]:     VK_EXT_provoking_vertex (r.1)
[05:17:58] [Android mgl-srv-apply/INFO]:     VK_KHR_8bit_storage (r.1)
[05:17:58] [Android mgl-srv-apply/INFO]:     VK_QCOM_multiview_per_view_render_areas (r.1)
[05:17:58] [Android mgl-srv-apply/INFO]:     VK_EXT_inline_uniform_block (r.1)
[05:17:58] [Android mgl-srv-apply/INFO]:     VK_EXT_shader_subgroup_ballot (r.1)
[05:17:58] [Android mgl-srv-apply/INFO]:     VK_KHR_depth_stencil_resolve (r.1)
[05:17:58] [Android mgl-srv-apply/INFO]:     VK_KHR_shader_float_controls (r.4)
[05:17:58] [Android mgl-srv-apply/INFO]:     VK_EXT_texture_compression_astc_hdr (r.1)
[05:17:58] [Android mgl-srv-apply/INFO]:     VK_EXT_global_priority (r.2)
[05:17:58] [Android mgl-srv-apply/INFO]:     VK_EXT_4444_formats (r.1)
[05:17:58] [Android mgl-srv-apply/INFO]:     VK_KHR_shader_draw_parameters (r.1)
[05:17:58] [Android mgl-srv-apply/INFO]:     VK_KHR_vulkan_memory_model (r.3)
[05:17:58] [Android mgl-srv-apply/INFO]:     VK_EXT_descriptor_indexing (r.2)
[05:17:58] [Android mgl-srv-apply/INFO]:     VK_EXT_depth_clip_enable (r.1)
[05:17:58] [Android mgl-srv-apply/INFO]:     VK_KHR_synchronization2 (r.1)
[05:17:58] [Android mgl-srv-apply/INFO]:     VK_KHR_shader_integer_dot_product (r.1)
[05:17:58] [Android mgl-srv-apply/INFO]:     VK_EXT_line_rasterization (r.1)
[05:17:58] [Android mgl-srv-apply/INFO]:     VK_KHR_line_rasterization (r.1)
[05:17:58] [Android mgl-srv-apply/INFO]:     VK_QCOM_image_processing (r.1)
[05:17:58] [Android mgl-srv-apply/INFO]:     VK_KHR_shader_float_controls2 (r.1)
[05:17:58] [Android mgl-srv-apply/INFO]:     VK_KHR_fragment_shading_rate (r.2)
[05:17:58] [Android mgl-srv-apply/INFO]:     VK_KHR_descriptor_update_template (r.1)
[05:17:58] [Android mgl-srv-apply/INFO]:     VK_KHR_draw_indirect_count (r.1)
[05:17:58] [Android mgl-srv-apply/INFO]:     VK_KHR_driver_properties (r.1)
[05:17:58] [Android mgl-srv-apply/INFO]:     VK_KHR_ray_tracing_position_fetch (r.1)
[05:17:58] [Android mgl-srv-apply/INFO]:     VK_KHR_dynamic_rendering (r.1)
[05:17:58] [Android mgl-srv-apply/INFO]:     VK_KHR_zero_initialize_workgroup_memory (r.1)
[05:17:58] [Android mgl-srv-apply/INFO]:     VK_KHR_uniform_buffer_standard_layout (r.1)
[05:17:58] [Android mgl-srv-apply/INFO]:     VK_EXT_depth_clamp_zero_one (r.1)
[05:17:58] [Android mgl-srv-apply/INFO]:     VK_ANDROID_external_memory_android_hardware_buffer (r.5)
[05:17:58] [Android mgl-srv-apply/INFO]:     VK_EXT_image_2d_view_of_3d (r.1)
[05:17:58] [Android mgl-srv-apply/INFO]:     VK_EXT_extended_dynamic_state2 (r.1)
[05:17:58] [Android mgl-srv-apply/INFO]:     VK_KHR_dedicated_allocation (r.3)
[05:17:58] [Android mgl-srv-apply/INFO]:     VK_EXT_texel_buffer_alignment (r.1)
[05:17:58] [Android mgl-srv-apply/INFO]:     VK_EXT_primitive_topology_list_restart (r.1)
[05:17:58] [Android mgl-srv-apply/INFO]:     VK_EXT_rasterization_order_attachment_access (r.1)
[05:17:58] [Android mgl-srv-apply/INFO]:     VK_KHR_shader_subgroup_uniform_control_flow (r.1)
[05:17:58] [Android mgl-srv-apply/INFO]:     VK_EXT_tooling_info (r.1)
[05:17:58] [Android mgl-srv-apply/INFO]:     VK_KHR_format_feature_flags2 (r.2)
[05:17:58] [Android mgl-srv-apply/INFO]:     VK_KHR_global_priority (r.1)
[05:17:58] [Android mgl-srv-apply/INFO]:     VK_EXT_sample_locations (r.1)
[05:17:58] [Android mgl-srv-apply/INFO]:     VK_EXT_multi_draw (r.1)
[05:17:58] [Android mgl-srv-apply/INFO]:     VK_KHR_swapchain (r.70)
[05:17:58] [Android mgl-srv-apply/INFO]:     VK_KHR_sampler_mirror_clamp_to_edge (r.3)
[05:17:58] [Android mgl-srv-apply/INFO]:     VK_QCOM_image_processing2 (r.1)
[05:17:58] [Android mgl-srv-apply/INFO]:     VK_KHR_external_fence_fd (r.1)
[05:17:58] [Android mgl-srv-apply/INFO]: Required extension found: VK_KHR_swapchain
[05:17:58] [Android mgl-srv-apply/INFO]:     Picked physical device. (Reason: First suitable device)
[05:17:58] [Android mgl-srv-apply/INFO]: Picked physical device 0.
[05:17:58] [Android mgl-srv-apply/INFO]: Vulkan: multiViewport enabled; rasterizable viewports=16 (device limit 16, GL state width 16)
[05:17:58] [Android mgl-srv-apply/INFO]: Enabled optional device extension: VK_KHR_draw_indirect_count
[05:17:58] [Android mgl-srv-apply/INFO]: Enabled optional device extension: VK_KHR_shader_draw_parameters
[05:17:58] [Android mgl-srv-apply/INFO]: VK_KHR_image_format_list enabled: true
[05:17:58] [Android mgl-srv-apply/INFO]: VK_KHR_draw_indirect_count enabled: true
[05:17:58] [Android mgl-srv-apply/INFO]: Enabled optional device extension: VK_KHR_create_renderpass2
[05:17:58] [Android mgl-srv-apply/INFO]: Enabled optional device extension: VK_KHR_depth_stencil_resolve
[05:17:58] [Android mgl-srv-apply/INFO]: Vulkan: update-after-bind descriptor layouts enabled
[05:17:58] [Android mgl-srv-apply/INFO]: Enabled optional device extension: VK_KHR_index_type_uint8
[05:17:58] [Android mgl-srv-apply/INFO]: Enabled optional device extension: VK_EXT_primitive_topology_list_restart
[05:17:58] [Android mgl-srv-apply/INFO]: Enabled optional device extension: VK_EXT_custom_border_color (maxCustomBorderColorSamplers=4000)
[05:17:58] [Android mgl-srv-apply/INFO]: Enabled optional device extension: VK_EXT_subgroup_size_control (computeFullSubgroups)
[05:17:58] [Android mgl-srv-apply/INFO]: Enabled optional device extension: VK_EXT_transform_feedback
[05:17:58] [Android mgl-srv-apply/INFO]: Enabled optional device extension: VK_EXT_provoking_vertex (transformFeedbackPreservesProvokingVertex=false)
[05:17:58] [Android mgl-srv-apply/INFO]: Enabled optional device extension: VK_EXT_vertex_attribute_divisor
[05:17:58] [Android mgl-srv-apply/INFO]: Enabled optional device extension: VK_EXT_multi_draw (maxMultiDrawCount=1024)
[05:17:58] [Android mgl-srv-apply/INFO]: Device feature support: robustBufferAccess=true geometryShader=true independentBlend=true logicOp=true shaderClipDistance=true shaderCullDistance=true wideLines=true shaderInt64=true vertexStoresAtomics=true fragmentStoresAtomics=true storageImageExtendedFormats=true storageImageReadWithoutFormat=true storageImageWriteWithoutFormat=true drawIndirectFirstInstance=true multiDrawIndirect=true
[05:17:58] [Android mgl-srv-apply/INFO]: Device feature enabled: robustBufferAccess=true geometryShader=true independentBlend=true logicOp=true shaderClipDistance=true shaderCullDistance=true wideLines=true shaderInt64=true vertexStoresAtomics=true fragmentStoresAtomics=true storageImageExtendedFormats=true storageImageReadWithoutFormat=true storageImageWriteWithoutFormat=true drawIndirectFirstInstance=true multiDrawIndirect=true shaderDrawParameters=true
[05:17:58] [Android mgl-srv-apply/INFO]: Multi-draw dispatch tier: ext (VK_EXT_multi_draw=true, multiDrawIndirect=true, mode=auto)
[05:17:58] [Android mgl-srv-apply/INFO]: index type uint8 enabled: true
[05:17:58] [Android mgl-srv-apply/INFO]: Logical device created.
[05:17:58] [Android mgl-srv-apply/INFO]: Queues got successfully.
[05:17:58] [Android mgl-srv-apply/INFO]: Timer queries supported (timestampValidBits=48, timestampPeriod=52.083332 ns/tick)
[05:17:58] [Android mgl-srv-apply/INFO]: PRIMITIVES_GENERATED probe triangles: drawn=1 stream=0/1 pgq=0(0) stat=1(1)
[05:17:58] [Android mgl-srv-apply/INFO]: PRIMITIVES_GENERATED probe triangles+discard: drawn=1 stream=0/1 pgq=0(0) stat=0(1)
[05:17:58] [Android mgl-srv-apply/INFO]: PRIMITIVES_GENERATED probe patches+discard: drawn=1 stream=0/1 pgq=0(0) stat=0(1)
[05:17:58] [Android mgl-srv-apply/INFO]: PRIMITIVES_GENERATED for XFB-inactive draws will accumulate through a clipping-invocations pipeline-statistics pool
[05:17:58] [Android mgl-srv-apply/INFO]: Command pool created
[05:17:58] [Android mgl-srv-apply/INFO]: MaxFramesInFlight: configured request=3
[05:17:58] [Android mgl-srv-apply/INFO]: MaxFramesInFlight: using 3 (surface minImageCount=11, maxImageCount=64)
[05:17:58] [Android mgl-srv-apply/INFO]: CreateFrameContexts completed
[05:17:58] [Android mgl-srv-apply/INFO]: DirectVulkan: using 256 program descriptor bindings
[05:17:58] [Android mgl-srv-apply/INFO]: Got 5 surface formats:
[05:17:58] [Android mgl-srv-apply/INFO]: Picked surface format: [VK_FORMAT_R8G8B8A8_UNORM, VK_COLOR_SPACE_SRGB_NONLINEAR_KHR]
[05:17:58] [Android mgl-srv-apply/INFO]: Got 4 present modes:
[05:17:58] [Android mgl-srv-apply/INFO]: Picked present mode: VK_PRESENT_MODE_MAILBOX_KHR
[05:17:58] [Android mgl-srv-apply/INFO]: Set minImageCount = 11
[05:17:58] [Android mgl-srv-apply/INFO]: Swapchain currentTransform = VK_SURFACE_TRANSFORM_IDENTITY_BIT_KHR
[05:17:58] [Android mgl-srv-apply/INFO]: Swapchain imageUsage = 0x13 (supportedUsageFlags = 0x9f)
[05:17:58] [Android mgl-srv-apply/INFO]: Set swapchain preTransform = VK_SURFACE_TRANSFORM_IDENTITY_BIT_KHR
[05:17:58] [Android mgl-srv-apply/INFO]: Swapchain image views created
[05:17:58] [Android mgl-srv-apply/INFO]: Swapchain created, extent = 854x480, swapchain imageCount = 11
[05:17:58] [Android mgl-srv-apply/INFO]: DirectVulkan: suppressing depth writes on accumulation-blended pipelines (driver lacks cross-pipeline position invariance)
[05:17:58] [Android mgl-srv-apply/INFO]: Vulkan shader subgroup support: detected=true advertised=true size=64 stages=0x30 operations=0x2bf
[05:17:58] [Android mgl-srv-apply/INFO]: DirectVulkan: clamped GL_MAX_COMPUTE_SHADER_STORAGE_BLOCKS from 16777216 to 256
[05:17:58] [Android mgl-srv-apply/INFO]: DirectVulkan: clamped GL_MAX_COMBINED_SHADER_STORAGE_BLOCKS from 16777216 to 256
[05:17:58] [Android mgl-srv-apply/INFO]: DirectVulkan: clamped GL_MAX_COMPUTE_UNIFORM_BLOCKS from 16777216 to 256
[05:17:58] [Android mgl-srv-apply/INFO]: DirectVulkan: clamped GL_MAX_SHADER_STORAGE_BUFFER_BINDINGS from 16777216 to 256
[05:17:58] [Android mgl-srv-apply/INFO]: DirectVulkan: clamped GL_MAX_UNIFORM_BUFFER_BINDINGS from 16777216 to 256
[05:17:58] [Android mgl-srv-apply/INFO]: DirectVulkan: clamped GL_MAX_SHADER_STORAGE_BLOCK_SIZE from 2147483647 to 536870912
[05:17:58] [Android mgl-srv-apply/INFO]: Vulkan shader subgroup support: detected=true advertised=true size=64 stages=0x30 operations=0x2bf
[05:17:58] [Android mgl-srv-apply/INFO]: DirectVulkan: clamped GL_MAX_COMPUTE_SHADER_STORAGE_BLOCKS from 16777216 to 256
[05:17:58] [Android mgl-srv-apply/INFO]: DirectVulkan: clamped GL_MAX_COMBINED_SHADER_STORAGE_BLOCKS from 16777216 to 256
[05:17:58] [Android mgl-srv-apply/INFO]: DirectVulkan: clamped GL_MAX_COMPUTE_UNIFORM_BLOCKS from 16777216 to 256
[05:17:58] [Android mgl-srv-apply/INFO]: DirectVulkan: clamped GL_MAX_SHADER_STORAGE_BUFFER_BINDINGS from 16777216 to 256
[05:17:58] [Android mgl-srv-apply/INFO]: DirectVulkan: clamped GL_MAX_UNIFORM_BUFFER_BINDINGS from 16777216 to 256
[05:17:58] [Android mgl-srv-apply/INFO]: DirectVulkan: clamped GL_MAX_SHADER_STORAGE_BLOCK_SIZE from 2147483647 to 536870912
[05:17:59] [Android mgl-srv-apply/WARN]: GetOrCreatePipeline: patching vertex input location=3 format=82 -> 80 to match shader input type=35664 for program=15
trace replay failed: {'passed': False, 'statusCode': 6, 'message': 'retrace completed; ssim=0.832130, ssimThreshold=0.990000, mismatchPixels=111836, matchedGoldenPath=/data/user/0/top.mobilegl.plugin.p7w1.trace/files/trace-replay/input/golden.png', 'tracePath': '/data/user/0/top.mobilegl.plugin.p7w1.trace/files/trace-replay/input/trace.trace', 'goldenPath': '/data/user/0/top.mobilegl.plugin.p7w1.trace/files/trace-replay/input/golden.png', 'alternateGoldenPaths': [], 'matchedGoldenPath': '/data/user/0/top.mobilegl.plugin.p7w1.trace/files/trace-replay/input/golden.png', 'actualPath': '/data/user/0/top.mobilegl.plugin.p7w1.trace/files/trace-replay/output/actual.png', 'diffPath': '/data/user/0/top.mobilegl.plugin.p7w1.trace/files/trace-replay/output/minecraft-1.21.1-neoforge-create-indirect-in-world-diff.png', 'backend': 'DirectVulkan', 'angleVariant': '', 'targetFrame': -1, 'targetCall': 504631, 'width': 854, 'height': 480, 'cropX': 0, 'cropY': 0, 'cropWidth': 0, 'cropHeight': 0, 'ssim': 0.832130088, 'ssimThreshold': 0.99, 'useAngle': False, 'usePbuffer': True, 'avoidAngleLlvmpipeSamplerMipmapMinFilter': False, 'avoidAngleLlvmpipeExplicitLodBias': False, 'fixIterationRPSubgroupScratch': False, 'deriveNumSubgroups': False, 'iterationRPFixBarrier': False, 'holdMs': 0, 'mismatchPixels': 111836}
archived repeat 1 to .trace-work\p7w4\matrix-inproc\minecraft-1.21.1-neoforge-create-indirect-in-world-DirectVulkan\repeat-01
C:\Users\geekerwan\AndroidStudioProjects\FoldCraftLauncher\MobileGL-disagg\.trace-work\android-retrace-summary\mobilegl-android-retrace-overview.html
=== Android retrace: minecraft-1.21.1-neoforge-create-instancing-in-world / DirectVulkan (repeat 1/1) ===
C:\Users\geekerwan\AndroidStudioProjects\FoldCraftLauncher\MobileGL-disagg\.trace-work\android-retrace-fixture\minecraft-1.21.1-neoforge-create-instancing-in-world\trace.trace: 1 file pushed, 0 skipped. 18.7 MB/s (7713946 bytes in 0.393s)
C:\Users\geekerwan\AndroidStudioProjects\FoldCraftLauncher\MobileGL-disagg\tools\trace_replay\fixtures\minecraft-1.21.1-neoforge-create-instancing-in-world.0000530333.png: 1 file pushed, 0 skipped. 7.0 MB/s (280621 bytes in 0.038s)
Starting: Intent { act=top.mobilegl.plugin.TRACE_REPLAY cmp=top.mobilegl.plugin.p7w1.trace/top.mobilegl.plugin.trace.TraceReplayActivity (has extras) }
{
  "passed": true,
  "statusCode": 0,
  "message": "retrace completed; ssim=0.999984, ssimThreshold=0.990000, mismatchPixels=49028, matchedGoldenPath=/data/user/0/top.mobilegl.plugin.p7w1.trace/files/trace-replay/input/golden.png",
  "tracePath": "/data/user/0/top.mobilegl.plugin.p7w1.trace/files/trace-replay/input/trace.trace",
  "goldenPath": "/data/user/0/top.mobilegl.plugin.p7w1.trace/files/trace-replay/input/golden.png",
  "alternateGoldenPaths": [],
  "matchedGoldenPath": "/data/user/0/top.mobilegl.plugin.p7w1.trace/files/trace-replay/input/golden.png",
  "actualPath": "/data/user/0/top.mobilegl.plugin.p7w1.trace/files/trace-replay/output/actual.png",
  "diffPath": "/data/user/0/top.mobilegl.plugin.p7w1.trace/files/trace-replay/output/minecraft-1.21.1-neoforge-create-instancing-in-world-diff.png",
  "backend": "DirectVulkan",
  "angleVariant": "",
  "targetFrame": -1,
  "targetCall": 530333,
  "width": 854,
  "height": 480,
  "cropX": 0,
  "cropY": 0,
  "cropWidth": 0,
  "cropHeight": 0,
  "ssim": 0.999983621,
  "ssimThreshold": 0.990000000,
  "useAngle": false,
  "usePbuffer": true,
  "avoidAngleLlvmpipeSamplerMipmapMinFilter": false,
  "avoidAngleLlvmpipeExplicitLodBias": false,
  "fixIterationRPSubgroupScratch": false,
  "deriveNumSubgroups": false,
  "iterationRPFixBarrier": false,
  "holdMs": 0,
  "mismatchPixels": 49028
}
Android retrace: real inproc transport, strict role state and zero Fatal records confirmed
archived repeat 1 to .trace-work\p7w4\matrix-inproc\minecraft-1.21.1-neoforge-create-instancing-in-world-DirectVulkan\repeat-01
C:\Users\geekerwan\AndroidStudioProjects\FoldCraftLauncher\MobileGL-disagg\.trace-work\android-retrace-summary\mobilegl-android-retrace-overview.html
=== Android retrace: improved-transparency-minecraft-26.3 / DirectVulkan (repeat 1/1) ===
C:\Users\geekerwan\AndroidStudioProjects\FoldCraftLauncher\MobileGL-disagg\.trace-work\android-retrace-fixture\improved-transparency-minecraft-26.3\trace.trace: 1 file pushed, 0 skipped. 16.1 MB/s (14404890 bytes in 0.851s)
C:\Users\geekerwan\AndroidStudioProjects\FoldCraftLauncher\MobileGL-disagg\tools\trace_replay\fixtures\improved-transparency-minecraft-26.3.0002667619.png: 1 file pushed, 0 skipped. 10.7 MB/s (368306 bytes in 0.033s)
Starting: Intent { act=top.mobilegl.plugin.TRACE_REPLAY cmp=top.mobilegl.plugin.p7w1.trace/top.mobilegl.plugin.trace.TraceReplayActivity (has extras) }
{
  "passed": true,
  "statusCode": 0,
  "message": "retrace completed; ssim=0.999600, ssimThreshold=0.995000, mismatchPixels=73242, matchedGoldenPath=/data/user/0/top.mobilegl.plugin.p7w1.trace/files/trace-replay/input/golden.png",
  "tracePath": "/data/user/0/top.mobilegl.plugin.p7w1.trace/files/trace-replay/input/trace.trace",
  "goldenPath": "/data/user/0/top.mobilegl.plugin.p7w1.trace/files/trace-replay/input/golden.png",
  "alternateGoldenPaths": [],
  "matchedGoldenPath": "/data/user/0/top.mobilegl.plugin.p7w1.trace/files/trace-replay/input/golden.png",
  "actualPath": "/data/user/0/top.mobilegl.plugin.p7w1.trace/files/trace-replay/output/actual.png",
  "diffPath": "/data/user/0/top.mobilegl.plugin.p7w1.trace/files/trace-replay/output/improved-transparency-minecraft-26.3-diff.png",
  "backend": "DirectVulkan",
  "angleVariant": "",
  "targetFrame": -1,
  "targetCall": 2667619,
  "width": 854,
  "height": 480,
  "cropX": 0,
  "cropY": 0,
  "cropWidth": 0,
  "cropHeight": 0,
  "ssim": 0.999600026,
  "ssimThreshold": 0.995000000,
  "useAngle": false,
  "usePbuffer": true,
  "avoidAngleLlvmpipeSamplerMipmapMinFilter": false,
  "avoidAngleLlvmpipeExplicitLodBias": false,
  "fixIterationRPSubgroupScratch": false,
  "deriveNumSubgroups": false,
  "iterationRPFixBarrier": false,
  "holdMs": 0,
  "mismatchPixels": 73242
}
Android retrace: real inproc transport, strict role state and zero Fatal records confirmed
archived repeat 1 to .trace-work\p7w4\matrix-inproc\improved-transparency-minecraft-26.3-DirectVulkan\repeat-01
C:\Users\geekerwan\AndroidStudioProjects\FoldCraftLauncher\MobileGL-disagg\.trace-work\android-retrace-summary\mobilegl-android-retrace-overview.html
=== Android retrace: minecraft-1.21.4-fabric-iris-iterationrp-in-world / DirectVulkan (repeat 1/1) ===
C:\Users\geekerwan\AndroidStudioProjects\FoldCraftLauncher\MobileGL-disagg\.trace-work\android-retrace-fixture\minecraft-1.21.4-fabric-iris-iterationrp-in-world\trace.trace: 1 file pushed, 0 skipped. 16.5 MB/s (23003299 bytes in 1.330s)
C:\Users\geekerwan\AndroidStudioProjects\FoldCraftLauncher\MobileGL-disagg\tools\trace_replay\fixtures\minecraft-1.21.4-fabric-iris-iterationrp-in-world.0000202020.png: 1 file pushed, 0 skipped. 21.3 MB/s (603392 bytes in 0.027s)
Starting: Intent { act=top.mobilegl.plugin.TRACE_REPLAY cmp=top.mobilegl.plugin.p7w1.trace/top.mobilegl.plugin.trace.TraceReplayActivity (has extras) }
{
  "passed": true,
  "statusCode": 0,
  "message": "retrace completed; ssim=0.999258, ssimThreshold=0.980000, mismatchPixels=246544, matchedGoldenPath=/data/user/0/top.mobilegl.plugin.p7w1.trace/files/trace-replay/input/golden.png",
  "tracePath": "/data/user/0/top.mobilegl.plugin.p7w1.trace/files/trace-replay/input/trace.trace",
  "goldenPath": "/data/user/0/top.mobilegl.plugin.p7w1.trace/files/trace-replay/input/golden.png",
  "alternateGoldenPaths": [],
  "matchedGoldenPath": "/data/user/0/top.mobilegl.plugin.p7w1.trace/files/trace-replay/input/golden.png",
  "actualPath": "/data/user/0/top.mobilegl.plugin.p7w1.trace/files/trace-replay/output/actual.png",
  "diffPath": "/data/user/0/top.mobilegl.plugin.p7w1.trace/files/trace-replay/output/minecraft-1.21.4-fabric-iris-iterationrp-in-world-diff.png",
  "backend": "DirectVulkan",
  "angleVariant": "",
  "targetFrame": -1,
  "targetCall": 202020,
  "width": 854,
  "height": 480,
  "cropX": 0,
  "cropY": 0,
  "cropWidth": 0,
  "cropHeight": 0,
  "ssim": 0.999257641,
  "ssimThreshold": 0.980000000,
  "useAngle": false,
  "usePbuffer": true,
  "avoidAngleLlvmpipeSamplerMipmapMinFilter": false,
  "avoidAngleLlvmpipeExplicitLodBias": false,
  "fixIterationRPSubgroupScratch": false,
  "deriveNumSubgroups": false,
  "iterationRPFixBarrier": false,
  "holdMs": 0,
  "mismatchPixels": 246544
}
Android retrace: real inproc transport, strict role state and zero Fatal records confirmed
archived repeat 1 to .trace-work\p7w4\matrix-inproc\minecraft-1.21.4-fabric-iris-iterationrp-in-world-DirectVulkan\repeat-01
C:\Users\geekerwan\AndroidStudioProjects\FoldCraftLauncher\MobileGL-disagg\.trace-work\android-retrace-summary\mobilegl-android-retrace-overview.html
=== Android retrace: minecraft-1.21.4-fabric-iris-bsl-esc-menu-854 / DirectVulkan (repeat 1/1) ===
C:\Users\geekerwan\AndroidStudioProjects\FoldCraftLauncher\MobileGL-disagg\.trace-work\android-retrace-fixture\minecraft-1.21.4-fabric-iris-bsl-esc-menu-854\trace.trace: 1 file pushed, 0 skipped. 21.2 MB/s (7409935 bytes in 0.334s)
C:\Users\geekerwan\AndroidStudioProjects\FoldCraftLauncher\MobileGL-disagg\tools\trace_replay\fixtures\minecraft-1.21.4-fabric-iris-bsl-esc-menu-854.0001303534.png: 1 file pushed, 0 skipped. 23.4 MB/s (227372 bytes in 0.009s)
Starting: Intent { act=top.mobilegl.plugin.TRACE_REPLAY cmp=top.mobilegl.plugin.p7w1.trace/top.mobilegl.plugin.trace.TraceReplayActivity (has extras) }
trace-replay-ci.sh: app process exited before result.json was created
trace-replay-ci.sh: retrace.log:
/system/bin/app_process64
apitrace: warning: caught signal 11
724223: error: caught an unhandled exception
trace-replay-ci.sh: tail of mobilegl.log:
[05:19:01] [Android mgl-srv-apply/INFO]:     VK_KHR_maintenance1 (r.2)
[05:19:01] [Android mgl-srv-apply/INFO]:     VK_KHR_maintenance2 (r.1)
[05:19:01] [Android mgl-srv-apply/INFO]:     VK_KHR_maintenance3 (r.1)
[05:19:01] [Android mgl-srv-apply/INFO]:     VK_KHR_maintenance4 (r.2)
[05:19:01] [Android mgl-srv-apply/INFO]:     VK_KHR_maintenance5 (r.1)
[05:19:01] [Android mgl-srv-apply/INFO]:     VK_KHR_maintenance6 (r.1)
[05:19:01] [Android mgl-srv-apply/INFO]:     VK_KHR_separate_depth_stencil_layouts (r.1)
[05:19:01] [Android mgl-srv-apply/INFO]:     VK_EXT_image_robustness (r.1)
[05:19:01] [Android mgl-srv-apply/INFO]:     VK_EXT_calibrated_timestamps (r.2)
[05:19:01] [Android mgl-srv-apply/INFO]:     VK_KHR_buffer_device_address (r.1)
[05:19:01] [Android mgl-srv-apply/INFO]:     VK_EXT_extended_dynamic_state (r.1)
[05:19:01] [Android mgl-srv-apply/INFO]:     VK_EXT_queue_family_foreign (r.1)
[05:19:01] [Android mgl-srv-apply/INFO]:     VK_KHR_shader_quad_control (r.1)
[05:19:01] [Android mgl-srv-apply/INFO]:     VK_EXT_image_view_min_lod (r.1)
[05:19:01] [Android mgl-srv-apply/INFO]:     VK_ANDROID_external_format_resolve (r.1)
[05:19:01] [Android mgl-srv-apply/INFO]:     VK_QCOM_ycbcr_degamma (r.1)
[05:19:01] [Android mgl-srv-apply/INFO]:     VK_KHR_bind_memory2 (r.1)
[05:19:01] [Android mgl-srv-apply/INFO]:     VK_EXT_pipeline_protected_access (r.1)
[05:19:01] [Android mgl-srv-apply/INFO]:     VK_KHR_external_semaphore (r.1)
[05:19:01] [Android mgl-srv-apply/INFO]:     VK_KHR_shader_terminate_invocation (r.1)
[05:19:01] [Android mgl-srv-apply/INFO]:     VK_QCOM_fragment_density_map_offset (r.2)
[05:19:01] [Android mgl-srv-apply/INFO]:     VK_EXT_scalar_block_layout (r.1)
[05:19:01] [Android mgl-srv-apply/INFO]:     VK_KHR_map_memory2 (r.1)
[05:19:01] [Android mgl-srv-apply/INFO]:     VK_EXT_load_store_op_none (r.1)
[05:19:01] [Android mgl-srv-apply/INFO]:     VK_KHR_load_store_op_none (r.1)
[05:19:01] [Android mgl-srv-apply/INFO]:     VK_KHR_shader_maximal_reconvergence (r.1)
[05:19:01] [Android mgl-srv-apply/INFO]:     VK_KHR_sampler_ycbcr_conversion (r.14)
[05:19:01] [Android mgl-srv-apply/INFO]:     VK_EXT_vertex_attribute_divisor (r.3)
[05:19:01] [Android mgl-srv-apply/INFO]:     VK_KHR_variable_pointers (r.1)
[05:19:01] [Android mgl-srv-apply/INFO]:     VK_QCOM_multiview_per_view_viewports (r.1)
[05:19:01] [Android mgl-srv-apply/INFO]:     VK_KHR_ray_query (r.1)
[05:19:01] [Android mgl-srv-apply/INFO]:     VK_EXT_primitives_generated_query (r.1)
[05:19:01] [Android mgl-srv-apply/INFO]:     VK_KHR_push_descriptor (r.2)
[05:19:01] [Android mgl-srv-apply/INFO]:     VK_KHR_timeline_semaphore (r.2)
[05:19:01] [Android mgl-srv-apply/INFO]:     VK_EXT_device_memory_report (r.2)
[05:19:01] [Android mgl-srv-apply/INFO]:     VK_KHR_shader_subgroup_rotate (r.2)
[05:19:01] [Android mgl-srv-apply/INFO]:     VK_KHR_imageless_framebuffer (r.1)
[05:19:01] [Android mgl-srv-apply/INFO]:     VK_KHR_device_group (r.4)
[05:19:01] [Android mgl-srv-apply/INFO]:     VK_EXT_device_fault (r.2)
[05:19:01] [Android mgl-srv-apply/INFO]:     VK_KHR_relaxed_block_layout (r.1)
[05:19:01] [Android mgl-srv-apply/INFO]:     VK_KHR_shader_expect_assume (r.1)
[05:19:01] [Android mgl-srv-apply/INFO]:     VK_KHR_shader_atomic_int64 (r.1)
[05:19:01] [Android mgl-srv-apply/INFO]:     VK_KHR_external_fence (r.1)
[05:19:01] [Android mgl-srv-apply/INFO]:     VK_KHR_shader_non_semantic_info (r.1)
[05:19:01] [Android mgl-srv-apply/INFO]:     VK_EXT_shader_atomic_float (r.1)
[05:19:01] [Android mgl-srv-apply/INFO]:     VK_EXT_custom_border_color (r.12)
[05:19:01] [Android mgl-srv-apply/INFO]:     VK_EXT_host_query_reset (r.1)
[05:19:01] [Android mgl-srv-apply/INFO]:     VK_EXT_index_type_uint8 (r.1)
[05:19:01] [Android mgl-srv-apply/INFO]:     VK_KHR_multiview (r.1)
[05:19:01] [Android mgl-srv-apply/INFO]:     VK_KHR_storage_buffer_storage_class (r.1)
[05:19:01] [Android mgl-srv-apply/INFO]:     VK_EXT_fragment_density_map2 (r.1)
[05:19:01] [Android mgl-srv-apply/INFO]:     VK_QCOM_filter_cubic_weights (r.1)
[05:19:01] [Android mgl-srv-apply/INFO]:     VK_KHR_workgroup_memory_explicit_layout (r.1)
[05:19:01] [Android mgl-srv-apply/INFO]:     VK_QCOM_rotated_copy_commands (r.2)
[05:19:01] [Android mgl-srv-apply/INFO]:     VK_KHR_shader_subgroup_extended_types (r.1)
[05:19:01] [Android mgl-srv-apply/INFO]:     VK_EXT_external_memory_acquire_unmodified (r.1)
[05:19:01] [Android mgl-srv-apply/INFO]:     VK_EXT_private_data (r.1)
[05:19:01] [Android mgl-srv-apply/INFO]:     VK_EXT_descriptor_buffer (r.1)
[05:19:01] [Android mgl-srv-apply/INFO]:     VK_EXT_conditional_rendering (r.2)
[05:19:01] [Android mgl-srv-apply/INFO]:     VK_EXT_mutable_descriptor_type (r.1)
[05:19:01] [Android mgl-srv-apply/INFO]:     VK_EXT_pipeline_creation_cache_control (r.3)
[05:19:01] [Android mgl-srv-apply/INFO]:     VK_EXT_robustness2 (r.1)
[05:19:01] [Android mgl-srv-apply/INFO]:     VK_KHR_shader_clock (r.1)
[05:19:01] [Android mgl-srv-apply/INFO]:     VK_EXT_shader_module_identifier (r.1)
[05:19:01] [Android mgl-srv-apply/INFO]:     VK_KHR_vertex_attribute_divisor (r.1)
[05:19:01] [Android mgl-srv-apply/INFO]:     VK_EXT_global_priority_query (r.1)
[05:19:01] [Android mgl-srv-apply/INFO]:     VK_EXT_separate_stencil_usage (r.1)
[05:19:01] [Android mgl-srv-apply/INFO]:     VK_EXT_border_color_swizzle (r.1)
[05:19:01] [Android mgl-srv-apply/INFO]:     VK_EXT_vertex_input_dynamic_state (r.2)
[05:19:01] [Android mgl-srv-apply/INFO]:     VK_IMG_filter_cubic (r.1)
[05:19:01] [Android mgl-srv-apply/INFO]:     VK_EXT_filter_cubic (r.3)
[05:19:01] [Android mgl-srv-apply/INFO]:     VK_EXT_shader_subgroup_vote (r.1)
[05:19:01] [Android mgl-srv-apply/INFO]:     VK_EXT_device_address_binding_report (r.1)
[05:19:01] [Android mgl-srv-apply/INFO]:     VK_NV_optical_flow (r.1)
[05:19:01] [Android mgl-srv-apply/INFO]:     VK_QCOM_tile_properties (r.1)
[05:19:01] [Android mgl-srv-apply/INFO]:     VK_KHR_image_format_list (r.1)
[05:19:01] [Android mgl-srv-apply/INFO]:     VK_EXT_sampler_filter_minmax (r.2)
[05:19:01] [Android mgl-srv-apply/INFO]:     VK_KHR_16bit_storage (r.1)
[05:19:01] [Android mgl-srv-apply/INFO]:     VK_EXT_shader_viewport_index_layer (r.1)
[05:19:01] [Android mgl-srv-apply/INFO]:     VK_KHR_pipeline_executable_properties (r.1)
[05:19:01] [Android mgl-srv-apply/INFO]:     VK_EXT_shader_demote_to_helper_invocation (r.1)
[05:19:01] [Android mgl-srv-apply/INFO]:     VK_EXT_color_write_enable (r.1)
[05:19:01] [Android mgl-srv-apply/INFO]:     VK_KHR_dynamic_rendering_local_read (r.1)
[05:19:01] [Android mgl-srv-apply/INFO]:     VK_QCOM_render_pass_transform (r.4)
[05:19:01] [Android mgl-srv-apply/INFO]:     VK_KHR_create_renderpass2 (r.1)
[05:19:01] [Android mgl-srv-apply/INFO]:     VK_EXT_shader_image_atomic_int64 (r.1)
[05:19:01] [Android mgl-srv-apply/INFO]:     VK_KHR_acceleration_structure (r.13)
[05:19:01] [Android mgl-srv-apply/INFO]:     VK_EXT_depth_clip_control (r.1)
[05:19:01] [Android mgl-srv-apply/INFO]:     VK_EXT_transform_feedback (r.1)
[05:19:01] [Android mgl-srv-apply/INFO]:     VK_EXT_blend_operation_advanced (r.2)
[05:19:01] [Android mgl-srv-apply/INFO]:     VK_EXT_provoking_vertex (r.1)
[05:19:01] [Android mgl-srv-apply/INFO]:     VK_KHR_8bit_storage (r.1)
[05:19:01] [Android mgl-srv-apply/INFO]:     VK_QCOM_multiview_per_view_render_areas (r.1)
[05:19:01] [Android mgl-srv-apply/INFO]:     VK_EXT_inline_uniform_block (r.1)
[05:19:01] [Android mgl-srv-apply/INFO]:     VK_EXT_shader_subgroup_ballot (r.1)
[05:19:01] [Android mgl-srv-apply/INFO]:     VK_KHR_depth_stencil_resolve (r.1)
[05:19:01] [Android mgl-srv-apply/INFO]:     VK_KHR_shader_float_controls (r.4)
[05:19:01] [Android mgl-srv-apply/INFO]:     VK_EXT_texture_compression_astc_hdr (r.1)
[05:19:01] [Android mgl-srv-apply/INFO]:     VK_EXT_global_priority (r.2)
[05:19:01] [Android mgl-srv-apply/INFO]:     VK_EXT_4444_formats (r.1)
[05:19:01] [Android mgl-srv-apply/INFO]:     VK_KHR_shader_draw_parameters (r.1)
[05:19:01] [Android mgl-srv-apply/INFO]:     VK_KHR_vulkan_memory_model (r.3)
[05:19:01] [Android mgl-srv-apply/INFO]:     VK_EXT_descriptor_indexing (r.2)
[05:19:01] [Android mgl-srv-apply/INFO]:     VK_EXT_depth_clip_enable (r.1)
[05:19:01] [Android mgl-srv-apply/INFO]:     VK_KHR_synchronization2 (r.1)
[05:19:01] [Android mgl-srv-apply/INFO]:     VK_KHR_shader_integer_dot_product (r.1)
[05:19:01] [Android mgl-srv-apply/INFO]:     VK_EXT_line_rasterization (r.1)
[05:19:01] [Android mgl-srv-apply/INFO]:     VK_KHR_line_rasterization (r.1)
[05:19:01] [Android mgl-srv-apply/INFO]:     VK_QCOM_image_processing (r.1)
[05:19:01] [Android mgl-srv-apply/INFO]:     VK_KHR_shader_float_controls2 (r.1)
[05:19:01] [Android mgl-srv-apply/INFO]:     VK_KHR_fragment_shading_rate (r.2)
[05:19:01] [Android mgl-srv-apply/INFO]:     VK_KHR_descriptor_update_template (r.1)
[05:19:01] [Android mgl-srv-apply/INFO]:     VK_KHR_draw_indirect_count (r.1)
[05:19:01] [Android mgl-srv-apply/INFO]:     VK_KHR_driver_properties (r.1)
[05:19:01] [Android mgl-srv-apply/INFO]:     VK_KHR_ray_tracing_position_fetch (r.1)
[05:19:01] [Android mgl-srv-apply/INFO]:     VK_KHR_dynamic_rendering (r.1)
[05:19:01] [Android mgl-srv-apply/INFO]:     VK_KHR_zero_initialize_workgroup_memory (r.1)
[05:19:01] [Android mgl-srv-apply/INFO]:     VK_KHR_uniform_buffer_standard_layout (r.1)
[05:19:01] [Android mgl-srv-apply/INFO]:     VK_EXT_depth_clamp_zero_one (r.1)
[05:19:01] [Android mgl-srv-apply/INFO]:     VK_ANDROID_external_memory_android_hardware_buffer (r.5)
[05:19:01] [Android mgl-srv-apply/INFO]:     VK_EXT_image_2d_view_of_3d (r.1)
[05:19:01] [Android mgl-srv-apply/INFO]:     VK_EXT_extended_dynamic_state2 (r.1)
[05:19:01] [Android mgl-srv-apply/INFO]:     VK_KHR_dedicated_allocation (r.3)
[05:19:01] [Android mgl-srv-apply/INFO]:     VK_EXT_texel_buffer_alignment (r.1)
[05:19:01] [Android mgl-srv-apply/INFO]:     VK_EXT_primitive_topology_list_restart (r.1)
[05:19:01] [Android mgl-srv-apply/INFO]:     VK_EXT_rasterization_order_attachment_access (r.1)
[05:19:01] [Android mgl-srv-apply/INFO]:     VK_KHR_shader_subgroup_uniform_control_flow (r.1)
[05:19:01] [Android mgl-srv-apply/INFO]:     VK_EXT_tooling_info (r.1)
[05:19:01] [Android mgl-srv-apply/INFO]:     VK_KHR_format_feature_flags2 (r.2)
[05:19:01] [Android mgl-srv-apply/INFO]:     VK_KHR_global_priority (r.1)
[05:19:01] [Android mgl-srv-apply/INFO]:     VK_EXT_sample_locations (r.1)
[05:19:01] [Android mgl-srv-apply/INFO]:     VK_EXT_multi_draw (r.1)
[05:19:01] [Android mgl-srv-apply/INFO]:     VK_KHR_swapchain (r.70)
[05:19:01] [Android mgl-srv-apply/INFO]:     VK_KHR_sampler_mirror_clamp_to_edge (r.3)
[05:19:01] [Android mgl-srv-apply/INFO]:     VK_QCOM_image_processing2 (r.1)
[05:19:01] [Android mgl-srv-apply/INFO]:     VK_KHR_external_fence_fd (r.1)
[05:19:01] [Android mgl-srv-apply/INFO]: Required extension found: VK_KHR_swapchain
[05:19:01] [Android mgl-srv-apply/INFO]:     Picked physical device. (Reason: First suitable device)
[05:19:01] [Android mgl-srv-apply/INFO]: Picked physical device 0.
[05:19:01] [Android mgl-srv-apply/INFO]: Vulkan: multiViewport enabled; rasterizable viewports=16 (device limit 16, GL state width 16)
[05:19:01] [Android mgl-srv-apply/INFO]: Enabled optional device extension: VK_KHR_draw_indirect_count
[05:19:01] [Android mgl-srv-apply/INFO]: Enabled optional device extension: VK_KHR_shader_draw_parameters
[05:19:01] [Android mgl-srv-apply/INFO]: VK_KHR_image_format_list enabled: true
[05:19:01] [Android mgl-srv-apply/INFO]: VK_KHR_draw_indirect_count enabled: true
[05:19:01] [Android mgl-srv-apply/INFO]: Enabled optional device extension: VK_KHR_create_renderpass2
[05:19:01] [Android mgl-srv-apply/INFO]: Enabled optional device extension: VK_KHR_depth_stencil_resolve
[05:19:01] [Android mgl-srv-apply/INFO]: Vulkan: update-after-bind descriptor layouts enabled
[05:19:01] [Android mgl-srv-apply/INFO]: Enabled optional device extension: VK_KHR_index_type_uint8
[05:19:01] [Android mgl-srv-apply/INFO]: Enabled optional device extension: VK_EXT_primitive_topology_list_restart
[05:19:01] [Android mgl-srv-apply/INFO]: Enabled optional device extension: VK_EXT_custom_border_color (maxCustomBorderColorSamplers=4000)
[05:19:01] [Android mgl-srv-apply/INFO]: Enabled optional device extension: VK_EXT_subgroup_size_control (computeFullSubgroups)
[05:19:01] [Android mgl-srv-apply/INFO]: Enabled optional device extension: VK_EXT_transform_feedback
[05:19:01] [Android mgl-srv-apply/INFO]: Enabled optional device extension: VK_EXT_provoking_vertex (transformFeedbackPreservesProvokingVertex=false)
[05:19:01] [Android mgl-srv-apply/INFO]: Enabled optional device extension: VK_EXT_vertex_attribute_divisor
[05:19:01] [Android mgl-srv-apply/INFO]: Enabled optional device extension: VK_EXT_multi_draw (maxMultiDrawCount=1024)
[05:19:01] [Android mgl-srv-apply/INFO]: Device feature support: robustBufferAccess=true geometryShader=true independentBlend=true logicOp=true shaderClipDistance=true shaderCullDistance=true wideLines=true shaderInt64=true vertexStoresAtomics=true fragmentStoresAtomics=true storageImageExtendedFormats=true storageImageReadWithoutFormat=true storageImageWriteWithoutFormat=true drawIndirectFirstInstance=true multiDrawIndirect=true
[05:19:01] [Android mgl-srv-apply/INFO]: Device feature enabled: robustBufferAccess=true geometryShader=true independentBlend=true logicOp=true shaderClipDistance=true shaderCullDistance=true wideLines=true shaderInt64=true vertexStoresAtomics=true fragmentStoresAtomics=true storageImageExtendedFormats=true storageImageReadWithoutFormat=true storageImageWriteWithoutFormat=true drawIndirectFirstInstance=true multiDrawIndirect=true shaderDrawParameters=true
[05:19:01] [Android mgl-srv-apply/INFO]: Multi-draw dispatch tier: ext (VK_EXT_multi_draw=true, multiDrawIndirect=true, mode=auto)
[05:19:01] [Android mgl-srv-apply/INFO]: index type uint8 enabled: true
[05:19:01] [Android mgl-srv-apply/INFO]: Logical device created.
[05:19:01] [Android mgl-srv-apply/INFO]: Queues got successfully.
[05:19:01] [Android mgl-srv-apply/INFO]: Timer queries supported (timestampValidBits=48, timestampPeriod=52.083332 ns/tick)
[05:19:01] [Android mgl-srv-apply/INFO]: PRIMITIVES_GENERATED probe triangles: drawn=1 stream=0/1 pgq=0(0) stat=1(1)
[05:19:01] [Android mgl-srv-apply/INFO]: PRIMITIVES_GENERATED probe triangles+discard: drawn=1 stream=0/1 pgq=0(0) stat=0(1)
[05:19:01] [Android mgl-srv-apply/INFO]: PRIMITIVES_GENERATED probe patches+discard: drawn=1 stream=0/1 pgq=0(0) stat=0(1)
[05:19:01] [Android mgl-srv-apply/INFO]: PRIMITIVES_GENERATED for XFB-inactive draws will accumulate through a clipping-invocations pipeline-statistics pool
[05:19:01] [Android mgl-srv-apply/INFO]: Command pool created
[05:19:01] [Android mgl-srv-apply/INFO]: MaxFramesInFlight: configured request=3
[05:19:01] [Android mgl-srv-apply/INFO]: MaxFramesInFlight: using 3 (surface minImageCount=11, maxImageCount=64)
[05:19:01] [Android mgl-srv-apply/INFO]: CreateFrameContexts completed
[05:19:01] [Android mgl-srv-apply/INFO]: DirectVulkan: using 256 program descriptor bindings
[05:19:01] [Android mgl-srv-apply/INFO]: Got 5 surface formats:
[05:19:01] [Android mgl-srv-apply/INFO]: Picked surface format: [VK_FORMAT_R8G8B8A8_UNORM, VK_COLOR_SPACE_SRGB_NONLINEAR_KHR]
[05:19:01] [Android mgl-srv-apply/INFO]: Got 4 present modes:
[05:19:01] [Android mgl-srv-apply/INFO]: Picked present mode: VK_PRESENT_MODE_MAILBOX_KHR
[05:19:01] [Android mgl-srv-apply/INFO]: Set minImageCount = 11
[05:19:01] [Android mgl-srv-apply/INFO]: Swapchain currentTransform = VK_SURFACE_TRANSFORM_IDENTITY_BIT_KHR
[05:19:01] [Android mgl-srv-apply/INFO]: Swapchain imageUsage = 0x13 (supportedUsageFlags = 0x9f)
[05:19:01] [Android mgl-srv-apply/INFO]: Set swapchain preTransform = VK_SURFACE_TRANSFORM_IDENTITY_BIT_KHR
[05:19:01] [Android mgl-srv-apply/INFO]: Swapchain image views created
[05:19:01] [Android mgl-srv-apply/INFO]: Swapchain created, extent = 854x480, swapchain imageCount = 11
[05:19:01] [Android mgl-srv-apply/INFO]: DirectVulkan: suppressing depth writes on accumulation-blended pipelines (driver lacks cross-pipeline position invariance)
[05:19:01] [Android mgl-srv-apply/INFO]: Vulkan shader subgroup support: detected=true advertised=true size=64 stages=0x30 operations=0x2bf
[05:19:01] [Android mgl-srv-apply/INFO]: DirectVulkan: clamped GL_MAX_COMPUTE_SHADER_STORAGE_BLOCKS from 16777216 to 256
[05:19:01] [Android mgl-srv-apply/INFO]: DirectVulkan: clamped GL_MAX_COMBINED_SHADER_STORAGE_BLOCKS from 16777216 to 256
[05:19:01] [Android mgl-srv-apply/INFO]: DirectVulkan: clamped GL_MAX_COMPUTE_UNIFORM_BLOCKS from 16777216 to 256
[05:19:01] [Android mgl-srv-apply/INFO]: DirectVulkan: clamped GL_MAX_SHADER_STORAGE_BUFFER_BINDINGS from 16777216 to 256
[05:19:01] [Android mgl-srv-apply/INFO]: DirectVulkan: clamped GL_MAX_UNIFORM_BUFFER_BINDINGS from 16777216 to 256
[05:19:01] [Android mgl-srv-apply/INFO]: DirectVulkan: clamped GL_MAX_SHADER_STORAGE_BLOCK_SIZE from 2147483647 to 536870912
[05:19:01] [Android mgl-srv-apply/ERROR]: NormalizePixelFormat: outFormat: unhandled internalFormat: GL_STENCIL_INDEX8
[05:19:01] [Android mgl-srv-apply/ERROR]: NormalizePixelFormat: outType: unhandled internalFormat: GL_STENCIL_INDEX8
[05:19:01] [Android mgl-srv-apply/INFO]: Vulkan shader subgroup support: detected=true advertised=true size=64 stages=0x30 operations=0x2bf
[05:19:01] [Android mgl-srv-apply/INFO]: DirectVulkan: clamped GL_MAX_COMPUTE_SHADER_STORAGE_BLOCKS from 16777216 to 256
[05:19:01] [Android mgl-srv-apply/INFO]: DirectVulkan: clamped GL_MAX_COMBINED_SHADER_STORAGE_BLOCKS from 16777216 to 256
[05:19:01] [Android mgl-srv-apply/INFO]: DirectVulkan: clamped GL_MAX_COMPUTE_UNIFORM_BLOCKS from 16777216 to 256
[05:19:01] [Android mgl-srv-apply/INFO]: DirectVulkan: clamped GL_MAX_SHADER_STORAGE_BUFFER_BINDINGS from 16777216 to 256
[05:19:01] [Android mgl-srv-apply/INFO]: DirectVulkan: clamped GL_MAX_UNIFORM_BUFFER_BINDINGS from 16777216 to 256
[05:19:01] [Android mgl-srv-apply/INFO]: DirectVulkan: clamped GL_MAX_SHADER_STORAGE_BLOCK_SIZE from 2147483647 to 536870912
[05:19:02] [Android mgl-srv-apply/WARN]: GetOrCreatePipeline: patching vertex input location=4 format=82 -> 80 to match shader input type=35666 for program=7
[05:19:05] [Android mgl-srv-apply/FATAL]: Vulkan error VK_ERROR_OUT_OF_HOST_MEMORY (-1) at /home/swung/w7/pipe/MobileGL/MG_Backend/DirectVulkan/Renderer/WireFramebuffer.inc:274
trace-replay-ci.sh: recent relevant logcat lines:
09-23 05:19:01.005 30060 30688 I MobileGL: [05:19:01] [Android mgl-srv-apply/INFO]:     VK_EXT_private_data (r.1)
09-23 05:19:01.005 30060 30688 I MobileGL: [05:19:01] [Android mgl-srv-apply/INFO]:     VK_EXT_descriptor_buffer (r.1)
09-23 05:19:01.005 30060 30688 I MobileGL: [05:19:01] [Android mgl-srv-apply/INFO]:     VK_EXT_conditional_rendering (r.2)
09-23 05:19:01.005 30060 30688 I MobileGL: [05:19:01] [Android mgl-srv-apply/INFO]:     VK_EXT_mutable_descriptor_type (r.1)
09-23 05:19:01.005 30060 30688 I MobileGL: [05:19:01] [Android mgl-srv-apply/INFO]:     VK_EXT_pipeline_creation_cache_control (r.3)
09-23 05:19:01.005 30060 30688 I MobileGL: [05:19:01] [Android mgl-srv-apply/INFO]:     VK_EXT_robustness2 (r.1)
09-23 05:19:01.005 30060 30688 I MobileGL: [05:19:01] [Android mgl-srv-apply/INFO]:     VK_KHR_shader_clock (r.1)
09-23 05:19:01.005 30060 30688 I MobileGL: [05:19:01] [Android mgl-srv-apply/INFO]:     VK_EXT_shader_module_identifier (r.1)
09-23 05:19:01.005 30060 30688 I MobileGL: [05:19:01] [Android mgl-srv-apply/INFO]:     VK_KHR_vertex_attribute_divisor (r.1)
09-23 05:19:01.005 30060 30688 I MobileGL: [05:19:01] [Android mgl-srv-apply/INFO]:     VK_EXT_global_priority_query (r.1)
09-23 05:19:01.005 30060 30688 I MobileGL: [05:19:01] [Android mgl-srv-apply/INFO]:     VK_EXT_separate_stencil_usage (r.1)
09-23 05:19:01.005 30060 30688 I MobileGL: [05:19:01] [Android mgl-srv-apply/INFO]:     VK_EXT_border_color_swizzle (r.1)
09-23 05:19:01.005 30060 30688 I MobileGL: [05:19:01] [Android mgl-srv-apply/INFO]:     VK_EXT_vertex_input_dynamic_state (r.2)
09-23 05:19:01.005 30060 30688 I MobileGL: [05:19:01] [Android mgl-srv-apply/INFO]:     VK_IMG_filter_cubic (r.1)
09-23 05:19:01.005 30060 30688 I MobileGL: [05:19:01] [Android mgl-srv-apply/INFO]:     VK_EXT_filter_cubic (r.3)
09-23 05:19:01.005 30060 30688 I MobileGL: [05:19:01] [Android mgl-srv-apply/INFO]:     VK_EXT_shader_subgroup_vote (r.1)
09-23 05:19:01.005 30060 30688 I MobileGL: [05:19:01] [Android mgl-srv-apply/INFO]:     VK_EXT_device_address_binding_report (r.1)
09-23 05:19:01.005 30060 30688 I MobileGL: [05:19:01] [Android mgl-srv-apply/INFO]:     VK_NV_optical_flow (r.1)
09-23 05:19:01.005 30060 30688 I MobileGL: [05:19:01] [Android mgl-srv-apply/INFO]:     VK_QCOM_tile_properties (r.1)
09-23 05:19:01.005 30060 30688 I MobileGL: [05:19:01] [Android mgl-srv-apply/INFO]:     VK_KHR_image_format_list (r.1)
09-23 05:19:01.005 30060 30688 I MobileGL: [05:19:01] [Android mgl-srv-apply/INFO]:     VK_EXT_sampler_filter_minmax (r.2)
09-23 05:19:01.005 30060 30688 I MobileGL: [05:19:01] [Android mgl-srv-apply/INFO]:     VK_KHR_16bit_storage (r.1)
09-23 05:19:01.005 30060 30688 I MobileGL: [05:19:01] [Android mgl-srv-apply/INFO]:     VK_EXT_shader_viewport_index_layer (r.1)
09-23 05:19:01.005 30060 30688 I MobileGL: [05:19:01] [Android mgl-srv-apply/INFO]:     VK_KHR_pipeline_executable_properties (r.1)
09-23 05:19:01.005 30060 30688 I MobileGL: [05:19:01] [Android mgl-srv-apply/INFO]:     VK_EXT_shader_demote_to_helper_invocation (r.1)
09-23 05:19:01.005 30060 30688 I MobileGL: [05:19:01] [Android mgl-srv-apply/INFO]:     VK_EXT_color_write_enable (r.1)
09-23 05:19:01.005 30060 30688 I MobileGL: [05:19:01] [Android mgl-srv-apply/INFO]:     VK_KHR_dynamic_rendering_local_read (r.1)
09-23 05:19:01.005 30060 30688 I MobileGL: [05:19:01] [Android mgl-srv-apply/INFO]:     VK_QCOM_render_pass_transform (r.4)
09-23 05:19:01.005 30060 30688 I MobileGL: [05:19:01] [Android mgl-srv-apply/INFO]:     VK_KHR_create_renderpass2 (r.1)
09-23 05:19:01.005 30060 30688 I MobileGL: [05:19:01] [Android mgl-srv-apply/INFO]:     VK_EXT_shader_image_atomic_int64 (r.1)
09-23 05:19:01.005 30060 30688 I MobileGL: [05:19:01] [Android mgl-srv-apply/INFO]:     VK_KHR_acceleration_structure (r.13)
09-23 05:19:01.005 30060 30688 I MobileGL: [05:19:01] [Android mgl-srv-apply/INFO]:     VK_EXT_depth_clip_control (r.1)
09-23 05:19:01.005 30060 30688 I MobileGL: [05:19:01] [Android mgl-srv-apply/INFO]:     VK_EXT_transform_feedback (r.1)
09-23 05:19:01.005 30060 30688 I MobileGL: [05:19:01] [Android mgl-srv-apply/INFO]:     VK_EXT_blend_operation_advanced (r.2)
09-23 05:19:01.005 30060 30688 I MobileGL: [05:19:01] [Android mgl-srv-apply/INFO]:     VK_EXT_provoking_vertex (r.1)
09-23 05:19:01.005 30060 30688 I MobileGL: [05:19:01] [Android mgl-srv-apply/INFO]:     VK_KHR_8bit_storage (r.1)
09-23 05:19:01.005 30060 30688 I MobileGL: [05:19:01] [Android mgl-srv-apply/INFO]:     VK_QCOM_multiview_per_view_render_areas (r.1)
09-23 05:19:01.005 30060 30688 I MobileGL: [05:19:01] [Android mgl-srv-apply/INFO]:     VK_EXT_inline_uniform_block (r.1)
09-23 05:19:01.005 30060 30688 I MobileGL: [05:19:01] [Android mgl-srv-apply/INFO]:     VK_EXT_shader_subgroup_ballot (r.1)
09-23 05:19:01.005 30060 30688 I MobileGL: [05:19:01] [Android mgl-srv-apply/INFO]:     VK_KHR_depth_stencil_resolve (r.1)
09-23 05:19:01.005 30060 30688 I MobileGL: [05:19:01] [Android mgl-srv-apply/INFO]:     VK_KHR_shader_float_controls (r.4)
09-23 05:19:01.005 30060 30688 I MobileGL: [05:19:01] [Android mgl-srv-apply/INFO]:     VK_EXT_texture_compression_astc_hdr (r.1)
09-23 05:19:01.005 30060 30688 I MobileGL: [05:19:01] [Android mgl-srv-apply/INFO]:     VK_EXT_global_priority (r.2)
09-23 05:19:01.005 30060 30688 I MobileGL: [05:19:01] [Android mgl-srv-apply/INFO]:     VK_EXT_4444_formats (r.1)
09-23 05:19:01.005 30060 30688 I MobileGL: [05:19:01] [Android mgl-srv-apply/INFO]:     VK_KHR_shader_draw_parameters (r.1)
09-23 05:19:01.005 30060 30688 I MobileGL: [05:19:01] [Android mgl-srv-apply/INFO]:     VK_KHR_vulkan_memory_model (r.3)
09-23 05:19:01.005 30060 30688 I MobileGL: [05:19:01] [Android mgl-srv-apply/INFO]:     VK_EXT_descriptor_indexing (r.2)
09-23 05:19:01.005 30060 30688 I MobileGL: [05:19:01] [Android mgl-srv-apply/INFO]:     VK_EXT_depth_clip_enable (r.1)
09-23 05:19:01.005 30060 30688 I MobileGL: [05:19:01] [Android mgl-srv-apply/INFO]:     VK_KHR_synchronization2 (r.1)
09-23 05:19:01.005 30060 30688 I MobileGL: [05:19:01] [Android mgl-srv-apply/INFO]:     VK_KHR_shader_integer_dot_product (r.1)
09-23 05:19:01.005 30060 30688 I MobileGL: [05:19:01] [Android mgl-srv-apply/INFO]:     VK_EXT_line_rasterization (r.1)
09-23 05:19:01.005 30060 30688 I MobileGL: [05:19:01] [Android mgl-srv-apply/INFO]:     VK_KHR_line_rasterization (r.1)
09-23 05:19:01.005 30060 30688 I MobileGL: [05:19:01] [Android mgl-srv-apply/INFO]:     VK_QCOM_image_processing (r.1)
09-23 05:19:01.005 30060 30688 I MobileGL: [05:19:01] [Android mgl-srv-apply/INFO]:     VK_KHR_shader_float_controls2 (r.1)
09-23 05:19:01.005 30060 30688 I MobileGL: [05:19:01] [Android mgl-srv-apply/INFO]:     VK_KHR_fragment_shading_rate (r.2)
09-23 05:19:01.005 30060 30688 I MobileGL: [05:19:01] [Android mgl-srv-apply/INFO]:     VK_KHR_descriptor_update_template (r.1)
09-23 05:19:01.005 30060 30688 I MobileGL: [05:19:01] [Android mgl-srv-apply/INFO]:     VK_KHR_draw_indirect_count (r.1)
09-23 05:19:01.005 30060 30688 I MobileGL: [05:19:01] [Android mgl-srv-apply/INFO]:     VK_KHR_driver_properties (r.1)
09-23 05:19:01.005 30060 30688 I MobileGL: [05:19:01] [Android mgl-srv-apply/INFO]:     VK_KHR_ray_tracing_position_fetch (r.1)
09-23 05:19:01.005 30060 30688 I MobileGL: [05:19:01] [Android mgl-srv-apply/INFO]:     VK_KHR_dynamic_rendering (r.1)
09-23 05:19:01.005 30060 30688 I MobileGL: [05:19:01] [Android mgl-srv-apply/INFO]:     VK_KHR_zero_initialize_workgroup_memory (r.1)
09-23 05:19:01.005 30060 30688 I MobileGL: [05:19:01] [Android mgl-srv-apply/INFO]:     VK_KHR_uniform_buffer_standard_layout (r.1)
09-23 05:19:01.005 30060 30688 I MobileGL: [05:19:01] [Android mgl-srv-apply/INFO]:     VK_EXT_depth_clamp_zero_one (r.1)
09-23 05:19:01.005 30060 30688 I MobileGL: [05:19:01] [Android mgl-srv-apply/INFO]:     VK_ANDROID_external_memory_android_hardware_buffer (r.5)
09-23 05:19:01.005 30060 30688 I MobileGL: [05:19:01] [Android mgl-srv-apply/INFO]:     VK_EXT_image_2d_view_of_3d (r.1)
09-23 05:19:01.005 30060 30688 I MobileGL: [05:19:01] [Android mgl-srv-apply/INFO]:     VK_EXT_extended_dynamic_state2 (r.1)
09-23 05:19:01.005 30060 30688 I MobileGL: [05:19:01] [Android mgl-srv-apply/INFO]:     VK_KHR_dedicated_allocation (r.3)
09-23 05:19:01.005 30060 30688 I MobileGL: [05:19:01] [Android mgl-srv-apply/INFO]:     VK_EXT_texel_buffer_alignment (r.1)
09-23 05:19:01.005 30060 30688 I MobileGL: [05:19:01] [Android mgl-srv-apply/INFO]:     VK_EXT_primitive_topology_list_restart (r.1)
09-23 05:19:01.005 30060 30688 I MobileGL: [05:19:01] [Android mgl-srv-apply/INFO]:     VK_EXT_rasterization_order_attachment_access (r.1)
09-23 05:19:01.005 30060 30688 I MobileGL: [05:19:01] [Android mgl-srv-apply/INFO]:     VK_KHR_shader_subgroup_uniform_control_flow (r.1)
09-23 05:19:01.005 30060 30688 I MobileGL: [05:19:01] [Android mgl-srv-apply/INFO]:     VK_EXT_tooling_info (r.1)
09-23 05:19:01.005 30060 30688 I MobileGL: [05:19:01] [Android mgl-srv-apply/INFO]:     VK_KHR_format_feature_flags2 (r.2)
09-23 05:19:01.005 30060 30688 I MobileGL: [05:19:01] [Android mgl-srv-apply/INFO]:     VK_KHR_global_priority (r.1)
09-23 05:19:01.005 30060 30688 I MobileGL: [05:19:01] [Android mgl-srv-apply/INFO]:     VK_EXT_sample_locations (r.1)
09-23 05:19:01.005 30060 30688 I MobileGL: [05:19:01] [Android mgl-srv-apply/INFO]:     VK_EXT_multi_draw (r.1)
09-23 05:19:01.005 30060 30688 I MobileGL: [05:19:01] [Android mgl-srv-apply/INFO]:     VK_KHR_swapchain (r.70)
09-23 05:19:01.005 30060 30688 I MobileGL: [05:19:01] [Android mgl-srv-apply/INFO]:     VK_KHR_sampler_mirror_clamp_to_edge (r.3)
09-23 05:19:01.005 30060 30688 I MobileGL: [05:19:01] [Android mgl-srv-apply/INFO]:     VK_QCOM_image_processing2 (r.1)
09-23 05:19:01.005 30060 30688 I MobileGL: [05:19:01] [Android mgl-srv-apply/INFO]:     VK_KHR_external_fence_fd (r.1)
09-23 05:19:01.005 30060 30688 I MobileGL: [05:19:01] [Android mgl-srv-apply/INFO]: Required extension found: VK_KHR_swapchain
09-23 05:19:01.006 30060 30688 I MobileGL: [05:19:01] [Android mgl-srv-apply/INFO]:     Picked physical device. (Reason: First suitable device)
09-23 05:19:01.006 30060 30688 I MobileGL: [05:19:01] [Android mgl-srv-apply/INFO]: Picked physical device 0.
09-23 05:19:01.006 30060 30688 I MobileGL: [05:19:01] [Android mgl-srv-apply/INFO]: Vulkan: multiViewport enabled; rasterizable viewports=16 (device limit 16, GL state width 16)
09-23 05:19:01.006 30060 30688 I MobileGL: [05:19:01] [Android mgl-srv-apply/INFO]: Enabled optional device extension: VK_KHR_draw_indirect_count
09-23 05:19:01.006 30060 30688 I MobileGL: [05:19:01] [Android mgl-srv-apply/INFO]: Enabled optional device extension: VK_KHR_shader_draw_parameters
09-23 05:19:01.006 30060 30688 I MobileGL: [05:19:01] [Android mgl-srv-apply/INFO]: VK_KHR_image_format_list enabled: true
09-23 05:19:01.006 30060 30688 I MobileGL: [05:19:01] [Android mgl-srv-apply/INFO]: VK_KHR_draw_indirect_count enabled: true
09-23 05:19:01.006 30060 30688 I MobileGL: [05:19:01] [Android mgl-srv-apply/INFO]: Enabled optional device extension: VK_KHR_create_renderpass2
09-23 05:19:01.006 30060 30688 I MobileGL: [05:19:01] [Android mgl-srv-apply/INFO]: Enabled optional device extension: VK_KHR_depth_stencil_resolve
09-23 05:19:01.006 30060 30688 I MobileGL: [05:19:01] [Android mgl-srv-apply/INFO]: Vulkan: update-after-bind descriptor layouts enabled
09-23 05:19:01.006 30060 30688 I MobileGL: [05:19:01] [Android mgl-srv-apply/INFO]: Enabled optional device extension: VK_KHR_index_type_uint8
09-23 05:19:01.006 30060 30688 I MobileGL: [05:19:01] [Android mgl-srv-apply/INFO]: Enabled optional device extension: VK_EXT_primitive_topology_list_restart
09-23 05:19:01.006 30060 30688 I MobileGL: [05:19:01] [Android mgl-srv-apply/INFO]: Enabled optional device extension: VK_EXT_custom_border_color (maxCustomBorderColorSamplers=4000)
09-23 05:19:01.006 30060 30688 I MobileGL: [05:19:01] [Android mgl-srv-apply/INFO]: Enabled optional device extension: VK_EXT_subgroup_size_control (computeFullSubgroups)
09-23 05:19:01.006 30060 30688 I MobileGL: [05:19:01] [Android mgl-srv-apply/INFO]: Enabled optional device extension: VK_EXT_transform_feedback
09-23 05:19:01.006 30060 30688 I MobileGL: [05:19:01] [Android mgl-srv-apply/INFO]: Enabled optional device extension: VK_EXT_provoking_vertex (transformFeedbackPreservesProvokingVertex=false)
09-23 05:19:01.006 30060 30688 I MobileGL: [05:19:01] [Android mgl-srv-apply/INFO]: Enabled optional device extension: VK_EXT_vertex_attribute_divisor
09-23 05:19:01.006 30060 30688 I MobileGL: [05:19:01] [Android mgl-srv-apply/INFO]: Enabled optional device extension: VK_EXT_multi_draw (maxMultiDrawCount=1024)
09-23 05:19:01.006 30060 30688 I MobileGL: [05:19:01] [Android mgl-srv-apply/INFO]: Device feature support: robustBufferAccess=true geometryShader=true independentBlend=true logicOp=true shaderClipDistance=true shaderCullDistance=true wideLines=true shaderInt64=true vertexStoresAtomics=true fragmentStoresAtomics=true storageImageExtendedFormats=true storageImageReadWithoutFormat=true storageImageWriteWithoutFormat=true drawIndirectFirstInstance=true multiDrawIndirect=true
09-23 05:19:01.006 30060 30688 I MobileGL: [05:19:01] [Android mgl-srv-apply/INFO]: Device feature enabled: robustBufferAccess=true geometryShader=true independentBlend=true logicOp=true shaderClipDistance=true shaderCullDistance=true wideLines=true shaderInt64=true vertexStoresAtomics=true fragmentStoresAtomics=true storageImageExtendedFormats=true storageImageReadWithoutFormat=true storageImageWriteWithoutFormat=true drawIndirectFirstInstance=true multiDrawIndirect=true shaderDrawParameters=true
09-23 05:19:01.008 30060 30688 I MobileGL: [05:19:01] [Android mgl-srv-apply/INFO]: Multi-draw dispatch tier: ext (VK_EXT_multi_draw=true, multiDrawIndirect=true, mode=auto)
09-23 05:19:01.008 30060 30688 I MobileGL: [05:19:01] [Android mgl-srv-apply/INFO]: index type uint8 enabled: true
09-23 05:19:01.008 30060 30688 I MobileGL: [05:19:01] [Android mgl-srv-apply/INFO]: Logical device created.
09-23 05:19:01.008 30060 30688 I MobileGL: [05:19:01] [Android mgl-srv-apply/INFO]: Queues got successfully.
09-23 05:19:01.008 30060 30688 I MobileGL: [05:19:01] [Android mgl-srv-apply/INFO]: Timer queries supported (timestampValidBits=48, timestampPeriod=52.083332 ns/tick)
09-23 05:19:01.027 30060 30688 I MobileGL: [05:19:01] [Android mgl-srv-apply/INFO]: PRIMITIVES_GENERATED probe triangles: drawn=1 stream=0/1 pgq=0(0) stat=1(1)
09-23 05:19:01.027 30060 30688 I MobileGL: [05:19:01] [Android mgl-srv-apply/INFO]: PRIMITIVES_GENERATED probe triangles+discard: drawn=1 stream=0/1 pgq=0(0) stat=0(1)
09-23 05:19:01.027 30060 30688 I MobileGL: [05:19:01] [Android mgl-srv-apply/INFO]: PRIMITIVES_GENERATED probe patches+discard: drawn=1 stream=0/1 pgq=0(0) stat=0(1)
09-23 05:19:01.027 30060 30688 I MobileGL: [05:19:01] [Android mgl-srv-apply/INFO]: PRIMITIVES_GENERATED for XFB-inactive draws will accumulate through a clipping-invocations pipeline-statistics pool
09-23 05:19:01.027 30060 30688 I MobileGL: [05:19:01] [Android mgl-srv-apply/INFO]: Command pool created
09-23 05:19:01.027 30060 30688 I MobileGL: [05:19:01] [Android mgl-srv-apply/INFO]: MaxFramesInFlight: configured request=3
09-23 05:19:01.027 30060 30688 I MobileGL: [05:19:01] [Android mgl-srv-apply/INFO]: MaxFramesInFlight: using 3 (surface minImageCount=11, maxImageCount=64)
09-23 05:19:01.027 30060 30688 I MobileGL: [05:19:01] [Android mgl-srv-apply/INFO]: CreateFrameContexts completed
09-23 05:19:01.027 30060 30688 I MobileGL: [05:19:01] [Android mgl-srv-apply/INFO]: DirectVulkan: using 256 program descriptor bindings
09-23 05:19:01.028 30060 30688 I MobileGL: [05:19:01] [Android mgl-srv-apply/INFO]: Got 5 surface formats:
09-23 05:19:01.028 30060 30688 I MobileGL: [05:19:01] [Android mgl-srv-apply/INFO]: Picked surface format: [VK_FORMAT_R8G8B8A8_UNORM, VK_COLOR_SPACE_SRGB_NONLINEAR_KHR]
09-23 05:19:01.028 30060 30688 I MobileGL: [05:19:01] [Android mgl-srv-apply/INFO]: Got 4 present modes:
09-23 05:19:01.028 30060 30688 I MobileGL: [05:19:01] [Android mgl-srv-apply/INFO]: Picked present mode: VK_PRESENT_MODE_MAILBOX_KHR
09-23 05:19:01.028 30060 30688 I MobileGL: [05:19:01] [Android mgl-srv-apply/INFO]: Set minImageCount = 11
09-23 05:19:01.028 30060 30688 I MobileGL: [05:19:01] [Android mgl-srv-apply/INFO]: Swapchain currentTransform = VK_SURFACE_TRANSFORM_IDENTITY_BIT_KHR
09-23 05:19:01.028 30060 30688 I MobileGL: [05:19:01] [Android mgl-srv-apply/INFO]: Swapchain imageUsage = 0x13 (supportedUsageFlags = 0x9f)
09-23 05:19:01.028 30060 30688 I MobileGL: [05:19:01] [Android mgl-srv-apply/INFO]: Set swapchain preTransform = VK_SURFACE_TRANSFORM_IDENTITY_BIT_KHR
09-23 05:19:01.030 30060 30688 I MobileGL: [05:19:01] [Android mgl-srv-apply/INFO]: Swapchain image views created
09-23 05:19:01.033 30060 30688 I MobileGL: [05:19:01] [Android mgl-srv-apply/INFO]: Swapchain created, extent = 854x480, swapchain imageCount = 11
09-23 05:19:01.033 30060 30688 I MobileGL: [05:19:01] [Android mgl-srv-apply/INFO]: DirectVulkan: suppressing depth writes on accumulation-blended pipelines (driver lacks cross-pipeline position invariance)
09-23 05:19:01.033 30060 30688 I MobileGL: [05:19:01] [Android mgl-srv-apply/INFO]: Vulkan shader subgroup support: detected=true advertised=true size=64 stages=0x30 operations=0x2bf
09-23 05:19:01.033 30060 30688 I MobileGL: [05:19:01] [Android mgl-srv-apply/INFO]: DirectVulkan: clamped GL_MAX_COMPUTE_SHADER_STORAGE_BLOCKS from 16777216 to 256
09-23 05:19:01.034 30060 30688 I MobileGL: [05:19:01] [Android mgl-srv-apply/INFO]: DirectVulkan: clamped GL_MAX_COMBINED_SHADER_STORAGE_BLOCKS from 16777216 to 256
09-23 05:19:01.034 30060 30688 I MobileGL: [05:19:01] [Android mgl-srv-apply/INFO]: DirectVulkan: clamped GL_MAX_COMPUTE_UNIFORM_BLOCKS from 16777216 to 256
09-23 05:19:01.034 30060 30688 I MobileGL: [05:19:01] [Android mgl-srv-apply/INFO]: DirectVulkan: clamped GL_MAX_SHADER_STORAGE_BUFFER_BINDINGS from 16777216 to 256
09-23 05:19:01.034 30060 30688 I MobileGL: [05:19:01] [Android mgl-srv-apply/INFO]: DirectVulkan: clamped GL_MAX_UNIFORM_BUFFER_BINDINGS from 16777216 to 256
09-23 05:19:01.034 30060 30688 I MobileGL: [05:19:01] [Android mgl-srv-apply/INFO]: DirectVulkan: clamped GL_MAX_SHADER_STORAGE_BLOCK_SIZE from 2147483647 to 536870912
09-23 05:19:01.034 30060 30688 E MobileGL: [05:19:01] [Android mgl-srv-apply/ERROR]: NormalizePixelFormat: outFormat: unhandled internalFormat: GL_STENCIL_INDEX8
09-23 05:19:01.034 30060 30688 E MobileGL: [05:19:01] [Android mgl-srv-apply/ERROR]: NormalizePixelFormat: outType: unhandled internalFormat: GL_STENCIL_INDEX8
09-23 05:19:01.035 30060 30688 I MobileGL: [05:19:01] [Android mgl-srv-apply/INFO]: Vulkan shader subgroup support: detected=true advertised=true size=64 stages=0x30 operations=0x2bf
09-23 05:19:01.035 30060 30688 I MobileGL: [05:19:01] [Android mgl-srv-apply/INFO]: DirectVulkan: clamped GL_MAX_COMPUTE_SHADER_STORAGE_BLOCKS from 16777216 to 256
09-23 05:19:01.035 30060 30688 I MobileGL: [05:19:01] [Android mgl-srv-apply/INFO]: DirectVulkan: clamped GL_MAX_COMBINED_SHADER_STORAGE_BLOCKS from 16777216 to 256
09-23 05:19:01.035 30060 30688 I MobileGL: [05:19:01] [Android mgl-srv-apply/INFO]: DirectVulkan: clamped GL_MAX_COMPUTE_UNIFORM_BLOCKS from 16777216 to 256
09-23 05:19:01.035 30060 30688 I MobileGL: [05:19:01] [Android mgl-srv-apply/INFO]: DirectVulkan: clamped GL_MAX_SHADER_STORAGE_BUFFER_BINDINGS from 16777216 to 256
09-23 05:19:01.035 30060 30688 I MobileGL: [05:19:01] [Android mgl-srv-apply/INFO]: DirectVulkan: clamped GL_MAX_UNIFORM_BUFFER_BINDINGS from 16777216 to 256
09-23 05:19:01.035 30060 30688 I MobileGL: [05:19:01] [Android mgl-srv-apply/INFO]: DirectVulkan: clamped GL_MAX_SHADER_STORAGE_BLOCK_SIZE from 2147483647 to 536870912
09-23 05:19:01.037 30060 30687 I MobileGL: [05:19:01] [Android MobileGLTraceRe/INFO]: MG_Remote client: CapsMirror generation 2 adopted (backend=1, callMask=0x3fff00000474)
09-23 05:19:01.037 30060 30687 I MobileGL: [05:19:01] [Android MobileGLTraceRe/INFO]: MG_Remote client: format capabilities filled from caps mirror generation 2
09-23 05:19:01.037 30060 30687 I MobileGL: [05:19:01] [Android MobileGLTraceRe/INFO]: MG_Remote client: CapsMirror generation 3 adopted (backend=1, callMask=0x3fff00000474)
09-23 05:19:01.037 30060 30687 I MobileGL: [05:19:01] [Android MobileGLTraceRe/INFO]: MG_Remote client: format capabilities filled from caps mirror generation 3
09-23 05:19:01.043 30060 30687 W MobileGL: [05:19:01] [Android MobileGLTraceRe/WARN]: Stub function: glDebugMessageControl(...)
09-23 05:19:02.276 30060 30688 W MobileGL: [05:19:02] [Android mgl-srv-apply/WARN]: GetOrCreatePipeline: patching vertex input location=4 format=82 -> 80 to match shader input type=35666 for program=7
09-23 05:19:03.524  7990  8728 I libc    : kill: send 15 to pid 30714
09-23 05:19:03.524  7990  8728 I libc    : debug pid reuse, real pid 30714
09-23 05:19:05.200 30060 30688 W libc    : calloc(1, 66144) failed: returning null pointer
09-23 05:19:05.200 30060 30688 F MobileGL: [05:19:05] [Android mgl-srv-apply/FATAL]: Vulkan error VK_ERROR_OUT_OF_HOST_MEMORY (-1) at /home/swung/w7/pipe/MobileGL/MG_Backend/DirectVulkan/Renderer/WireFramebuffer.inc:274
09-23 05:19:05.200 30060 30688 I libc    : handling signal: 11
09-23 05:19:05.201 30060 30688 F libc    : Fatal signal 11 (SIGSEGV), code 1 (SEGV_MAPERR), fault addr 0x138 in tid 30688 (mgl-srv-apply), pid 30060 (ugin.p7w1.trace)
09-23 05:19:05.201 30060 30688 I libc    : debuggerd_dispatch_pseudothread start. crashing tid: 30688
09-23 05:19:05.327 30060 30688 I libc    : crash_dump pid: 30727
09-23 05:19:05.433 30727 30727 W libc    : Access denied finding property "persist.vendor.track.malloc.enable"
09-23 05:19:05.433 30727 30727 W libc    : Access denied finding property "persist.vendor.fd.monitor.enable"
09-23 05:19:06.331 30728 30728 F DEBUG   :       #03 pc 0000000000888e6c  /data/app/~~akdT06-gXbOh3E9-_kUo3g==/top.mobilegl.plugin.p7w1.trace-LcyZ79iMzP_ykaj5F2SxQw==/lib/arm64/libMobileGL.so (BuildId: 05730fd88b3a6d8a96a82bfa51d7f8e28be3d6ff)
09-23 05:19:06.331 30728 30728 F DEBUG   :       #04 pc 00000000008882a4  /data/app/~~akdT06-gXbOh3E9-_kUo3g==/top.mobilegl.plugin.p7w1.trace-LcyZ79iMzP_ykaj5F2SxQw==/lib/arm64/libMobileGL.so (BuildId: 05730fd88b3a6d8a96a82bfa51d7f8e28be3d6ff)
09-23 05:19:06.331 30728 30728 F DEBUG   :       #05 pc 0000000000895da4  /data/app/~~akdT06-gXbOh3E9-_kUo3g==/top.mobilegl.plugin.p7w1.trace-LcyZ79iMzP_ykaj5F2SxQw==/lib/arm64/libMobileGL.so (BuildId: 05730fd88b3a6d8a96a82bfa51d7f8e28be3d6ff)
09-23 05:19:06.331 30728 30728 F DEBUG   :       #06 pc 00000000009c948c  /data/app/~~akdT06-gXbOh3E9-_kUo3g==/top.mobilegl.plugin.p7w1.trace-LcyZ79iMzP_ykaj5F2SxQw==/lib/arm64/libMobileGL.so (BuildId: 05730fd88b3a6d8a96a82bfa51d7f8e28be3d6ff)
09-23 05:19:06.331 30728 30728 F DEBUG   :       #07 pc 00000000009a72ec  /data/app/~~akdT06-gXbOh3E9-_kUo3g==/top.mobilegl.plugin.p7w1.trace-LcyZ79iMzP_ykaj5F2SxQw==/lib/arm64/libMobileGL.so (BuildId: 05730fd88b3a6d8a96a82bfa51d7f8e28be3d6ff)
09-23 05:19:06.331 30728 30728 F DEBUG   :       #08 pc 00000000009a7f70  /data/app/~~akdT06-gXbOh3E9-_kUo3g==/top.mobilegl.plugin.p7w1.trace-LcyZ79iMzP_ykaj5F2SxQw==/lib/arm64/libMobileGL.so (BuildId: 05730fd88b3a6d8a96a82bfa51d7f8e28be3d6ff)
09-23 05:19:06.331 30728 30728 F DEBUG   :       #09 pc 00000000009cb844  /data/app/~~akdT06-gXbOh3E9-_kUo3g==/top.mobilegl.plugin.p7w1.trace-LcyZ79iMzP_ykaj5F2SxQw==/lib/arm64/libMobileGL.so (BuildId: 05730fd88b3a6d8a96a82bfa51d7f8e28be3d6ff)
09-23 05:19:06.331 30728 30728 F DEBUG   :       #10 pc 00000000009ce934  /data/app/~~akdT06-gXbOh3E9-_kUo3g==/top.mobilegl.plugin.p7w1.trace-LcyZ79iMzP_ykaj5F2SxQw==/lib/arm64/libMobileGL.so (BuildId: 05730fd88b3a6d8a96a82bfa51d7f8e28be3d6ff)
09-23 05:19:06.331 30728 30728 F DEBUG   :       #11 pc 00000000009ce2f8  /data/app/~~akdT06-gXbOh3E9-_kUo3g==/top.mobilegl.plugin.p7w1.trace-LcyZ79iMzP_ykaj5F2SxQw==/lib/arm64/libMobileGL.so (BuildId: 05730fd88b3a6d8a96a82bfa51d7f8e28be3d6ff)
09-23 05:19:06.331 30728 30728 F DEBUG   :       #12 pc 00000000009d0630  /data/app/~~akdT06-gXbOh3E9-_kUo3g==/top.mobilegl.plugin.p7w1.trace-LcyZ79iMzP_ykaj5F2SxQw==/lib/arm64/libMobileGL.so (BuildId: 05730fd88b3a6d8a96a82bfa51d7f8e28be3d6ff)
09-23 05:19:06.331 30728 30728 F DEBUG   :       #13 pc 0000000000082d74  /apex/com.android.runtime/lib64/bionic/libc.so (__pthread_start(void*)+184) (BuildId: 223a572c9f034c6a9337d8b3bedc75f3)
09-23 05:19:06.331 30728 30728 F DEBUG   :       #14 pc 00000000000751f0  /apex/com.android.runtime/lib64/bionic/libc.so (__start_thread+68) (BuildId: 223a572c9f034c6a9337d8b3bedc75f3)
09-23 05:19:06.655 30728 30728 I libc    : tombstoned_notify_completion, socket: 8
09-23 05:19:06.687  6687  7097 D DigestGenerator:  XXlib/arm/libMobileGL.so ()
09-23 05:19:06.687  6687  7097 D DigestGenerator:  XXlib/arm/libMobileGL.so ()
09-23 05:19:06.687  6687  7097 D DigestGenerator:  XXlib/arm/libMobileGL.so ()
09-23 05:19:06.687  6687  7097 D DigestGenerator:  XXlib/arm/libMobileGL.so ()
09-23 05:19:06.687  6687  7097 D DigestGenerator:  XXlib/arm/libMobileGL.so ()
09-23 05:19:06.687  6687  7097 D DigestGenerator:  XXlib/arm/libMobileGL.so ()
09-23 05:19:06.687  6687  7097 D DigestGenerator:  XXlib/arm/libMobileGL.so ()
09-23 05:19:06.687  6687  7097 D DigestGenerator:  XXlib/arm/libMobileGL.so ()
09-23 05:19:06.687  6687  7097 D DigestGenerator:  XXlib/arm/libMobileGL.so ()
09-23 05:19:06.687  6687  7097 D DigestGenerator:  XXlib/arm/libMobileGL.so ()
09-23 05:19:06.687  6687  7097 D DigestGenerator:  /apex/com.android.runtime/lib/bionic/libc.so (__pthread_start(void*)+) ()
09-23 05:19:06.687  6687  7097 D DigestGenerator:  /apex/com.android.runtime/lib/bionic/libc.so (__start_thread+) ()
09-23 05:19:06.688  4411  5837 D RecentsTaskLoader: reloadTasksData [TaskKey{id=370, stackId=0, baseIntent=Intent { act=top.mobilegl.plugin.TRACE_REPLAY flg=0x10000000 cmp=top.mobilegl.plugin.p7w1.trace/top.mobilegl.plugin.trace.TraceReplayActivity }, userId=0, lastActiveTime=11601926, windowingMode=1, isThumbnailBlur=false, isAccessLocked=false, isScreening=false, topActivity=null, mHashCode=11946222}, title=MobileGL, titleDescription=MobileGL, bounds=null, isLaunchTarget=false, isStackTask=true, isSystemApp=false, isDockable=true, baseActivity=null, isLocked=false, mNeedHide=false, hasMultipleTasks=false, cti1Key=, cti2Key=, cti1Task=, cti2Task=] 
09-23 05:19:06.688  6687  7097 D MiSightJni: MiSight: Java_com_miui_misight_MiSight_nativeSendEvent enter called. '{"Stacktrace":"#03 pc 0000000000888e6c  \/data\/app\/~~akdT06-gXbOh3E9-_kUo3g==\/top.mobilegl.plugin.p7w1.trace-LcyZ79iMzP_ykaj5F2SxQw==\/lib\/arm64\/libMobileGL.so (BuildId: 05730fd88b3a6d8a96a82bfa51d7f8e28be3d6ff)\n      #04 pc 00000000008882a4  \/data\/app\/~~akdT06-gXbOh3E9-_kUo3g==\/top.mobilegl.plugin.p7w1.trace-LcyZ79iMzP_ykaj5F2SxQw==\/lib\/arm64\/libMobileGL.so (BuildId: 05730fd88b3a6d8a96a82bfa51d7f8e28be3d6ff)\n      #05 pc 0000000000895da4  \/data\/app\/~~akdT06-gXbOh3E9-_kUo3g==\/top.mobilegl.plugin.p7w1.trace-LcyZ79iMzP_ykaj5F2SxQw==\/lib\/arm64\/libMobileGL.so (BuildId: 05730fd88b3a6d8a96a82bfa51d7f8e28be3d6ff)\n      #06 pc 00000000009c948c  \/data\/app\/~~akdT06-gXbOh3E9-_kUo3g==\/top.mobilegl.plugin.p7w1.trace-LcyZ79iMzP_ykaj5F2SxQw==\/lib\/arm64\/libMobileGL.so (BuildId: 05730fd88b3a6d8a96a82bfa51d7f8e28be3d6ff)\n      #07 pc 00000000009a72ec  \/data\/app\/~~akdT06-gXbOh3E9-_kUo3g==\/top.mobilegl.plugin.p7w1.trace-LcyZ7
09-23 05:19:06.688  6687  7097 D MiEvent : flatten EventId 901001003 -t 1790111946 -paraList {"CrashType":"100000000","CurrentTime":1790111945000,"Digest":"4ddf3f5ec5604768955629f3fedd6462","Keyword":"{\"vn\":\"26.09.8c5dd6f-trace\",\"vc\":\"26090921\",\"isRoot\":false,\"count\":1,\"preInstalled\":false,\"unfold\":false,\"ram\":15,\"rom\":264}","PackageName":"top.mobilegl.plugin.p7w1.trace","Stacktrace":"#03 pc 0000000000888e6c  /data/app/~~akdT06-gXbOh3E9-_kUo3g==/top.mobilegl.plugin.p7w1.trace-LcyZ79iMzP_ykaj5F2SxQw==/lib/arm64/libMobileGL.so (BuildId: 05730fd88b3a6d8a96a82bfa51d7f8e28be3d6ff)\n      #04 pc 00000000008882a4  /data/app/~~akdT06-gXbOh3E9-_kUo3g==/top.mobilegl.plugin.p7w1.trace-LcyZ79iMzP_ykaj5F2SxQw==/lib/arm64/libMobileGL.so (BuildId: 05730fd88b3a6d8a96a82bfa51d7f8e28be3d6ff)\n      #05 pc 0000000000895da4  /data/app/~~akdT06-gXbOh3E9-_kUo3g==/top.mobilegl.plugin.p7w1.trace-LcyZ79iMzP_ykaj5F2SxQw==/lib/arm64/libMobileGL.so (BuildId: 05730fd88b3a6d8a96a82bfa51d7f8e28be3d6ff)\n      #06 pc 00000000009c948c  /data/app/~~akdT06-gXbOh3E9
09-23 05:19:06.688  6687  7097 D MiEvent : report:EventId 901001003 -t 1790111946 -paraList {"CrashType":"100000000","CurrentTime":1790111945000,"Digest":"4ddf3f5ec5604768955629f3fedd6462","Keyword":"{\"vn\":\"26.09.8c5dd6f-trace\",\"vc\":\"26090921\",\"isRoot\":false,\"count\":1,\"preInstalled\":false,\"unfold\":false,\"ram\":15,\"rom\":264}","PackageName":"top.mobilegl.plugin.p7w1.trace","Stacktrace":"#03 pc 0000000000888e6c  /data/app/~~akdT06-gXbOh3E9-_kUo3g==/top.mobilegl.plugin.p7w1.trace-LcyZ79iMzP_ykaj5F2SxQw==/lib/arm64/libMobileGL.so (BuildId: 05730fd88b3a6d8a96a82bfa51d7f8e28be3d6ff)\n      #04 pc 00000000008882a4  /data/app/~~akdT06-gXbOh3E9-_kUo3g==/top.mobilegl.plugin.p7w1.trace-LcyZ79iMzP_ykaj5F2SxQw==/lib/arm64/libMobileGL.so (BuildId: 05730fd88b3a6d8a96a82bfa51d7f8e28be3d6ff)\n      #05 pc 0000000000895da4  /data/app/~~akdT06-gXbOh3E9-_kUo3g==/top.mobilegl.plugin.p7w1.trace-LcyZ79iMzP_ykaj5F2SxQw==/lib/arm64/libMobileGL.so (BuildId: 05730fd88b3a6d8a96a82bfa51d7f8e28be3d6ff)\n      #06 pc 00000000009c948c  /data/app/~~akdT06-gXbOh3E9-
09-23 05:19:06.692  2024  2024 W libc    : Access denied finding property "vendor.gpp.create_frc_extension"
09-23 05:19:06.723  4411  4411 I WindowAnimParamsProvider: getClosingWindowAnimParams getClosingShortcutIcon task before=  [TaskKey{id=370, stackId=0, baseIntent=Intent { act=top.mobilegl.plugin.TRACE_REPLAY flg=0x10000000 cmp=top.mobilegl.plugin.p7w1.trace/top.mobilegl.plugin.trace.TraceReplayActivity }, userId=0, lastActiveTime=11601926, windowingMode=1, isThumbnailBlur=false, isAccessLocked=false, isScreening=false, topActivity=null, mHashCode=11946222}, title=MobileGL, titleDescription=MobileGL, bounds=null, isLaunchTarget=false, isStackTask=true, isSystemApp=false, isDockable=true, baseActivity=null, isLocked=false, mNeedHide=false, hasMultipleTasks=false, cti1Key=, cti2Key=, cti1Task=, cti2Task=] 
09-23 05:19:06.723  4411  4411 I WindowAnimParamsProvider: getClosingWindowAnimParams getClosingShortcutIcon task after=  [TaskKey{id=370, stackId=0, baseIntent=Intent { act=top.mobilegl.plugin.TRACE_REPLAY flg=0x10000000 cmp=top.mobilegl.plugin.p7w1.trace/top.mobilegl.plugin.trace.TraceReplayActivity }, userId=0, lastActiveTime=11601926, windowingMode=1, isThumbnailBlur=false, isAccessLocked=false, isScreening=false, topActivity=null, mHashCode=11946222}, title=MobileGL, titleDescription=MobileGL, bounds=null, isLaunchTarget=false, isStackTask=true, isSystemApp=false, isDockable=true, baseActivity=null, isLocked=false, mNeedHide=false, hasMultipleTasks=false, cti1Key=, cti2Key=, cti1Task=, cti2Task=] 
09-23 05:19:06.723  4411  4411 I WindowAnimParamsProvider: getUserIdFromRemoteTarget task before=  [TaskKey{id=370, stackId=0, baseIntent=Intent { act=top.mobilegl.plugin.TRACE_REPLAY flg=0x10000000 cmp=top.mobilegl.plugin.p7w1.trace/top.mobilegl.plugin.trace.TraceReplayActivity }, userId=0, lastActiveTime=11601926, windowingMode=1, isThumbnailBlur=false, isAccessLocked=false, isScreening=false, topActivity=null, mHashCode=11946222}, title=MobileGL, titleDescription=MobileGL, bounds=null, isLaunchTarget=false, isStackTask=true, isSystemApp=false, isDockable=true, baseActivity=null, isLocked=false, mNeedHide=false, hasMultipleTasks=false, cti1Key=, cti2Key=, cti1Task=, cti2Task=] 
09-23 05:19:06.723  4411  4411 I WindowAnimParamsProvider: getUserIdFromRemoteTarget task after=  [TaskKey{id=370, stackId=0, baseIntent=Intent { act=top.mobilegl.plugin.TRACE_REPLAY flg=0x10000000 cmp=top.mobilegl.plugin.p7w1.trace/top.mobilegl.plugin.trace.TraceReplayActivity }, userId=0, lastActiveTime=11601926, windowingMode=1, isThumbnailBlur=false, isAccessLocked=false, isScreening=false, topActivity=null, mHashCode=11946222}, title=MobileGL, titleDescription=MobileGL, bounds=null, isLaunchTarget=false, isStackTask=true, isSystemApp=false, isDockable=true, baseActivity=null, isLocked=false, mNeedHide=false, hasMultipleTasks=false, cti1Key=, cti2Key=, cti1Task=, cti2Task=] 
09-23 05:19:07.126  3176  3422 I libc    : kill: send 9 to pid -30060
09-23 05:19:07.126  3176  3422 I libc    : debug pid reuse, real pid -30060
09-23 05:19:07.141  4411  5837 D RecentsTaskLoader: reloadTasksData [TaskKey{id=370, stackId=0, baseIntent=Intent { act=top.mobilegl.plugin.TRACE_REPLAY flg=0x10000000 cmp=top.mobilegl.plugin.p7w1.trace/top.mobilegl.plugin.trace.TraceReplayActivity }, userId=0, lastActiveTime=11601926, windowingMode=1, isThumbnailBlur=false, isAccessLocked=false, isScreening=false, topActivity=null, mHashCode=11946222}, title=MobileGL, titleDescription=MobileGL, bounds=null, isLaunchTarget=false, isStackTask=true, isSystemApp=false, isDockable=true, baseActivity=null, isLocked=false, mNeedHide=false, hasMultipleTasks=false, cti1Key=, cti2Key=, cti1Task=, cti2Task=] 
09-23 05:19:07.337  4411  5837 D RecentsTaskLoader: reloadTasksData [TaskKey{id=370, stackId=0, baseIntent=Intent { act=top.mobilegl.plugin.TRACE_REPLAY flg=0x10000000 cmp=top.mobilegl.plugin.p7w1.trace/top.mobilegl.plugin.trace.TraceReplayActivity }, userId=0, lastActiveTime=11601926, windowingMode=1, isThumbnailBlur=false, isAccessLocked=false, isScreening=false, topActivity=null, mHashCode=11946222}, title=MobileGL, titleDescription=MobileGL, bounds=null, isLaunchTarget=false, isStackTask=true, isSystemApp=false, isDockable=true, baseActivity=null, isLocked=false, mNeedHide=false, hasMultipleTasks=false, cti1Key=, cti2Key=, cti1Task=, cti2Task=] 
09-23 05:19:07.358  3176  4362 W libc    : Access denied finding property "vendor.video.jpegopt.enable"
09-23 05:19:07.358  3176  4362 W libc    : Access denied finding property "vendor.video.jpegopt.enable"
09-23 05:19:09.762  7990  8728 I libc    : kill: send 15 to pid 30796
09-23 05:19:09.762  7990  8728 I libc    : debug pid reuse, real pid 30796
trace-replay-ci.sh: app trace-replay files:
/data/user/0/top.mobilegl.plugin.p7w1.trace/files/trace-replay:
total 12
drwxrwxrwx 4 u0_a318 u0_a318 3452 2026-09-23 05:18 .
drwxrwxrwx 3 u0_a318 u0_a318 3452 2026-09-23 05:18 ..
drwxrwxrwx 2 u0_a318 u0_a318 3452 2026-09-23 05:19 input
drwxrwxrwx 2 u0_a318 u0_a318 3452 2026-09-23 05:19 output

/data/user/0/top.mobilegl.plugin.p7w1.trace/files/trace-replay/input:
total 7474
drwxrwxrwx 2 u0_a318 u0_a318    3452 2026-09-23 05:19 .
drwxrwxrwx 4 u0_a318 u0_a318    3452 2026-09-23 05:18 ..
-rw-r--r-- 1 u0_a318 u0_a318  227372 2026-09-23 05:19 golden.png
-rw-r--r-- 1 u0_a318 u0_a318 7409935 2026-09-23 05:19 trace.trace

/data/user/0/top.mobilegl.plugin.p7w1.trace/files/trace-replay/output:
total 42
drwxrwxrwx 2 u0_a318 u0_a318  3452 2026-09-23 05:19 .
drwxrwxrwx 4 u0_a318 u0_a318  3452 2026-09-23 05:18 ..
-rw------- 1 u0_a318 u0_a318  6681 2026-09-23 05:19 mobilegl.client.log
-rw------- 1 u0_a318 u0_a318 22960 2026-09-23 05:19 mobilegl.server.log
-rw------- 1 u0_a318 u0_a318   107 2026-09-23 05:19 retrace.log
archived repeat 1 to .trace-work\p7w4\matrix-inproc\minecraft-1.21.4-fabric-iris-bsl-esc-menu-854-DirectVulkan\repeat-01
C:\Users\geekerwan\AndroidStudioProjects\FoldCraftLauncher\MobileGL-disagg\.trace-work\android-retrace-summary\mobilegl-android-retrace-overview.html
